﻿<?xml version="1.0" encoding="utf-8"?>
<abapGit version="v1.0.0" serializer="LCL_OBJECT_CLAS" serializer_version="v1.0.0">
 <asx:abap xmlns:asx="http://www.sap.com/abapxml" version="1.0">
  <asx:values>
   <VSEOCLASS>
    <CLSNAME>ZCL_ELEC_RECEIPT_CBI</CLSNAME>
    <VERSION>1</VERSION>
    <LANGU>1</LANGU>
    <DESCRIPT>中信国际-电子回单</DESCRIPT>
    <STATE>1</STATE>
    <CLSCCINCL>X</CLSCCINCL>
    <FIXPT>X</FIXPT>
    <UNICODE>X</UNICODE>
   </VSEOCLASS>
   <DESCRIPTIONS>
    <SEOCOMPOTX>
     <CLSNAME>ZCL_ELEC_RECEIPT_CBI</CLSNAME>
     <CMPNAME>CHECK_CURR</CMPNAME>
     <LANGU>1</LANGU>
     <DESCRIPT>检查金额</DESCRIPT>
    </SEOCOMPOTX>
    <SEOCOMPOTX>
     <CLSNAME>ZCL_ELEC_RECEIPT_CBI</CLSNAME>
     <CMPNAME>CHECK_DATE</CMPNAME>
     <LANGU>1</LANGU>
     <DESCRIPT>检查日期</DESCRIPT>
    </SEOCOMPOTX>
    <SEOCOMPOTX>
     <CLSNAME>ZCL_ELEC_RECEIPT_CBI</CLSNAME>
     <CMPNAME>CONVERT_DRCR_2_SHKZG</CMPNAME>
     <LANGU>1</LANGU>
     <DESCRIPT>转换借贷方类型</DESCRIPT>
    </SEOCOMPOTX>
    <SEOCOMPOTX>
     <CLSNAME>ZCL_ELEC_RECEIPT_CBI</CLSNAME>
     <CMPNAME>CURRENCY_TRANS</CMPNAME>
     <LANGU>1</LANGU>
     <DESCRIPT>金额转换</DESCRIPT>
    </SEOCOMPOTX>
   </DESCRIPTIONS>
  </asx:values>
 </asx:abap>
</abapGit>
