﻿<?xml version="1.0" encoding="utf-8"?>
<abapGit version="v1.0.0" serializer="LCL_OBJECT_CLAS" serializer_version="v1.0.0">
 <asx:abap xmlns:asx="http://www.sap.com/abapxml" version="1.0">
  <asx:values>
   <VSEOCLASS>
    <CLSNAME>ZCL_TR2_BANK_INTERFACE_CBI</CLSNAME>
    <VERSION>1</VERSION>
    <LANGU>1</LANGU>
    <DESCRIPT>中信国际银企直连接口类</DESCRIPT>
    <STATE>1</STATE>
    <CLSCCINCL>X</CLSCCINCL>
    <FIXPT>X</FIXPT>
    <UNICODE>X</UNICODE>
   </VSEOCLASS>
   <DESCRIPTIONS>
    <SEOCOMPOTX>
     <CLSNAME>ZCL_TR2_BANK_INTERFACE_CBI</CLSNAME>
     <CMPNAME>CHECK_STATUS</CMPNAME>
     <LANGU>1</LANGU>
     <DESCRIPT>检查交易状态</DESCRIPT>
    </SEOCOMPOTX>
    <SEOCOMPOTX>
     <CLSNAME>ZCL_TR2_BANK_INTERFACE_CBI</CLSNAME>
     <CMPNAME>CONV_REGULAR_2_CURRENT</CMPNAME>
     <LANGU>1</LANGU>
     <DESCRIPT>定期转活期经办</DESCRIPT>
    </SEOCOMPOTX>
    <SEOCOMPOTX>
     <CLSNAME>ZCL_TR2_BANK_INTERFACE_CBI</CLSNAME>
     <CMPNAME>QUERY_FIXED_DEPOSIT</CMPNAME>
     <LANGU>1</LANGU>
     <DESCRIPT>查询定期存款</DESCRIPT>
    </SEOCOMPOTX>
   </DESCRIPTIONS>
  </asx:values>
 </asx:abap>
</abapGit>
