﻿<?xml version="1.0" encoding="utf-8"?>
<abapGit version="v1.0.0" serializer="LCL_OBJECT_CLAS" serializer_version="v1.0.0">
 <asx:abap xmlns:asx="http://www.sap.com/abapxml" version="1.0">
  <asx:values>
   <VSEOCLASS>
    <CLSNAME>ZCL_TR2_GETDESC</CLSNAME>
    <VERSION>1</VERSION>
    <LANGU>1</LANGU>
    <DESCRIPT>获取描述</DESCRIPT>
    <STATE>1</STATE>
    <CLSCCINCL>X</CLSCCINCL>
    <FIXPT>X</FIXPT>
    <UNICODE>X</UNICODE>
   </VSEOCLASS>
   <DESCRIPTIONS>
    <SEOCOMPOTX>
     <CLSNAME>ZCL_TR2_GETDESC</CLSNAME>
     <CMPNAME>GET_BANKL_DESC</CMPNAME>
     <LANGU>1</LANGU>
     <DESCRIPT>获取银行代码描述</DESCRIPT>
    </SEOCOMPOTX>
    <SEOCOMPOTX>
     <CLSNAME>ZCL_TR2_GETDESC</CLSNAME>
     <CMPNAME>GET_HKONT_MITKZ</CMPNAME>
     <LANGU>1</LANGU>
     <DESCRIPT>获取科目是否统御科目</DESCRIPT>
    </SEOCOMPOTX>
    <SEOCOMPOTX>
     <CLSNAME>ZCL_TR2_GETDESC</CLSNAME>
     <CMPNAME>GET_YHZH_DESC</CMPNAME>
     <LANGU>1</LANGU>
     <DESCRIPT>根据简要键取银行账户和描述</DESCRIPT>
    </SEOCOMPOTX>
   </DESCRIPTIONS>
  </asx:values>
 </asx:abap>
</abapGit>
