﻿<?xml version="1.0" encoding="utf-8"?>
<abapGit version="v1.0.0" serializer="LCL_OBJECT_CLAS" serializer_version="v1.0.0">
 <asx:abap xmlns:asx="http://www.sap.com/abapxml" version="1.0">
  <asx:values>
   <VSEOCLASS>
    <CLSNAME>ZCL_WD_TR2_0002</CLSNAME>
    <VERSION>1</VERSION>
    <LANGU>1</LANGU>
    <DESCRIPT>辅助类 ZWDC_TR2_0002</DESCRIPT>
    <STATE>1</STATE>
    <CLSCCINCL>X</CLSCCINCL>
    <FIXPT>X</FIXPT>
    <UNICODE>X</UNICODE>
   </VSEOCLASS>
   <DESCRIPTIONS>
    <SEOCOMPOTX>
     <CLSNAME>ZCL_WD_TR2_0002</CLSNAME>
     <CMPNAME>CONVERT_DJLX_EXTERNAL</CMPNAME>
     <LANGU>1</LANGU>
     <DESCRIPT>转换单据类型到外部</DESCRIPT>
    </SEOCOMPOTX>
    <SEOCOMPOTX>
     <CLSNAME>ZCL_WD_TR2_0002</CLSNAME>
     <CMPNAME>CONVERT_DJLX_INTERNAL</CMPNAME>
     <LANGU>1</LANGU>
     <DESCRIPT>转换单据类型到内部</DESCRIPT>
    </SEOCOMPOTX>
    <SEOCOMPOTX>
     <CLSNAME>ZCL_WD_TR2_0002</CLSNAME>
     <CMPNAME>DEQUEUE_DZ_TABLE</CMPNAME>
     <LANGU>1</LANGU>
     <DESCRIPT>解锁</DESCRIPT>
    </SEOCOMPOTX>
    <SEOCOMPOTX>
     <CLSNAME>ZCL_WD_TR2_0002</CLSNAME>
     <CMPNAME>ENQUEUE_DZ_TABLE</CMPNAME>
     <LANGU>1</LANGU>
     <DESCRIPT>锁定</DESCRIPT>
    </SEOCOMPOTX>
    <SEOCOMPOTX>
     <CLSNAME>ZCL_WD_TR2_0002</CLSNAME>
     <CMPNAME>GET_1051_DATA</CMPNAME>
     <LANGU>1</LANGU>
     <DESCRIPT>获取销售合同数据</DESCRIPT>
    </SEOCOMPOTX>
    <SEOCOMPOTX>
     <CLSNAME>ZCL_WD_TR2_0002</CLSNAME>
     <CMPNAME>GV_1051_KEY</CMPNAME>
     <LANGU>1</LANGU>
     <DESCRIPT>长度 16 字段</DESCRIPT>
    </SEOCOMPOTX>
    <SEOCOMPOTX>
     <CLSNAME>ZCL_WD_TR2_0002</CLSNAME>
     <CMPNAME>GV_ATTACHMENT_TMP_GUID</CMPNAME>
     <LANGU>1</LANGU>
     <DESCRIPT>文件临时UUID</DESCRIPT>
    </SEOCOMPOTX>
    <SEOCOMPOTX>
     <CLSNAME>ZCL_WD_TR2_0002</CLSNAME>
     <CMPNAME>GV_BUKRS</CMPNAME>
     <LANGU>1</LANGU>
     <DESCRIPT>公司代码</DESCRIPT>
    </SEOCOMPOTX>
    <SEOCOMPOTX>
     <CLSNAME>ZCL_WD_TR2_0002</CLSNAME>
     <CMPNAME>GV_DOCNO</CMPNAME>
     <LANGU>1</LANGU>
     <DESCRIPT>申请单号</DESCRIPT>
    </SEOCOMPOTX>
    <SEOCOMPOTX>
     <CLSNAME>ZCL_WD_TR2_0002</CLSNAME>
     <CMPNAME>GV_LOCK_FLAG</CMPNAME>
     <LANGU>1</LANGU>
     <DESCRIPT>锁定标识</DESCRIPT>
    </SEOCOMPOTX>
   </DESCRIPTIONS>
  </asx:values>
 </asx:abap>
</abapGit>
