﻿<?xml version="1.0" encoding="utf-8"?>
<abapGit version="v1.0.0" serializer="LCL_OBJECT_CLAS" serializer_version="v1.0.0">
 <asx:abap xmlns:asx="http://www.sap.com/abapxml" version="1.0">
  <asx:values>
   <VSEOCLASS>
    <CLSNAME>ZCL_WD_TR_9300</CLSNAME>
    <VERSION>1</VERSION>
    <LANGU>1</LANGU>
    <DESCRIPT>投资合同申请</DESCRIPT>
    <STATE>1</STATE>
    <CLSCCINCL>X</CLSCCINCL>
    <FIXPT>X</FIXPT>
    <UNICODE>X</UNICODE>
    <MSG_ID>ZTR201</MSG_ID>
   </VSEOCLASS>
   <TPOOL>
    <item>
     <ID>I</ID>
     <KEY>001</KEY>
     <ENTRY>申请单类型</ENTRY>
     <LENGTH>15</LENGTH>
    </item>
    <item>
     <ID>I</ID>
     <KEY>002</KEY>
     <ENTRY>申请单状态</ENTRY>
     <LENGTH>15</LENGTH>
    </item>
    <item>
     <ID>I</ID>
     <KEY>003</KEY>
     <ENTRY>投资大类</ENTRY>
     <LENGTH>14</LENGTH>
    </item>
    <item>
     <ID>I</ID>
     <KEY>004</KEY>
     <ENTRY>投资小类</ENTRY>
     <LENGTH>14</LENGTH>
    </item>
    <item>
     <ID>I</ID>
     <KEY>005</KEY>
     <ENTRY>合作伙伴</ENTRY>
     <LENGTH>14</LENGTH>
    </item>
    <item>
     <ID>I</ID>
     <KEY>006</KEY>
     <ENTRY>证券代码</ENTRY>
     <LENGTH>14</LENGTH>
    </item>
    <item>
     <ID>I</ID>
     <KEY>007</KEY>
     <ENTRY>证券帐户</ENTRY>
     <LENGTH>14</LENGTH>
    </item>
    <item>
     <ID>I</ID>
     <KEY>008</KEY>
     <ENTRY>其他说明</ENTRY>
     <LENGTH>14</LENGTH>
    </item>
    <item>
     <ID>I</ID>
     <KEY>009</KEY>
     <ENTRY>申请单号</ENTRY>
     <LENGTH>14</LENGTH>
    </item>
    <item>
     <ID>I</ID>
     <KEY>010</KEY>
     <ENTRY>公司代码</ENTRY>
     <LENGTH>14</LENGTH>
    </item>
    <item>
     <ID>I</ID>
     <KEY>011</KEY>
     <ENTRY>申请人</ENTRY>
     <LENGTH>13</LENGTH>
    </item>
    <item>
     <ID>I</ID>
     <KEY>012</KEY>
     <ENTRY>申请日期</ENTRY>
     <LENGTH>14</LENGTH>
    </item>
    <item>
     <ID>I</ID>
     <KEY>013</KEY>
     <ENTRY>删除标识</ENTRY>
     <LENGTH>14</LENGTH>
    </item>
    <item>
     <ID>I</ID>
     <KEY>014</KEY>
     <ENTRY>投资类别</ENTRY>
     <LENGTH>14</LENGTH>
    </item>
    <item>
     <ID>I</ID>
     <KEY>015</KEY>
     <ENTRY>变更单类型</ENTRY>
     <LENGTH>15</LENGTH>
    </item>
    <item>
     <ID>I</ID>
     <KEY>016</KEY>
     <ENTRY>变更单状态</ENTRY>
     <LENGTH>15</LENGTH>
    </item>
    <item>
     <ID>I</ID>
     <KEY>017</KEY>
     <ENTRY>确认单类型</ENTRY>
     <LENGTH>15</LENGTH>
    </item>
    <item>
     <ID>I</ID>
     <KEY>018</KEY>
     <ENTRY>确认单状态</ENTRY>
     <LENGTH>15</LENGTH>
    </item>
    <item>
     <ID>I</ID>
     <KEY>019</KEY>
     <ENTRY>累计支付金额</ENTRY>
     <LENGTH>16</LENGTH>
    </item>
    <item>
     <ID>I</ID>
     <KEY>020</KEY>
     <ENTRY>确认单</ENTRY>
     <LENGTH>13</LENGTH>
    </item>
    <item>
     <ID>I</ID>
     <KEY>021</KEY>
     <ENTRY>变更单</ENTRY>
     <LENGTH>13</LENGTH>
    </item>
    <item>
     <ID>I</ID>
     <KEY>022</KEY>
     <ENTRY>申请单</ENTRY>
     <LENGTH>13</LENGTH>
    </item>
    <item>
     <ID>I</ID>
     <KEY>023</KEY>
     <ENTRY>状态</ENTRY>
     <LENGTH>12</LENGTH>
    </item>
    <item>
     <ID>I</ID>
     <KEY>024</KEY>
     <ENTRY>是否最后一次支付</ENTRY>
     <LENGTH>18</LENGTH>
    </item>
    <item>
     <ID>I</ID>
     <KEY>F01</KEY>
     <ENTRY>期初-企业已付银行未付</ENTRY>
     <LENGTH>21</LENGTH>
    </item>
    <item>
     <ID>I</ID>
     <KEY>M01</KEY>
     <ENTRY>请先维护配置表ZTRT9304</ENTRY>
     <LENGTH>25</LENGTH>
    </item>
    <item>
     <ID>I</ID>
     <KEY>P01</KEY>
     <ENTRY>投资合同申请单</ENTRY>
     <LENGTH>17</LENGTH>
    </item>
   </TPOOL>
   <DESCRIPTIONS>
    <SEOCOMPOTX>
     <CLSNAME>ZCL_WD_TR_9300</CLSNAME>
     <CMPNAME>CHECK_RFHA_ACTIVE</CMPNAME>
     <LANGU>1</LANGU>
     <DESCRIPT>检查投资合同是否存在</DESCRIPT>
    </SEOCOMPOTX>
    <SEOCOMPOTX>
     <CLSNAME>ZCL_WD_TR_9300</CLSNAME>
     <CMPNAME>CHECK_ZFD_EXIST</CMPNAME>
     <LANGU>1</LANGU>
     <DESCRIPT>校验支付单是否存在</DESCRIPT>
    </SEOCOMPOTX>
    <SEOCOMPOTX>
     <CLSNAME>ZCL_WD_TR_9300</CLSNAME>
     <CMPNAME>CONSTRUCTOR</CMPNAME>
     <LANGU>1</LANGU>
     <DESCRIPT>CONSTRUCTOR</DESCRIPT>
    </SEOCOMPOTX>
    <SEOCOMPOTX>
     <CLSNAME>ZCL_WD_TR_9300</CLSNAME>
     <CMPNAME>DEQUEUE_BG_TABLE</CMPNAME>
     <LANGU>1</LANGU>
     <DESCRIPT>解锁变更</DESCRIPT>
    </SEOCOMPOTX>
    <SEOCOMPOTX>
     <CLSNAME>ZCL_WD_TR_9300</CLSNAME>
     <CMPNAME>DEQUEUE_QR_TABLE</CMPNAME>
     <LANGU>1</LANGU>
     <DESCRIPT>解锁确认</DESCRIPT>
    </SEOCOMPOTX>
    <SEOCOMPOTX>
     <CLSNAME>ZCL_WD_TR_9300</CLSNAME>
     <CMPNAME>DEQUEUE_SQ_TABLE</CMPNAME>
     <LANGU>1</LANGU>
     <DESCRIPT>解锁申请表</DESCRIPT>
    </SEOCOMPOTX>
    <SEOCOMPOTX>
     <CLSNAME>ZCL_WD_TR_9300</CLSNAME>
     <CMPNAME>ENQUEUE_BG_TABLE</CMPNAME>
     <LANGU>1</LANGU>
     <DESCRIPT>锁变更表</DESCRIPT>
    </SEOCOMPOTX>
    <SEOCOMPOTX>
     <CLSNAME>ZCL_WD_TR_9300</CLSNAME>
     <CMPNAME>ENQUEUE_QR_TABLE</CMPNAME>
     <LANGU>1</LANGU>
     <DESCRIPT>锁确认表</DESCRIPT>
    </SEOCOMPOTX>
    <SEOCOMPOTX>
     <CLSNAME>ZCL_WD_TR_9300</CLSNAME>
     <CMPNAME>ENQUEUE_SQ_TABLE</CMPNAME>
     <LANGU>1</LANGU>
     <DESCRIPT>锁申请表</DESCRIPT>
    </SEOCOMPOTX>
    <SEOCOMPOTX>
     <CLSNAME>ZCL_WD_TR_9300</CLSNAME>
     <CMPNAME>EXCHANGE_RATE</CMPNAME>
     <LANGU>1</LANGU>
     <DESCRIPT>汇率转换</DESCRIPT>
    </SEOCOMPOTX>
    <SEOCOMPOTX>
     <CLSNAME>ZCL_WD_TR_9300</CLSNAME>
     <CMPNAME>GET_BANK_CKLL</CMPNAME>
     <LANGU>1</LANGU>
     <DESCRIPT>获取银行存款利率</DESCRIPT>
    </SEOCOMPOTX>
    <SEOCOMPOTX>
     <CLSNAME>ZCL_WD_TR_9300</CLSNAME>
     <CMPNAME>GET_DKYE</CMPNAME>
     <LANGU>1</LANGU>
     <DESCRIPT>获取贷款余额</DESCRIPT>
    </SEOCOMPOTX>
    <SEOCOMPOTX>
     <CLSNAME>ZCL_WD_TR_9300</CLSNAME>
     <CMPNAME>GET_PKOND</CMPNAME>
     <LANGU>1</LANGU>
     <DESCRIPT>获取利率</DESCRIPT>
    </SEOCOMPOTX>
    <SEOCOMPOTX>
     <CLSNAME>ZCL_WD_TR_9300</CLSNAME>
     <CMPNAME>GET_SINGLE_ZFD</CMPNAME>
     <LANGU>1</LANGU>
     <DESCRIPT>校验支付单是否存在</DESCRIPT>
    </SEOCOMPOTX>
    <SEOCOMPOTX>
     <CLSNAME>ZCL_WD_TR_9300</CLSNAME>
     <CMPNAME>GET_SPLC</CMPNAME>
     <LANGU>1</LANGU>
     <DESCRIPT>设置审批流程</DESCRIPT>
    </SEOCOMPOTX>
    <SEOCOMPOTX>
     <CLSNAME>ZCL_WD_TR_9300</CLSNAME>
     <CMPNAME>GS_ZJHT</CMPNAME>
     <LANGU>1</LANGU>
     <DESCRIPT>追加合同</DESCRIPT>
    </SEOCOMPOTX>
    <SEOCOMPOTX>
     <CLSNAME>ZCL_WD_TR_9300</CLSNAME>
     <CMPNAME>GV_APP_TYPE</CMPNAME>
     <LANGU>1</LANGU>
     <DESCRIPT>application的类型</DESCRIPT>
    </SEOCOMPOTX>
    <SEOCOMPOTX>
     <CLSNAME>ZCL_WD_TR_9300</CLSNAME>
     <CMPNAME>GV_ATTACHMENT_TMP_GUID</CMPNAME>
     <LANGU>1</LANGU>
     <DESCRIPT>附件临时GUID</DESCRIPT>
    </SEOCOMPOTX>
    <SEOCOMPOTX>
     <CLSNAME>ZCL_WD_TR_9300</CLSNAME>
     <CMPNAME>GV_BGDOCNO</CMPNAME>
     <LANGU>1</LANGU>
     <DESCRIPT>变更单号</DESCRIPT>
    </SEOCOMPOTX>
    <SEOCOMPOTX>
     <CLSNAME>ZCL_WD_TR_9300</CLSNAME>
     <CMPNAME>GV_CSSQD</CMPNAME>
     <LANGU>1</LANGU>
     <DESCRIPT>初始申请单号</DESCRIPT>
    </SEOCOMPOTX>
    <SEOCOMPOTX>
     <CLSNAME>ZCL_WD_TR_9300</CLSNAME>
     <CMPNAME>GV_LOCK_FLAG</CMPNAME>
     <LANGU>1</LANGU>
     <DESCRIPT>是否锁定</DESCRIPT>
    </SEOCOMPOTX>
    <SEOCOMPOTX>
     <CLSNAME>ZCL_WD_TR_9300</CLSNAME>
     <CMPNAME>GV_QRDOCNO</CMPNAME>
     <LANGU>1</LANGU>
     <DESCRIPT>确认单号</DESCRIPT>
    </SEOCOMPOTX>
    <SEOCOMPOTX>
     <CLSNAME>ZCL_WD_TR_9300</CLSNAME>
     <CMPNAME>GV_RANL</CMPNAME>
     <LANGU>1</LANGU>
     <DESCRIPT>贷款合同号</DESCRIPT>
    </SEOCOMPOTX>
    <SEOCOMPOTX>
     <CLSNAME>ZCL_WD_TR_9300</CLSNAME>
     <CMPNAME>GV_SQDATE</CMPNAME>
     <LANGU>1</LANGU>
     <DESCRIPT>申请日期</DESCRIPT>
    </SEOCOMPOTX>
    <SEOCOMPOTX>
     <CLSNAME>ZCL_WD_TR_9300</CLSNAME>
     <CMPNAME>GV_SQDOCNO</CMPNAME>
     <LANGU>1</LANGU>
     <DESCRIPT>申请单号</DESCRIPT>
    </SEOCOMPOTX>
    <SEOCOMPOTX>
     <CLSNAME>ZCL_WD_TR_9300</CLSNAME>
     <CMPNAME>GV_ZFD_WRBTR</CMPNAME>
     <LANGU>1</LANGU>
     <DESCRIPT>支付单总金额</DESCRIPT>
    </SEOCOMPOTX>
    <SEOCOMPOTX>
     <CLSNAME>ZCL_WD_TR_9300</CLSNAME>
     <CMPNAME>PROCESS_CKYE</CMPNAME>
     <LANGU>1</LANGU>
     <DESCRIPT>计算存款余额</DESCRIPT>
    </SEOCOMPOTX>
    <SEOCOMPOTX>
     <CLSNAME>ZCL_WD_TR_9300</CLSNAME>
     <CMPNAME>PROCESS_YYSX</CMPNAME>
     <LANGU>1</LANGU>
     <DESCRIPT>计算已用授信</DESCRIPT>
    </SEOCOMPOTX>
    <SEOCOMPOTX>
     <CLSNAME>ZCL_WD_TR_9300</CLSNAME>
     <CMPNAME>ROUDING_DECIMALS</CMPNAME>
     <LANGU>1</LANGU>
     <DESCRIPT>保留四位小数</DESCRIPT>
    </SEOCOMPOTX>
   </DESCRIPTIONS>
  </asx:values>
 </asx:abap>
</abapGit>
