﻿<?xml version="1.0" encoding="utf-8"?>
<abapGit version="v1.0.0" serializer="LCL_OBJECT_CLAS" serializer_version="v1.0.0">
 <asx:abap xmlns:asx="http://www.sap.com/abapxml" version="1.0">
  <asx:values>
   <VSEOCLASS>
    <CLSNAME>ZCL_CBI_DLCBITRN_ENHANCEMENT</CLSNAME>
    <VERSION>1</VERSION>
    <LANGU>1</LANGU>
    <DESCRIPT>中信国际增强</DESCRIPT>
    <STATE>1</STATE>
    <CLSCCINCL>X</CLSCCINCL>
    <FIXPT>X</FIXPT>
    <UNICODE>X</UNICODE>
   </VSEOCLASS>
   <DESCRIPTIONS>
    <SEOCOMPOTX>
     <CLSNAME>ZCL_CBI_DLCBITRN_ENHANCEMENT</CLSNAME>
     <CMPNAME>CONSTRUCTOR</CMPNAME>
     <LANGU>1</LANGU>
     <DESCRIPT>CONSTRUCTOR</DESCRIPT>
    </SEOCOMPOTX>
    <SEOCOMPOTX>
     <CLSNAME>ZCL_CBI_DLCBITRN_ENHANCEMENT</CLSNAME>
     <CMPNAME>CONVERT_WAERS</CMPNAME>
     <LANGU>1</LANGU>
     <DESCRIPT>转换货币</DESCRIPT>
    </SEOCOMPOTX>
    <SEOCOMPOTX>
     <CLSNAME>ZCL_CBI_DLCBITRN_ENHANCEMENT</CLSNAME>
     <CMPNAME>CONVERT_WAERS_INTERNAL</CMPNAME>
     <LANGU>1</LANGU>
     <DESCRIPT>转换货币</DESCRIPT>
    </SEOCOMPOTX>
    <SEOCOMPOTX>
     <CLSNAME>ZCL_CBI_DLCBITRN_ENHANCEMENT</CLSNAME>
     <CMPNAME>GET_ZFD</CMPNAME>
     <LANGU>1</LANGU>
     <DESCRIPT>获取支付单数据</DESCRIPT>
    </SEOCOMPOTX>
    <SEOCOMPOTX>
     <CLSNAME>ZCL_CBI_DLCBITRN_ENHANCEMENT</CLSNAME>
     <CMPNAME>GS_2001</CMPNAME>
     <LANGU>1</LANGU>
     <DESCRIPT>支付单申请-抬头信息</DESCRIPT>
    </SEOCOMPOTX>
    <SEOCOMPOTX>
     <CLSNAME>ZCL_CBI_DLCBITRN_ENHANCEMENT</CLSNAME>
     <CMPNAME>GS_2002</CMPNAME>
     <LANGU>1</LANGU>
     <DESCRIPT>支付单信息-收款银行信息</DESCRIPT>
    </SEOCOMPOTX>
    <SEOCOMPOTX>
     <CLSNAME>ZCL_CBI_DLCBITRN_ENHANCEMENT</CLSNAME>
     <CMPNAME>GS_2003</CMPNAME>
     <LANGU>1</LANGU>
     <DESCRIPT>支付单-付款银行信息</DESCRIPT>
    </SEOCOMPOTX>
    <SEOCOMPOTX>
     <CLSNAME>ZCL_CBI_DLCBITRN_ENHANCEMENT</CLSNAME>
     <CMPNAME>GS_2010</CMPNAME>
     <LANGU>1</LANGU>
     <DESCRIPT>支付单-海外支付补充信息表</DESCRIPT>
    </SEOCOMPOTX>
    <SEOCOMPOTX>
     <CLSNAME>ZCL_CBI_DLCBITRN_ENHANCEMENT</CLSNAME>
     <CMPNAME>GV_DOCNO</CMPNAME>
     <LANGU>1</LANGU>
     <DESCRIPT>支付单号</DESCRIPT>
    </SEOCOMPOTX>
    <SEOCOMPOTX>
     <CLSNAME>ZCL_CBI_DLCBITRN_ENHANCEMENT</CLSNAME>
     <CMPNAME>SET_BDATE</CMPNAME>
     <LANGU>1</LANGU>
     <DESCRIPT>起始日期</DESCRIPT>
    </SEOCOMPOTX>
    <SEOCOMPOTX>
     <CLSNAME>ZCL_CBI_DLCBITRN_ENHANCEMENT</CLSNAME>
     <CMPNAME>SET_DQZH</CMPNAME>
     <LANGU>1</LANGU>
     <DESCRIPT>定期账号</DESCRIPT>
    </SEOCOMPOTX>
    <SEOCOMPOTX>
     <CLSNAME>ZCL_CBI_DLCBITRN_ENHANCEMENT</CLSNAME>
     <CMPNAME>SET_EDATE</CMPNAME>
     <LANGU>1</LANGU>
     <DESCRIPT>结束日期</DESCRIPT>
    </SEOCOMPOTX>
    <SEOCOMPOTX>
     <CLSNAME>ZCL_CBI_DLCBITRN_ENHANCEMENT</CLSNAME>
     <CMPNAME>SET_FK_WAERS</CMPNAME>
     <LANGU>1</LANGU>
     <DESCRIPT>获取付款账号币种</DESCRIPT>
    </SEOCOMPOTX>
    <SEOCOMPOTX>
     <CLSNAME>ZCL_CBI_DLCBITRN_ENHANCEMENT</CLSNAME>
     <CMPNAME>SET_FY</CMPNAME>
     <LANGU>1</LANGU>
     <DESCRIPT>附言</DESCRIPT>
    </SEOCOMPOTX>
    <SEOCOMPOTX>
     <CLSNAME>ZCL_CBI_DLCBITRN_ENHANCEMENT</CLSNAME>
     <CMPNAME>SET_FYKCFS</CMPNAME>
     <LANGU>1</LANGU>
     <DESCRIPT>费用扣除方式</DESCRIPT>
    </SEOCOMPOTX>
    <SEOCOMPOTX>
     <CLSNAME>ZCL_CBI_DLCBITRN_ENHANCEMENT</CLSNAME>
     <CMPNAME>SET_JQRQ</CMPNAME>
     <LANGU>1</LANGU>
     <DESCRIPT>结清日期</DESCRIPT>
    </SEOCOMPOTX>
    <SEOCOMPOTX>
     <CLSNAME>ZCL_CBI_DLCBITRN_ENHANCEMENT</CLSNAME>
     <CMPNAME>SET_JYFS</CMPNAME>
     <LANGU>1</LANGU>
     <DESCRIPT>获取交易方式</DESCRIPT>
    </SEOCOMPOTX>
    <SEOCOMPOTX>
     <CLSNAME>ZCL_CBI_DLCBITRN_ENHANCEMENT</CLSNAME>
     <CMPNAME>SET_JY_WAERS</CMPNAME>
     <LANGU>1</LANGU>
     <DESCRIPT>交易币种</DESCRIPT>
    </SEOCOMPOTX>
    <SEOCOMPOTX>
     <CLSNAME>ZCL_CBI_DLCBITRN_ENHANCEMENT</CLSNAME>
     <CMPNAME>SET_JZFS</CMPNAME>
     <LANGU>1</LANGU>
     <DESCRIPT>结转方式</DESCRIPT>
    </SEOCOMPOTX>
    <SEOCOMPOTX>
     <CLSNAME>ZCL_CBI_DLCBITRN_ENHANCEMENT</CLSNAME>
     <CMPNAME>SET_PREFLG</CMPNAME>
     <LANGU>1</LANGU>
     <DESCRIPT>设置预支付方式</DESCRIPT>
    </SEOCOMPOTX>
    <SEOCOMPOTX>
     <CLSNAME>ZCL_CBI_DLCBITRN_ENHANCEMENT</CLSNAME>
     <CMPNAME>SET_RATE</CMPNAME>
     <LANGU>1</LANGU>
     <DESCRIPT>利率</DESCRIPT>
    </SEOCOMPOTX>
    <SEOCOMPOTX>
     <CLSNAME>ZCL_CBI_DLCBITRN_ENHANCEMENT</CLSNAME>
     <CMPNAME>SET_RBANKADD</CMPNAME>
     <LANGU>1</LANGU>
     <DESCRIPT>收款银行地址</DESCRIPT>
    </SEOCOMPOTX>
    <SEOCOMPOTX>
     <CLSNAME>ZCL_CBI_DLCBITRN_ENHANCEMENT</CLSNAME>
     <CMPNAME>SET_REMARK</CMPNAME>
     <LANGU>1</LANGU>
     <DESCRIPT>客户附言</DESCRIPT>
    </SEOCOMPOTX>
    <SEOCOMPOTX>
     <CLSNAME>ZCL_CBI_DLCBITRN_ENHANCEMENT</CLSNAME>
     <CMPNAME>SET_SKYHDH</CMPNAME>
     <LANGU>1</LANGU>
     <DESCRIPT>收款银行代号</DESCRIPT>
    </SEOCOMPOTX>
    <SEOCOMPOTX>
     <CLSNAME>ZCL_CBI_DLCBITRN_ENHANCEMENT</CLSNAME>
     <CMPNAME>SET_SKZHHH</CMPNAME>
     <LANGU>1</LANGU>
     <DESCRIPT>收款账号行号</DESCRIPT>
    </SEOCOMPOTX>
    <SEOCOMPOTX>
     <CLSNAME>ZCL_CBI_DLCBITRN_ENHANCEMENT</CLSNAME>
     <CMPNAME>SET_SK_ADDRESS</CMPNAME>
     <LANGU>1</LANGU>
     <DESCRIPT>设置收款人地址</DESCRIPT>
    </SEOCOMPOTX>
    <SEOCOMPOTX>
     <CLSNAME>ZCL_CBI_DLCBITRN_ENHANCEMENT</CLSNAME>
     <CMPNAME>SET_SK_BANKA</CMPNAME>
     <LANGU>1</LANGU>
     <DESCRIPT>收款银行名称</DESCRIPT>
    </SEOCOMPOTX>
    <SEOCOMPOTX>
     <CLSNAME>ZCL_CBI_DLCBITRN_ENHANCEMENT</CLSNAME>
     <CMPNAME>SET_SK_BANKL</CMPNAME>
     <LANGU>1</LANGU>
     <DESCRIPT>收款银行分支行代号</DESCRIPT>
    </SEOCOMPOTX>
    <SEOCOMPOTX>
     <CLSNAME>ZCL_CBI_DLCBITRN_ENHANCEMENT</CLSNAME>
     <CMPNAME>SET_SK_BANKS</CMPNAME>
     <LANGU>1</LANGU>
     <DESCRIPT>收款银行国家代号</DESCRIPT>
    </SEOCOMPOTX>
    <SEOCOMPOTX>
     <CLSNAME>ZCL_CBI_DLCBITRN_ENHANCEMENT</CLSNAME>
     <CMPNAME>SET_SK_COUNTRY</CMPNAME>
     <LANGU>1</LANGU>
     <DESCRIPT>收款人国家代号设置</DESCRIPT>
    </SEOCOMPOTX>
    <SEOCOMPOTX>
     <CLSNAME>ZCL_CBI_DLCBITRN_ENHANCEMENT</CLSNAME>
     <CMPNAME>SET_SK_WAERS</CMPNAME>
     <LANGU>1</LANGU>
     <DESCRIPT>获取收款银行币种</DESCRIPT>
    </SEOCOMPOTX>
    <SEOCOMPOTX>
     <CLSNAME>ZCL_CBI_DLCBITRN_ENHANCEMENT</CLSNAME>
     <CMPNAME>SET_USENO</CMPNAME>
     <LANGU>1</LANGU>
     <DESCRIPT>设置支付用途</DESCRIPT>
    </SEOCOMPOTX>
    <SEOCOMPOTX>
     <CLSNAME>ZCL_CBI_DLCBITRN_ENHANCEMENT</CLSNAME>
     <CMPNAME>SET_YQZFRQ</CMPNAME>
     <LANGU>1</LANGU>
     <DESCRIPT>延期支付日期</DESCRIPT>
    </SEOCOMPOTX>
    <SEOCOMPOTX>
     <CLSNAME>ZCL_CBI_DLCBITRN_ENHANCEMENT</CLSNAME>
     <CMPNAME>SET_YQZFSJ</CMPNAME>
     <LANGU>1</LANGU>
     <DESCRIPT>延期支付时间</DESCRIPT>
    </SEOCOMPOTX>
    <SEOCOMPOTX>
     <CLSNAME>ZCL_CBI_DLCBITRN_ENHANCEMENT</CLSNAME>
     <CMPNAME>SET_ZJYHDH</CMPNAME>
     <LANGU>1</LANGU>
     <DESCRIPT>中介银行代号</DESCRIPT>
    </SEOCOMPOTX>
    <SEOCOMPOTX>
     <CLSNAME>ZCL_CBI_DLCBITRN_ENHANCEMENT</CLSNAME>
     <CMPNAME>SET_ZJYHMC</CMPNAME>
     <LANGU>1</LANGU>
     <DESCRIPT>中介银行名称</DESCRIPT>
    </SEOCOMPOTX>
    <SEOCOMPOTX>
     <CLSNAME>ZCL_CBI_DLCBITRN_ENHANCEMENT</CLSNAME>
     <CMPNAME>SET_ZQFS</CMPNAME>
     <LANGU>1</LANGU>
     <DESCRIPT>支取方式</DESCRIPT>
    </SEOCOMPOTX>
   </DESCRIPTIONS>
  </asx:values>
 </asx:abap>
</abapGit>
