﻿<?xml version="1.0" encoding="utf-8"?>
<abapGit version="v1.0.0" serializer="LCL_OBJECT_CLAS" serializer_version="v1.0.0">
 <asx:abap xmlns:asx="http://www.sap.com/abapxml" version="1.0">
  <asx:values>
   <VSEOCLASS>
    <CLSNAME>ZCL_ABSTRACT_ELEC_RECEIPT</CLSNAME>
    <VERSION>1</VERSION>
    <LANGU>1</LANGU>
    <DESCRIPT>电子回单抽象类</DESCRIPT>
    <STATE>1</STATE>
    <CLSCCINCL>X</CLSCCINCL>
    <FIXPT>X</FIXPT>
    <UNICODE>X</UNICODE>
   </VSEOCLASS>
   <DESCRIPTIONS>
    <SEOCOMPOTX>
     <CLSNAME>ZCL_ABSTRACT_ELEC_RECEIPT</CLSNAME>
     <CMPNAME>ADD_MESSAGE</CMPNAME>
     <LANGU>1</LANGU>
     <DESCRIPT>添加消息</DESCRIPT>
    </SEOCOMPOTX>
    <SEOCOMPOTX>
     <CLSNAME>ZCL_ABSTRACT_ELEC_RECEIPT</CLSNAME>
     <CMPNAME>ADJUST_ZTRT9506_FIELD</CMPNAME>
     <LANGU>1</LANGU>
     <DESCRIPT>调整ztrt9506的数据</DESCRIPT>
    </SEOCOMPOTX>
    <SEOCOMPOTX>
     <CLSNAME>ZCL_ABSTRACT_ELEC_RECEIPT</CLSNAME>
     <CMPNAME>CONSTRUCTOR</CMPNAME>
     <LANGU>1</LANGU>
     <DESCRIPT>CONSTRUCTOR</DESCRIPT>
    </SEOCOMPOTX>
    <SEOCOMPOTX>
     <CLSNAME>ZCL_ABSTRACT_ELEC_RECEIPT</CLSNAME>
     <CMPNAME>GS_OUT</CMPNAME>
     <LANGU>1</LANGU>
     <DESCRIPT>电子回单上载结果结构</DESCRIPT>
    </SEOCOMPOTX>
    <SEOCOMPOTX>
     <CLSNAME>ZCL_ABSTRACT_ELEC_RECEIPT</CLSNAME>
     <CMPNAME>GT_OUT</CMPNAME>
     <LANGU>1</LANGU>
     <DESCRIPT>电子回单上载结果</DESCRIPT>
    </SEOCOMPOTX>
    <SEOCOMPOTX>
     <CLSNAME>ZCL_ABSTRACT_ELEC_RECEIPT</CLSNAME>
     <CMPNAME>GV_BANKN</CMPNAME>
     <LANGU>1</LANGU>
     <DESCRIPT>银行账号</DESCRIPT>
    </SEOCOMPOTX>
    <SEOCOMPOTX>
     <CLSNAME>ZCL_ABSTRACT_ELEC_RECEIPT</CLSNAME>
     <CMPNAME>GV_BANK_IND</CMPNAME>
     <LANGU>1</LANGU>
     <DESCRIPT>银行行别</DESCRIPT>
    </SEOCOMPOTX>
    <SEOCOMPOTX>
     <CLSNAME>ZCL_ABSTRACT_ELEC_RECEIPT</CLSNAME>
     <CMPNAME>GV_BUKRS</CMPNAME>
     <LANGU>1</LANGU>
     <DESCRIPT>公司代码</DESCRIPT>
    </SEOCOMPOTX>
    <SEOCOMPOTX>
     <CLSNAME>ZCL_ABSTRACT_ELEC_RECEIPT</CLSNAME>
     <CMPNAME>GV_SOURCE</CMPNAME>
     <LANGU>1</LANGU>
     <DESCRIPT>文件来源</DESCRIPT>
    </SEOCOMPOTX>
    <SEOCOMPOTX>
     <CLSNAME>ZCL_ABSTRACT_ELEC_RECEIPT</CLSNAME>
     <CMPNAME>GV_UPLOAD_TYPE</CMPNAME>
     <LANGU>1</LANGU>
     <DESCRIPT>电子回单文件类型</DESCRIPT>
    </SEOCOMPOTX>
    <SEOCOMPOTX>
     <CLSNAME>ZCL_ABSTRACT_ELEC_RECEIPT</CLSNAME>
     <CMPNAME>IF_ERROR</CMPNAME>
     <LANGU>1</LANGU>
     <DESCRIPT>是否存在错误</DESCRIPT>
    </SEOCOMPOTX>
    <SEOCOMPOTX>
     <CLSNAME>ZCL_ABSTRACT_ELEC_RECEIPT</CLSNAME>
     <CMPNAME>INIT_OUT_DATA</CMPNAME>
     <LANGU>1</LANGU>
     <DESCRIPT>初始化gs_out的数据</DESCRIPT>
    </SEOCOMPOTX>
    <SEOCOMPOTX>
     <CLSNAME>ZCL_ABSTRACT_ELEC_RECEIPT</CLSNAME>
     <CMPNAME>Z_LOG_DATA</CMPNAME>
     <LANGU>1</LANGU>
     <DESCRIPT>记录数据</DESCRIPT>
    </SEOCOMPOTX>
   </DESCRIPTIONS>
  </asx:values>
 </asx:abap>
</abapGit>
