﻿<?xml version="1.0" encoding="utf-8"?>
<abapGit version="v1.0.0" serializer="LCL_OBJECT_CLAS" serializer_version="v1.0.0">
 <asx:abap xmlns:asx="http://www.sap.com/abapxml" version="1.0">
  <asx:values>
   <VSEOCLASS>
    <CLSNAME>ZCL_TR2_BANK_INTERFACE</CLSNAME>
    <VERSION>1</VERSION>
    <LANGU>1</LANGU>
    <DESCRIPT>TR2项目银企直联接口类</DESCRIPT>
    <STATE>1</STATE>
    <CLSCCINCL>X</CLSCCINCL>
    <FIXPT>X</FIXPT>
    <UNICODE>X</UNICODE>
   </VSEOCLASS>
   <DESCRIPTIONS>
    <SEOCOMPOTX>
     <CLSNAME>ZCL_TR2_BANK_INTERFACE</CLSNAME>
     <CMPNAME>EXECUTE_INTERFACE</CMPNAME>
     <LANGU>1</LANGU>
     <DESCRIPT>执行接口(弃用)</DESCRIPT>
    </SEOCOMPOTX>
    <SEOCOMPOTX>
     <CLSNAME>ZCL_TR2_BANK_INTERFACE</CLSNAME>
     <CMPNAME>PJZL_BSCH</CMPNAME>
     <LANGU>1</LANGU>
     <DESCRIPT>票据直连-背书撤回</DESCRIPT>
    </SEOCOMPOTX>
    <SEOCOMPOTX>
     <CLSNAME>ZCL_TR2_BANK_INTERFACE</CLSNAME>
     <CMPNAME>PJZL_BSSQ</CMPNAME>
     <LANGU>1</LANGU>
     <DESCRIPT>票据直连-背书申请</DESCRIPT>
    </SEOCOMPOTX>
    <SEOCOMPOTX>
     <CLSNAME>ZCL_TR2_BANK_INTERFACE</CLSNAME>
     <CMPNAME>PJZL_CDQR</CMPNAME>
     <LANGU>1</LANGU>
     <DESCRIPT>票据直连-承兑确认</DESCRIPT>
    </SEOCOMPOTX>
    <SEOCOMPOTX>
     <CLSNAME>ZCL_TR2_BANK_INTERFACE</CLSNAME>
     <CMPNAME>PJZL_CDXY</CMPNAME>
     <LANGU>1</LANGU>
     <DESCRIPT>票据直连-承兑协议</DESCRIPT>
    </SEOCOMPOTX>
    <SEOCOMPOTX>
     <CLSNAME>ZCL_TR2_BANK_INTERFACE</CLSNAME>
     <CMPNAME>PJZL_CPSQ</CMPNAME>
     <LANGU>1</LANGU>
     <DESCRIPT>票据直连-出票申请</DESCRIPT>
    </SEOCOMPOTX>
    <SEOCOMPOTX>
     <CLSNAME>ZCL_TR2_BANK_INTERFACE</CLSNAME>
     <CMPNAME>PJZL_CPSQ1</CMPNAME>
     <LANGU>1</LANGU>
     <DESCRIPT>票据直连-出票申请-支付异常</DESCRIPT>
    </SEOCOMPOTX>
    <SEOCOMPOTX>
     <CLSNAME>ZCL_TR2_BANK_INTERFACE</CLSNAME>
     <CMPNAME>PJZL_DBCX</CMPNAME>
     <LANGU>1</LANGU>
     <DESCRIPT>票据直连-单笔查询</DESCRIPT>
    </SEOCOMPOTX>
    <SEOCOMPOTX>
     <CLSNAME>ZCL_TR2_BANK_INTERFACE</CLSNAME>
     <CMPNAME>PJZL_DBLBCX</CMPNAME>
     <LANGU>1</LANGU>
     <DESCRIPT>票据直连-多笔列表查询</DESCRIPT>
    </SEOCOMPOTX>
    <SEOCOMPOTX>
     <CLSNAME>ZCL_TR2_BANK_INTERFACE</CLSNAME>
     <CMPNAME>PJZL_DBLBCX_TX</CMPNAME>
     <LANGU>1</LANGU>
     <DESCRIPT>票据直连-多笔列表查询-贴现利率</DESCRIPT>
    </SEOCOMPOTX>
    <SEOCOMPOTX>
     <CLSNAME>ZCL_TR2_BANK_INTERFACE</CLSNAME>
     <CMPNAME>PJZL_DBYD</CMPNAME>
     <LANGU>1</LANGU>
     <DESCRIPT>票据直连-单笔应答</DESCRIPT>
    </SEOCOMPOTX>
    <SEOCOMPOTX>
     <CLSNAME>ZCL_TR2_BANK_INTERFACE</CLSNAME>
     <CMPNAME>PJZL_DQHQ</CMPNAME>
     <LANGU>1</LANGU>
     <DESCRIPT>票据直连-待签收票据获取</DESCRIPT>
    </SEOCOMPOTX>
    <SEOCOMPOTX>
     <CLSNAME>ZCL_TR2_BANK_INTERFACE</CLSNAME>
     <CMPNAME>PJZL_DQQS</CMPNAME>
     <LANGU>1</LANGU>
     <DESCRIPT>票据直连-票据签收</DESCRIPT>
    </SEOCOMPOTX>
    <SEOCOMPOTX>
     <CLSNAME>ZCL_TR2_BANK_INTERFACE</CLSNAME>
     <CMPNAME>PJZL_JBXXCX</CMPNAME>
     <LANGU>1</LANGU>
     <DESCRIPT>票据直联-基本信息查询ICBC</DESCRIPT>
    </SEOCOMPOTX>
    <SEOCOMPOTX>
     <CLSNAME>ZCL_TR2_BANK_INTERFACE</CLSNAME>
     <CMPNAME>PJZL_JDCX</CMPNAME>
     <LANGU>1</LANGU>
     <DESCRIPT>票据直连-进度查询</DESCRIPT>
    </SEOCOMPOTX>
    <SEOCOMPOTX>
     <CLSNAME>ZCL_TR2_BANK_INTERFACE</CLSNAME>
     <CMPNAME>PJZL_JDCX_TX</CMPNAME>
     <LANGU>1</LANGU>
     <DESCRIPT>票据直连-进度查询-贴现</DESCRIPT>
    </SEOCOMPOTX>
    <SEOCOMPOTX>
     <CLSNAME>ZCL_TR2_BANK_INTERFACE</CLSNAME>
     <CMPNAME>PJZL_SQCX1</CMPNAME>
     <LANGU>1</LANGU>
     <DESCRIPT>票据直连-申请操作记录查询-单笔明细查询</DESCRIPT>
    </SEOCOMPOTX>
    <SEOCOMPOTX>
     <CLSNAME>ZCL_TR2_BANK_INTERFACE</CLSNAME>
     <CMPNAME>PJZL_TSFK</CMPNAME>
     <LANGU>1</LANGU>
     <DESCRIPT>票据直连-提示付款</DESCRIPT>
    </SEOCOMPOTX>
    <SEOCOMPOTX>
     <CLSNAME>ZCL_TR2_BANK_INTERFACE</CLSNAME>
     <CMPNAME>PJZL_TXQR</CMPNAME>
     <LANGU>1</LANGU>
     <DESCRIPT>票据直连-贴现确认</DESCRIPT>
    </SEOCOMPOTX>
    <SEOCOMPOTX>
     <CLSNAME>ZCL_TR2_BANK_INTERFACE</CLSNAME>
     <CMPNAME>PJZL_YDCX1</CMPNAME>
     <LANGU>1</LANGU>
     <DESCRIPT>票据直连-签收应答查询</DESCRIPT>
    </SEOCOMPOTX>
    <SEOCOMPOTX>
     <CLSNAME>ZCL_TR2_BANK_INTERFACE</CLSNAME>
     <CMPNAME>PJZL_YDJGCX1</CMPNAME>
     <LANGU>1</LANGU>
     <DESCRIPT>票据直连-签收结果应答查询</DESCRIPT>
    </SEOCOMPOTX>
    <SEOCOMPOTX>
     <CLSNAME>ZCL_TR2_BANK_INTERFACE</CLSNAME>
     <CMPNAME>PJZL_ZY</CMPNAME>
     <LANGU>1</LANGU>
     <DESCRIPT>票据直连-质押</DESCRIPT>
    </SEOCOMPOTX>
    <SEOCOMPOTX>
     <CLSNAME>ZCL_TR2_BANK_INTERFACE</CLSNAME>
     <CMPNAME>PJZL_ZYJC</CMPNAME>
     <LANGU>1</LANGU>
     <DESCRIPT>票据直连-质押解除</DESCRIPT>
    </SEOCOMPOTX>
   </DESCRIPTIONS>
  </asx:values>
 </asx:abap>
</abapGit>
