﻿<?xml version="1.0" encoding="utf-8"?>
<abapGit version="v1.0.0" serializer="LCL_OBJECT_CLAS" serializer_version="v1.0.0">
 <asx:abap xmlns:asx="http://www.sap.com/abapxml" version="1.0">
  <asx:values>
   <VSEOCLASS>
    <CLSNAME>ZCL_TR2_ELEC_RECEIPT_COMMON</CLSNAME>
    <VERSION>1</VERSION>
    <LANGU>1</LANGU>
    <DESCRIPT>电子回单通用类</DESCRIPT>
    <STATE>1</STATE>
    <CLSCCINCL>X</CLSCCINCL>
    <FIXPT>X</FIXPT>
    <UNICODE>X</UNICODE>
   </VSEOCLASS>
   <DESCRIPTIONS>
    <SEOCOMPOTX>
     <CLSNAME>ZCL_TR2_ELEC_RECEIPT_COMMON</CLSNAME>
     <CMPNAME>CONVERT_DIRECTORY_TO_BUKRS</CMPNAME>
     <LANGU>1</LANGU>
     <DESCRIPT>把文件路径转换为公司代码</DESCRIPT>
    </SEOCOMPOTX>
    <SEOCOMPOTX>
     <CLSNAME>ZCL_TR2_ELEC_RECEIPT_COMMON</CLSNAME>
     <CMPNAME>DISPATH_ELEC_RECEIPT</CMPNAME>
     <LANGU>1</LANGU>
     <DESCRIPT>通过文件名区分电子回单类型</DESCRIPT>
    </SEOCOMPOTX>
    <SEOCOMPOTX>
     <CLSNAME>ZCL_TR2_ELEC_RECEIPT_COMMON</CLSNAME>
     <CMPNAME>MATCH_BUKRS_CBI</CMPNAME>
     <LANGU>1</LANGU>
     <DESCRIPT>匹配中信国际公司代码代号</DESCRIPT>
    </SEOCOMPOTX>
   </DESCRIPTIONS>
  </asx:values>
 </asx:abap>
</abapGit>
