﻿<?xml version="1.0" encoding="utf-8"?>
<abapGit version="v1.0.0" serializer="LCL_OBJECT_CLAS" serializer_version="v1.0.0">
 <asx:abap xmlns:asx="http://www.sap.com/abapxml" version="1.0">
  <asx:values>
   <VSEOCLASS>
    <CLSNAME>ZCL_BANK_BOCOM_FUNCTION_ACBAL</CLSNAME>
    <VERSION>1</VERSION>
    <LANGU>1</LANGU>
    <DESCRIPT>交通银行-读取账户余额</DESCRIPT>
    <STATE>1</STATE>
    <CLSCCINCL>X</CLSCCINCL>
    <FIXPT>X</FIXPT>
    <UNICODE>X</UNICODE>
    <RSTAT>K</RSTAT>
    <MSG_ID>ZTR_BANK_APPLICATION</MSG_ID>
   </VSEOCLASS>
   <DESCRIPTIONS>
    <SEOCOMPOTX>
     <CLSNAME>ZCL_BANK_BOCOM_FUNCTION_ACBAL</CLSNAME>
     <CMPNAME>PROCESSING_RESPONSE_BY_ACBAL</CMPNAME>
     <LANGU>1</LANGU>
     <DESCRIPT>交行接收账户余额数据处理</DESCRIPT>
    </SEOCOMPOTX>
    <SEOCOMPOTX>
     <CLSNAME>ZCL_BANK_BOCOM_FUNCTION_ACBAL</CLSNAME>
     <CMPNAME>PROCESSING_RESPONSE_BY_TRNS</CMPNAME>
     <LANGU>1</LANGU>
     <DESCRIPT>交行接收账户交易明细数据处理</DESCRIPT>
    </SEOCOMPOTX>
   </DESCRIPTIONS>
  </asx:values>
 </asx:abap>
</abapGit>
