﻿<?xml version="1.0" encoding="utf-8"?>
<abapGit version="v1.0.0" serializer="LCL_OBJECT_CLAS" serializer_version="v1.0.0">
 <asx:abap xmlns:asx="http://www.sap.com/abapxml" version="1.0">
  <asx:values>
   <VSEOCLASS>
    <CLSNAME>ZCL_TR2_CHECK_COMMON</CLSNAME>
    <VERSION>1</VERSION>
    <LANGU>1</LANGU>
    <DESCRIPT>TR二期项目检查通用类</DESCRIPT>
    <STATE>1</STATE>
    <CLSCCINCL>X</CLSCCINCL>
    <FIXPT>X</FIXPT>
    <UNICODE>X</UNICODE>
   </VSEOCLASS>
   <TPOOL>
    <item>
     <ID>I</ID>
     <KEY>M01</KEY>
     <ENTRY>公司代码</ENTRY>
     <LENGTH>14</LENGTH>
    </item>
    <item>
     <ID>I</ID>
     <KEY>M02</KEY>
     <ENTRY>银行行别</ENTRY>
     <LENGTH>14</LENGTH>
    </item>
    <item>
     <ID>I</ID>
     <KEY>M03</KEY>
     <ENTRY>定期银行存款查询</ENTRY>
     <LENGTH>18</LENGTH>
    </item>
   </TPOOL>
   <DESCRIPTIONS>
    <SEOCOMPOTX>
     <CLSNAME>ZCL_TR2_CHECK_COMMON</CLSNAME>
     <CMPNAME>ADD_BAPIRET2_MESSAGE</CMPNAME>
     <LANGU>1</LANGU>
     <DESCRIPT>增加BAPIRET2类型的message</DESCRIPT>
    </SEOCOMPOTX>
    <SEOCOMPOTX>
     <CLSNAME>ZCL_TR2_CHECK_COMMON</CLSNAME>
     <CMPNAME>ADD_MESSAGE</CMPNAME>
     <LANGU>1</LANGU>
     <DESCRIPT>增加消息</DESCRIPT>
    </SEOCOMPOTX>
    <SEOCOMPOTX>
     <CLSNAME>ZCL_TR2_CHECK_COMMON</CLSNAME>
     <CMPNAME>AUTH_CHECK</CMPNAME>
     <LANGU>1</LANGU>
     <DESCRIPT>权限校验</DESCRIPT>
    </SEOCOMPOTX>
    <SEOCOMPOTX>
     <CLSNAME>ZCL_TR2_CHECK_COMMON</CLSNAME>
     <CMPNAME>AUTH_CHECK_FLAG</CMPNAME>
     <LANGU>1</LANGU>
     <DESCRIPT>是否进行权限校验</DESCRIPT>
    </SEOCOMPOTX>
    <SEOCOMPOTX>
     <CLSNAME>ZCL_TR2_CHECK_COMMON</CLSNAME>
     <CMPNAME>AUTH_CHECK_NO_BUKRS</CMPNAME>
     <LANGU>1</LANGU>
     <DESCRIPT>权限校验</DESCRIPT>
    </SEOCOMPOTX>
    <SEOCOMPOTX>
     <CLSNAME>ZCL_TR2_CHECK_COMMON</CLSNAME>
     <CMPNAME>CHECK_BANK_IND</CMPNAME>
     <LANGU>1</LANGU>
     <DESCRIPT>检查银行标志</DESCRIPT>
    </SEOCOMPOTX>
    <SEOCOMPOTX>
     <CLSNAME>ZCL_TR2_CHECK_COMMON</CLSNAME>
     <CMPNAME>CHECK_BUKRS</CMPNAME>
     <LANGU>1</LANGU>
     <DESCRIPT>检查公司代码</DESCRIPT>
    </SEOCOMPOTX>
    <SEOCOMPOTX>
     <CLSNAME>ZCL_TR2_CHECK_COMMON</CLSNAME>
     <CMPNAME>CLEAR</CMPNAME>
     <LANGU>1</LANGU>
     <DESCRIPT>清空消息</DESCRIPT>
    </SEOCOMPOTX>
    <SEOCOMPOTX>
     <CLSNAME>ZCL_TR2_CHECK_COMMON</CLSNAME>
     <CMPNAME>CONSTRUCTOR</CMPNAME>
     <LANGU>1</LANGU>
     <DESCRIPT>CONSTRUCTOR</DESCRIPT>
    </SEOCOMPOTX>
    <SEOCOMPOTX>
     <CLSNAME>ZCL_TR2_CHECK_COMMON</CLSNAME>
     <CMPNAME>CONVERT_MESSAGE_TO_STRING</CMPNAME>
     <LANGU>1</LANGU>
     <DESCRIPT>把消息转换为字符串类型</DESCRIPT>
    </SEOCOMPOTX>
    <SEOCOMPOTX>
     <CLSNAME>ZCL_TR2_CHECK_COMMON</CLSNAME>
     <CMPNAME>DISPLAY_MESSAGE</CMPNAME>
     <LANGU>1</LANGU>
     <DESCRIPT>展示消息</DESCRIPT>
    </SEOCOMPOTX>
    <SEOCOMPOTX>
     <CLSNAME>ZCL_TR2_CHECK_COMMON</CLSNAME>
     <CMPNAME>EXIST_ERROR</CMPNAME>
     <LANGU>1</LANGU>
     <DESCRIPT>存在错误</DESCRIPT>
    </SEOCOMPOTX>
    <SEOCOMPOTX>
     <CLSNAME>ZCL_TR2_CHECK_COMMON</CLSNAME>
     <CMPNAME>GT_MESSAGE</CMPNAME>
     <LANGU>1</LANGU>
     <DESCRIPT>IS-U 消息类型</DESCRIPT>
    </SEOCOMPOTX>
    <SEOCOMPOTX>
     <CLSNAME>ZCL_TR2_CHECK_COMMON</CLSNAME>
     <CMPNAME>GV_ERROR</CMPNAME>
     <LANGU>1</LANGU>
     <DESCRIPT>错误标识</DESCRIPT>
    </SEOCOMPOTX>
    <SEOCOMPOTX>
     <CLSNAME>ZCL_TR2_CHECK_COMMON</CLSNAME>
     <CMPNAME>SINGLE_MESSAGE_TO_STRING</CMPNAME>
     <LANGU>1</LANGU>
     <DESCRIPT>单个消息转换为stirng</DESCRIPT>
    </SEOCOMPOTX>
   </DESCRIPTIONS>
  </asx:values>
 </asx:abap>
</abapGit>
