﻿<?xml version="1.0" encoding="utf-8"?>
<abapGit version="v1.0.0" serializer="LCL_OBJECT_CLAS" serializer_version="v1.0.0">
 <asx:abap xmlns:asx="http://www.sap.com/abapxml" version="1.0">
  <asx:values>
   <VSEOCLASS>
    <CLSNAME>ZCL_TR2_ACCEPT_POST_BRANCH</CLSNAME>
    <VERSION>1</VERSION>
    <LANGU>1</LANGU>
    <DESCRIPT>承兑过账逻辑分支</DESCRIPT>
    <STATE>1</STATE>
    <CLSCCINCL>X</CLSCCINCL>
    <FIXPT>X</FIXPT>
    <UNICODE>X</UNICODE>
   </VSEOCLASS>
   <DESCRIPTIONS>
    <SEOCOMPOTX>
     <CLSNAME>ZCL_TR2_ACCEPT_POST_BRANCH</CLSNAME>
     <CMPNAME>ACCEPT_BRANCH_ACCDOC_POST</CMPNAME>
     <LANGU>1</LANGU>
     <DESCRIPT>承兑分支过账</DESCRIPT>
    </SEOCOMPOTX>
    <SEOCOMPOTX>
     <CLSNAME>ZCL_TR2_ACCEPT_POST_BRANCH</CLSNAME>
     <CMPNAME>CHECK_FOR_ACCEPT_BRANCH</CMPNAME>
     <LANGU>1</LANGU>
     <DESCRIPT>检查是否走承兑过账分支逻辑</DESCRIPT>
    </SEOCOMPOTX>
    <SEOCOMPOTX>
     <CLSNAME>ZCL_TR2_ACCEPT_POST_BRANCH</CLSNAME>
     <CMPNAME>GET_ZTERM_CONFIG_TABLE</CMPNAME>
     <LANGU>1</LANGU>
     <DESCRIPT>获取付款方式配置表</DESCRIPT>
    </SEOCOMPOTX>
   </DESCRIPTIONS>
  </asx:values>
 </asx:abap>
</abapGit>
