﻿<?xml version="1.0" encoding="utf-8"?>
<abapGit version="v1.0.0" serializer="LCL_OBJECT_CLAS" serializer_version="v1.0.0">
 <asx:abap xmlns:asx="http://www.sap.com/abapxml" version="1.0">
  <asx:values>
   <VSEOCLASS>
    <CLSNAME>ZCL_TR_LC_ACCEPTANCE_POST</CLSNAME>
    <VERSION>1</VERSION>
    <LANGU>1</LANGU>
    <DESCRIPT>信用证承兑过账</DESCRIPT>
    <STATE>1</STATE>
    <CLSCCINCL>X</CLSCCINCL>
    <FIXPT>X</FIXPT>
    <UNICODE>X</UNICODE>
   </VSEOCLASS>
   <TPOOL>
    <item>
     <ID>I</ID>
     <KEY>E01</KEY>
     <ENTRY>更新日志表失败：</ENTRY>
     <LENGTH>18</LENGTH>
    </item>
   </TPOOL>
   <DESCRIPTIONS>
    <SEOCOMPOTX>
     <CLSNAME>ZCL_TR_LC_ACCEPTANCE_POST</CLSNAME>
     <CMPNAME>CONSTRUCTOR</CMPNAME>
     <LANGU>1</LANGU>
     <DESCRIPT>CONSTRUCTOR</DESCRIPT>
    </SEOCOMPOTX>
    <SEOCOMPOTX>
     <CLSNAME>ZCL_TR_LC_ACCEPTANCE_POST</CLSNAME>
     <CMPNAME>LS_1056</CMPNAME>
     <LANGU>1</LANGU>
     <DESCRIPT>国内接收信用证主表</DESCRIPT>
    </SEOCOMPOTX>
    <SEOCOMPOTX>
     <CLSNAME>ZCL_TR_LC_ACCEPTANCE_POST</CLSNAME>
     <CMPNAME>LS_1056_1</CMPNAME>
     <LANGU>1</LANGU>
     <DESCRIPT>贴现费用明细信息</DESCRIPT>
    </SEOCOMPOTX>
    <SEOCOMPOTX>
     <CLSNAME>ZCL_TR_LC_ACCEPTANCE_POST</CLSNAME>
     <CMPNAME>LS_1056_2</CMPNAME>
     <LANGU>1</LANGU>
     <DESCRIPT>收款认领信息表</DESCRIPT>
    </SEOCOMPOTX>
    <SEOCOMPOTX>
     <CLSNAME>ZCL_TR_LC_ACCEPTANCE_POST</CLSNAME>
     <CMPNAME>LS_1056_POST</CMPNAME>
     <LANGU>1</LANGU>
     <DESCRIPT>接收国内信用证过账记录表</DESCRIPT>
    </SEOCOMPOTX>
   </DESCRIPTIONS>
  </asx:values>
 </asx:abap>
</abapGit>
