﻿<?xml version="1.0" encoding="utf-8"?>
<abapGit version="v1.0.0" serializer="LCL_OBJECT_CLAS" serializer_version="v1.0.0">
 <asx:abap xmlns:asx="http://www.sap.com/abapxml" version="1.0">
  <asx:values>
   <VSEOCLASS>
    <CLSNAME>ZCL_TR2_COMMON</CLSNAME>
    <VERSION>1</VERSION>
    <LANGU>1</LANGU>
    <DESCRIPT>TR2项目通用方法类</DESCRIPT>
    <STATE>1</STATE>
    <CLSCCINCL>X</CLSCCINCL>
    <FIXPT>X</FIXPT>
    <UNICODE>X</UNICODE>
    <MSG_ID>ZTR201</MSG_ID>
   </VSEOCLASS>
   <TPOOL>
    <item>
     <ID>I</ID>
     <KEY>001</KEY>
     <ENTRY>被背书票据名录</ENTRY>
     <LENGTH>17</LENGTH>
    </item>
    <item>
     <ID>I</ID>
     <KEY>002</KEY>
     <ENTRY>被背书接收</ENTRY>
     <LENGTH>15</LENGTH>
    </item>
    <item>
     <ID>I</ID>
     <KEY>003</KEY>
     <ENTRY>已选汇票金额：</ENTRY>
     <LENGTH>17</LENGTH>
    </item>
    <item>
     <ID>I</ID>
     <KEY>004</KEY>
     <ENTRY>已选汇票数量：</ENTRY>
     <LENGTH>17</LENGTH>
    </item>
    <item>
     <ID>I</ID>
     <KEY>005</KEY>
     <ENTRY>指示灯</ENTRY>
     <LENGTH>13</LENGTH>
    </item>
    <item>
     <ID>I</ID>
     <KEY>006</KEY>
     <ENTRY>凭证信息</ENTRY>
     <LENGTH>14</LENGTH>
    </item>
    <item>
     <ID>I</ID>
     <KEY>007</KEY>
     <ENTRY>全选</ENTRY>
     <LENGTH>12</LENGTH>
    </item>
    <item>
     <ID>I</ID>
     <KEY>008</KEY>
     <ENTRY>取消全选</ENTRY>
     <LENGTH>14</LENGTH>
    </item>
    <item>
     <ID>I</ID>
     <KEY>009</KEY>
     <ENTRY>财务未接收</ENTRY>
     <LENGTH>15</LENGTH>
    </item>
    <item>
     <ID>I</ID>
     <KEY>010</KEY>
     <ENTRY>接 收</ENTRY>
     <LENGTH>13</LENGTH>
    </item>
    <item>
     <ID>I</ID>
     <KEY>011</KEY>
     <ENTRY>确 认</ENTRY>
     <LENGTH>13</LENGTH>
    </item>
    <item>
     <ID>I</ID>
     <KEY>012</KEY>
     <ENTRY>取消确认</ENTRY>
     <LENGTH>14</LENGTH>
    </item>
    <item>
     <ID>I</ID>
     <KEY>013</KEY>
     <ENTRY>附 件</ENTRY>
     <LENGTH>13</LENGTH>
    </item>
    <item>
     <ID>I</ID>
     <KEY>014</KEY>
     <ENTRY>过 账</ENTRY>
     <LENGTH>13</LENGTH>
    </item>
    <item>
     <ID>I</ID>
     <KEY>015</KEY>
     <ENTRY>取消过账</ENTRY>
     <LENGTH>14</LENGTH>
    </item>
    <item>
     <ID>I</ID>
     <KEY>016</KEY>
     <ENTRY>过账/冲销日期</ENTRY>
     <LENGTH>17</LENGTH>
    </item>
    <item>
     <ID>I</ID>
     <KEY>017</KEY>
     <ENTRY>被背书接收</ENTRY>
     <LENGTH>15</LENGTH>
    </item>
    <item>
     <ID>I</ID>
     <KEY>018</KEY>
     <ENTRY>查询</ENTRY>
     <LENGTH>12</LENGTH>
    </item>
    <item>
     <ID>I</ID>
     <KEY>019</KEY>
     <ENTRY>接收</ENTRY>
     <LENGTH>12</LENGTH>
    </item>
    <item>
     <ID>I</ID>
     <KEY>020</KEY>
     <ENTRY>确认</ENTRY>
     <LENGTH>12</LENGTH>
    </item>
    <item>
     <ID>I</ID>
     <KEY>021</KEY>
     <ENTRY>取消确认</ENTRY>
     <LENGTH>14</LENGTH>
    </item>
    <item>
     <ID>I</ID>
     <KEY>022</KEY>
     <ENTRY>过账</ENTRY>
     <LENGTH>12</LENGTH>
    </item>
    <item>
     <ID>I</ID>
     <KEY>023</KEY>
     <ENTRY>取消过账</ENTRY>
     <LENGTH>14</LENGTH>
    </item>
    <item>
     <ID>I</ID>
     <KEY>024</KEY>
     <ENTRY>批量过账</ENTRY>
     <LENGTH>14</LENGTH>
    </item>
    <item>
     <ID>I</ID>
     <KEY>025</KEY>
     <ENTRY>被背书批量过账</ENTRY>
     <LENGTH>17</LENGTH>
    </item>
    <item>
     <ID>I</ID>
     <KEY>026</KEY>
     <ENTRY>请确认：批量过账 所选的票据都是同一个利润中心！</ENTRY>
     <LENGTH>48</LENGTH>
    </item>
    <item>
     <ID>I</ID>
     <KEY>T01</KEY>
     <ENTRY>被背书票据名录</ENTRY>
     <LENGTH>17</LENGTH>
    </item>
    <item>
     <ID>I</ID>
     <KEY>T02</KEY>
     <ENTRY>请选择保存路径</ENTRY>
     <LENGTH>17</LENGTH>
    </item>
   </TPOOL>
   <DESCRIPTIONS>
    <SEOCOMPOTX>
     <CLSNAME>ZCL_TR2_COMMON</CLSNAME>
     <CMPNAME>BATCH_DOWNLOAD_FILE</CMPNAME>
     <LANGU>1</LANGU>
     <DESCRIPT>批量下载open text 文件</DESCRIPT>
    </SEOCOMPOTX>
    <SEOCOMPOTX>
     <CLSNAME>ZCL_TR2_COMMON</CLSNAME>
     <CMPNAME>BBSPJ_ACCEPT</CMPNAME>
     <LANGU>1</LANGU>
     <DESCRIPT>被背书票据接收</DESCRIPT>
    </SEOCOMPOTX>
    <SEOCOMPOTX>
     <CLSNAME>ZCL_TR2_COMMON</CLSNAME>
     <CMPNAME>CHECK_NEED_HWBC</CMPNAME>
     <LANGU>1</LANGU>
     <DESCRIPT>检查是否需要维护海外补充信息</DESCRIPT>
    </SEOCOMPOTX>
    <SEOCOMPOTX>
     <CLSNAME>ZCL_TR2_COMMON</CLSNAME>
     <CMPNAME>CHECK_NEED_HWBC_ONLY_BUKRS</CMPNAME>
     <LANGU>1</LANGU>
     <DESCRIPT>检查是否需要维护海外补充信息(只检查公司代码)</DESCRIPT>
    </SEOCOMPOTX>
    <SEOCOMPOTX>
     <CLSNAME>ZCL_TR2_COMMON</CLSNAME>
     <CMPNAME>CHECK_NOT_INITIAL</CMPNAME>
     <LANGU>1</LANGU>
     <DESCRIPT>校验不为空</DESCRIPT>
    </SEOCOMPOTX>
    <SEOCOMPOTX>
     <CLSNAME>ZCL_TR2_COMMON</CLSNAME>
     <CMPNAME>GET_DAYS_BETWEEN_2_DATE</CMPNAME>
     <LANGU>1</LANGU>
     <DESCRIPT>获取两个日期中间的天数</DESCRIPT>
    </SEOCOMPOTX>
    <SEOCOMPOTX>
     <CLSNAME>ZCL_TR2_COMMON</CLSNAME>
     <CMPNAME>GET_DJSKDH_BY_VBELN</CMPNAME>
     <LANGU>1</LANGU>
     <DESCRIPT>根据发票获取单据收款单号</DESCRIPT>
    </SEOCOMPOTX>
    <SEOCOMPOTX>
     <CLSNAME>ZCL_TR2_COMMON</CLSNAME>
     <CMPNAME>GET_HKONT_MITKZ</CMPNAME>
     <LANGU>1</LANGU>
     <DESCRIPT>获取科目统驭科目</DESCRIPT>
    </SEOCOMPOTX>
    <SEOCOMPOTX>
     <CLSNAME>ZCL_TR2_COMMON</CLSNAME>
     <CMPNAME>GET_KKJE_BY_VBELN</CMPNAME>
     <LANGU>1</LANGU>
     <DESCRIPT>通过发票号获取扣款金额</DESCRIPT>
    </SEOCOMPOTX>
    <SEOCOMPOTX>
     <CLSNAME>ZCL_TR2_COMMON</CLSNAME>
     <CMPNAME>GET_SNRO_NUMBER</CMPNAME>
     <LANGU>1</LANGU>
     <DESCRIPT>获取流水号</DESCRIPT>
    </SEOCOMPOTX>
    <SEOCOMPOTX>
     <CLSNAME>ZCL_TR2_COMMON</CLSNAME>
     <CMPNAME>GET_WORKDAYS_BETWEEN_2_DATES</CMPNAME>
     <LANGU>1</LANGU>
     <DESCRIPT>获取两个日期间的工作日</DESCRIPT>
    </SEOCOMPOTX>
    <SEOCOMPOTX>
     <CLSNAME>ZCL_TR2_COMMON</CLSNAME>
     <CMPNAME>ZFDTH_ACCEPT</CMPNAME>
     <LANGU>1</LANGU>
     <DESCRIPT>支付单退回接收</DESCRIPT>
    </SEOCOMPOTX>
   </DESCRIPTIONS>
  </asx:values>
 </asx:abap>
</abapGit>
