﻿<?xml version="1.0" encoding="utf-8"?>
<abapGit version="v1.0.0" serializer="LCL_OBJECT_DOMA" serializer_version="v1.0.0">
 <asx:abap xmlns:asx="http://www.sap.com/abapxml" version="1.0">
  <asx:values>
   <DD01V>
    <DOMNAME>ZDMTR2_ZFZT</DOMNAME>
    <DDLANGUAGE>1</DDLANGUAGE>
    <DATATYPE>CHAR</DATATYPE>
    <LENG>000002</LENG>
    <OUTPUTLEN>000002</OUTPUTLEN>
    <VALEXI>X</VALEXI>
    <DDTEXT>支付状态</DDTEXT>
   </DD01V>
   <DD07V_TAB>
    <DD07V>
     <DOMNAME>ZDMTR2_ZFZT</DOMNAME>
     <VALPOS>0001</VALPOS>
     <DDLANGUAGE>1</DDLANGUAGE>
     <DOMVALUE_L>00</DOMVALUE_L>
     <DDTEXT>未发送或发送失败</DDTEXT>
    </DD07V>
    <DD07V>
     <DOMNAME>ZDMTR2_ZFZT</DOMNAME>
     <VALPOS>0002</VALPOS>
     <DDLANGUAGE>1</DDLANGUAGE>
     <DOMVALUE_L>01</DOMVALUE_L>
     <DDTEXT>出票已发送</DDTEXT>
    </DD07V>
    <DD07V>
     <DOMNAME>ZDMTR2_ZFZT</DOMNAME>
     <VALPOS>0003</VALPOS>
     <DDLANGUAGE>1</DDLANGUAGE>
     <DOMVALUE_L>10</DOMVALUE_L>
     <DDTEXT>出票中</DDTEXT>
    </DD07V>
    <DD07V>
     <DOMNAME>ZDMTR2_ZFZT</DOMNAME>
     <VALPOS>0004</VALPOS>
     <DDLANGUAGE>1</DDLANGUAGE>
     <DOMVALUE_L>11</DOMVALUE_L>
     <DDTEXT>提示承兑中</DDTEXT>
    </DD07V>
    <DD07V>
     <DOMNAME>ZDMTR2_ZFZT</DOMNAME>
     <VALPOS>0005</VALPOS>
     <DDLANGUAGE>1</DDLANGUAGE>
     <DOMVALUE_L>12</DOMVALUE_L>
     <DDTEXT>承兑确认中</DDTEXT>
    </DD07V>
    <DD07V>
     <DOMNAME>ZDMTR2_ZFZT</DOMNAME>
     <VALPOS>0006</VALPOS>
     <DDLANGUAGE>1</DDLANGUAGE>
     <DOMVALUE_L>13</DOMVALUE_L>
     <DDTEXT>提示收票中</DDTEXT>
    </DD07V>
    <DD07V>
     <DOMNAME>ZDMTR2_ZFZT</DOMNAME>
     <VALPOS>0007</VALPOS>
     <DDLANGUAGE>1</DDLANGUAGE>
     <DOMVALUE_L>14</DOMVALUE_L>
     <DDTEXT>已出票</DDTEXT>
    </DD07V>
    <DD07V>
     <DOMNAME>ZDMTR2_ZFZT</DOMNAME>
     <VALPOS>0008</VALPOS>
     <DDLANGUAGE>1</DDLANGUAGE>
     <DOMVALUE_L>15</DOMVALUE_L>
     <DDTEXT>已提示承兑</DDTEXT>
    </DD07V>
    <DD07V>
     <DOMNAME>ZDMTR2_ZFZT</DOMNAME>
     <VALPOS>0009</VALPOS>
     <DDLANGUAGE>1</DDLANGUAGE>
     <DOMVALUE_L>16</DOMVALUE_L>
     <DDTEXT>已承兑确认</DDTEXT>
    </DD07V>
    <DD07V>
     <DOMNAME>ZDMTR2_ZFZT</DOMNAME>
     <VALPOS>0010</VALPOS>
     <DDLANGUAGE>1</DDLANGUAGE>
     <DOMVALUE_L>20</DOMVALUE_L>
     <DDTEXT>背书中</DDTEXT>
    </DD07V>
    <DD07V>
     <DOMNAME>ZDMTR2_ZFZT</DOMNAME>
     <VALPOS>0011</VALPOS>
     <DDLANGUAGE>1</DDLANGUAGE>
     <DOMVALUE_L>21</DOMVALUE_L>
     <DDTEXT>背书已发送</DDTEXT>
    </DD07V>
    <DD07V>
     <DOMNAME>ZDMTR2_ZFZT</DOMNAME>
     <VALPOS>0012</VALPOS>
     <DDLANGUAGE>1</DDLANGUAGE>
     <DOMVALUE_L>22</DOMVALUE_L>
     <DDTEXT>背书已签收</DDTEXT>
    </DD07V>
    <DD07V>
     <DOMNAME>ZDMTR2_ZFZT</DOMNAME>
     <VALPOS>0013</VALPOS>
     <DDLANGUAGE>1</DDLANGUAGE>
     <DOMVALUE_L>23</DOMVALUE_L>
     <DDTEXT>背书已撤回</DDTEXT>
    </DD07V>
   </DD07V_TAB>
  </asx:values>
 </asx:abap>
</abapGit>
