﻿<?xml version="1.0" encoding="utf-8"?>
<abapGit version="v1.0.0" serializer="LCL_OBJECT_DOMA" serializer_version="v1.0.0">
 <asx:abap xmlns:asx="http://www.sap.com/abapxml" version="1.0">
  <asx:values>
   <DD01V>
    <DOMNAME>ZDMTR2_CPBZR_ADD</DOMNAME>
    <DDLANGUAGE>1</DDLANGUAGE>
    <DATATYPE>CHAR</DATATYPE>
    <LENG>000256</LENG>
    <OUTPUTLEN>000256</OUTPUTLEN>
    <LOWERCASE>X</LOWERCASE>
    <DDTEXT>出票保证人地址</DDTEXT>
   </DD01V>
  </asx:values>
 </asx:abap>
</abapGit>
