﻿<?xml version="1.0" encoding="utf-8"?>
<abapGit version="v1.0.0" serializer="LCL_OBJECT_DOMA" serializer_version="v1.0.0">
 <asx:abap xmlns:asx="http://www.sap.com/abapxml" version="1.0">
  <asx:values>
   <DD01V>
    <DOMNAME>ZDMTR2_MFXD</DOMNAME>
    <DDLANGUAGE>1</DDLANGUAGE>
    <DATATYPE>CHAR</DATATYPE>
    <LENG>000002</LENG>
    <OUTPUTLEN>000002</OUTPUTLEN>
    <LOWERCASE>X</LOWERCASE>
    <VALEXI>X</VALEXI>
    <DDTEXT>买方信贷标识</DDTEXT>
   </DD01V>
   <DD07V_TAB>
    <DD07V>
     <DOMNAME>ZDMTR2_MFXD</DOMNAME>
     <VALPOS>0001</VALPOS>
     <DDLANGUAGE>1</DDLANGUAGE>
    </DD07V>
    <DD07V>
     <DOMNAME>ZDMTR2_MFXD</DOMNAME>
     <VALPOS>0002</VALPOS>
     <DDLANGUAGE>1</DDLANGUAGE>
     <DOMVALUE_L>D</DOMVALUE_L>
     <DDTEXT>疑似买方信贷业务</DDTEXT>
    </DD07V>
    <DD07V>
     <DOMNAME>ZDMTR2_MFXD</DOMNAME>
     <VALPOS>0003</VALPOS>
     <DDLANGUAGE>1</DDLANGUAGE>
     <DOMVALUE_L>D1</DOMVALUE_L>
     <DDTEXT>非买方信贷业务</DDTEXT>
    </DD07V>
    <DD07V>
     <DOMNAME>ZDMTR2_MFXD</DOMNAME>
     <VALPOS>0004</VALPOS>
     <DDLANGUAGE>1</DDLANGUAGE>
     <DOMVALUE_L>D2</DOMVALUE_L>
     <DDTEXT>买方信贷业务</DDTEXT>
    </DD07V>
   </DD07V_TAB>
  </asx:values>
 </asx:abap>
</abapGit>
