﻿<?xml version="1.0" encoding="utf-8"?>
<abapGit version="v1.0.0" serializer="LCL_OBJECT_DOMA" serializer_version="v1.0.0">
 <asx:abap xmlns:asx="http://www.sap.com/abapxml" version="1.0">
  <asx:values>
   <DD01V>
    <DOMNAME>ZDMTR2_OPNDAT</DOMNAME>
    <DDLANGUAGE>1</DDLANGUAGE>
    <DATATYPE>CHAR</DATATYPE>
    <LENG>000010</LENG>
    <OUTPUTLEN>000010</OUTPUTLEN>
    <LOWERCASE>X</LOWERCASE>
    <DDTEXT>赎回开放日（出质日期、赎回开放日、付款或拒付日期、清偿日期）</DDTEXT>
   </DD01V>
  </asx:values>
 </asx:abap>
</abapGit>
