﻿<?xml version="1.0" encoding="utf-8"?>
<abapGit version="v1.0.0" serializer="LCL_OBJECT_DOMA" serializer_version="v1.0.0">
 <asx:abap xmlns:asx="http://www.sap.com/abapxml" version="1.0">
  <asx:values>
   <DD01V>
    <DOMNAME>ZDMTR2_CDLX</DOMNAME>
    <DDLANGUAGE>1</DDLANGUAGE>
    <DATATYPE>CHAR</DATATYPE>
    <LENG>000010</LENG>
    <OUTPUTLEN>000010</OUTPUTLEN>
    <LOWERCASE>X</LOWERCASE>
    <VALEXI>X</VALEXI>
    <DDTEXT>承兑类型</DDTEXT>
   </DD01V>
   <DD07V_TAB>
    <DD07V>
     <DOMNAME>ZDMTR2_CDLX</DOMNAME>
     <VALPOS>0001</VALPOS>
     <DDLANGUAGE>1</DDLANGUAGE>
     <DOMVALUE_L>RC00</DOMVALUE_L>
     <DDTEXT>接入行</DDTEXT>
    </DD07V>
    <DD07V>
     <DOMNAME>ZDMTR2_CDLX</DOMNAME>
     <VALPOS>0002</VALPOS>
     <DDLANGUAGE>1</DDLANGUAGE>
     <DOMVALUE_L>RC01</DOMVALUE_L>
     <DDTEXT>企业</DDTEXT>
    </DD07V>
    <DD07V>
     <DOMNAME>ZDMTR2_CDLX</DOMNAME>
     <VALPOS>0003</VALPOS>
     <DDLANGUAGE>1</DDLANGUAGE>
     <DOMVALUE_L>RC02</DOMVALUE_L>
     <DDTEXT>人民银行</DDTEXT>
    </DD07V>
    <DD07V>
     <DOMNAME>ZDMTR2_CDLX</DOMNAME>
     <VALPOS>0004</VALPOS>
     <DDLANGUAGE>1</DDLANGUAGE>
     <DOMVALUE_L>RC03</DOMVALUE_L>
     <DDTEXT>被代理行</DDTEXT>
    </DD07V>
    <DD07V>
     <DOMNAME>ZDMTR2_CDLX</DOMNAME>
     <VALPOS>0005</VALPOS>
     <DDLANGUAGE>1</DDLANGUAGE>
     <DOMVALUE_L>RC04</DOMVALUE_L>
     <DDTEXT>被代理财务公司</DDTEXT>
    </DD07V>
    <DD07V>
     <DOMNAME>ZDMTR2_CDLX</DOMNAME>
     <VALPOS>0006</VALPOS>
     <DDLANGUAGE>1</DDLANGUAGE>
     <DOMVALUE_L>RC05</DOMVALUE_L>
     <DDTEXT>接入财务公司</DDTEXT>
    </DD07V>
   </DD07V_TAB>
  </asx:values>
 </asx:abap>
</abapGit>
