﻿<?xml version="1.0" encoding="utf-8"?>
<abapGit version="v1.0.0" serializer="LCL_OBJECT_DOMA" serializer_version="v1.0.0">
 <asx:abap xmlns:asx="http://www.sap.com/abapxml" version="1.0">
  <asx:values>
   <DD01V>
    <DOMNAME>ZDMTR2_OVERDUEREASON</DOMNAME>
    <DDLANGUAGE>1</DDLANGUAGE>
    <DATATYPE>CHAR</DATATYPE>
    <LENG>000120</LENG>
    <OUTPUTLEN>000120</OUTPUTLEN>
    <LOWERCASE>X</LOWERCASE>
    <DDTEXT>逾期原因说明/保证人地址（保证人地址、拒付理由）</DDTEXT>
   </DD01V>
  </asx:values>
 </asx:abap>
</abapGit>
