﻿<?xml version="1.0" encoding="utf-8"?>
<abapGit version="v1.0.0" serializer="LCL_OBJECT_DOMA" serializer_version="v1.0.0">
 <asx:abap xmlns:asx="http://www.sap.com/abapxml" version="1.0">
  <asx:values>
   <DD01V>
    <DOMNAME>ZDMTR2_PZLX_XYZ</DOMNAME>
    <DDLANGUAGE>1</DDLANGUAGE>
    <DATATYPE>CHAR</DATATYPE>
    <LENG>000004</LENG>
    <OUTPUTLEN>000004</OUTPUTLEN>
    <VALEXI>X</VALEXI>
    <DDTEXT>会计凭证类型</DDTEXT>
   </DD01V>
   <DD07V_TAB>
    <DD07V>
     <DOMNAME>ZDMTR2_PZLX_XYZ</DOMNAME>
     <VALPOS>0001</VALPOS>
     <DDLANGUAGE>1</DDLANGUAGE>
     <DOMVALUE_L>10</DOMVALUE_L>
     <DDTEXT>发票融资放款凭证</DDTEXT>
    </DD07V>
    <DD07V>
     <DOMNAME>ZDMTR2_PZLX_XYZ</DOMNAME>
     <VALPOS>0002</VALPOS>
     <DDLANGUAGE>1</DDLANGUAGE>
     <DOMVALUE_L>20</DOMVALUE_L>
     <DDTEXT>发票融资费用凭证</DDTEXT>
    </DD07V>
    <DD07V>
     <DOMNAME>ZDMTR2_PZLX_XYZ</DOMNAME>
     <VALPOS>0003</VALPOS>
     <DDLANGUAGE>1</DDLANGUAGE>
     <DOMVALUE_L>30</DOMVALUE_L>
     <DDTEXT>发票融资还款费用凭证</DDTEXT>
    </DD07V>
    <DD07V>
     <DOMNAME>ZDMTR2_PZLX_XYZ</DOMNAME>
     <VALPOS>0004</VALPOS>
     <DDLANGUAGE>1</DDLANGUAGE>
     <DOMVALUE_L>31</DOMVALUE_L>
     <DDTEXT>DA承兑凭证</DDTEXT>
    </DD07V>
    <DD07V>
     <DOMNAME>ZDMTR2_PZLX_XYZ</DOMNAME>
     <VALPOS>0005</VALPOS>
     <DDLANGUAGE>1</DDLANGUAGE>
     <DOMVALUE_L>32</DOMVALUE_L>
     <DDTEXT>DA兑付凭证</DDTEXT>
    </DD07V>
    <DD07V>
     <DOMNAME>ZDMTR2_PZLX_XYZ</DOMNAME>
     <VALPOS>0006</VALPOS>
     <DDLANGUAGE>1</DDLANGUAGE>
     <DOMVALUE_L>33</DOMVALUE_L>
     <DDTEXT>DP兑付凭证</DDTEXT>
    </DD07V>
    <DD07V>
     <DOMNAME>ZDMTR2_PZLX_XYZ</DOMNAME>
     <VALPOS>0007</VALPOS>
     <DDLANGUAGE>1</DDLANGUAGE>
     <DOMVALUE_L>36</DOMVALUE_L>
     <DDTEXT>托收DA承兑凭证</DDTEXT>
    </DD07V>
    <DD07V>
     <DOMNAME>ZDMTR2_PZLX_XYZ</DOMNAME>
     <VALPOS>0008</VALPOS>
     <DDLANGUAGE>1</DDLANGUAGE>
     <DOMVALUE_L>37</DOMVALUE_L>
     <DDTEXT>托收DA兑付凭证</DDTEXT>
    </DD07V>
    <DD07V>
     <DOMNAME>ZDMTR2_PZLX_XYZ</DOMNAME>
     <VALPOS>0009</VALPOS>
     <DDLANGUAGE>1</DDLANGUAGE>
     <DOMVALUE_L>38</DOMVALUE_L>
     <DDTEXT>托收DP兑付凭证</DDTEXT>
    </DD07V>
    <DD07V>
     <DOMNAME>ZDMTR2_PZLX_XYZ</DOMNAME>
     <VALPOS>0010</VALPOS>
     <DDLANGUAGE>1</DDLANGUAGE>
     <DOMVALUE_L>39</DOMVALUE_L>
     <DDTEXT>DADP融资放款凭证</DDTEXT>
    </DD07V>
    <DD07V>
     <DOMNAME>ZDMTR2_PZLX_XYZ</DOMNAME>
     <VALPOS>0011</VALPOS>
     <DDLANGUAGE>1</DDLANGUAGE>
     <DOMVALUE_L>40</DOMVALUE_L>
     <DDTEXT>DADP融资费用凭证</DDTEXT>
    </DD07V>
    <DD07V>
     <DOMNAME>ZDMTR2_PZLX_XYZ</DOMNAME>
     <VALPOS>0012</VALPOS>
     <DDLANGUAGE>1</DDLANGUAGE>
     <DOMVALUE_L>41</DOMVALUE_L>
     <DDTEXT>融资DA承兑凭证</DDTEXT>
    </DD07V>
    <DD07V>
     <DOMNAME>ZDMTR2_PZLX_XYZ</DOMNAME>
     <VALPOS>0013</VALPOS>
     <DDLANGUAGE>1</DDLANGUAGE>
     <DOMVALUE_L>42</DOMVALUE_L>
     <DDTEXT>融资DP兑付凭证</DDTEXT>
    </DD07V>
    <DD07V>
     <DOMNAME>ZDMTR2_PZLX_XYZ</DOMNAME>
     <VALPOS>0014</VALPOS>
     <DDLANGUAGE>1</DDLANGUAGE>
     <DOMVALUE_L>43</DOMVALUE_L>
     <DDTEXT>融资DA兑付凭证</DDTEXT>
    </DD07V>
   </DD07V_TAB>
  </asx:values>
 </asx:abap>
</abapGit>
