﻿<?xml version="1.0" encoding="utf-8"?>
<abapGit version="v1.0.0" serializer="LCL_OBJECT_DOMA" serializer_version="v1.0.0">
 <asx:abap xmlns:asx="http://www.sap.com/abapxml" version="1.0">
  <asx:values>
   <DD01V>
    <DOMNAME>ZTR2_ACTIV1</DOMNAME>
    <DDLANGUAGE>1</DDLANGUAGE>
    <DATATYPE>CHAR</DATATYPE>
    <LENG>000002</LENG>
    <OUTPUTLEN>000002</OUTPUTLEN>
    <VALEXI>X</VALEXI>
    <DDTEXT>DADP融资托收</DDTEXT>
   </DD01V>
   <DD07V_TAB>
    <DD07V>
     <DOMNAME>ZTR2_ACTIV1</DOMNAME>
     <VALPOS>0001</VALPOS>
     <DDLANGUAGE>1</DDLANGUAGE>
     <DOMVALUE_L>1</DOMVALUE_L>
     <DDTEXT>申请创建、保存、删除</DDTEXT>
    </DD07V>
    <DD07V>
     <DOMNAME>ZTR2_ACTIV1</DOMNAME>
     <VALPOS>0002</VALPOS>
     <DDLANGUAGE>1</DDLANGUAGE>
     <DOMVALUE_L>2</DOMVALUE_L>
     <DDTEXT>申请提交</DDTEXT>
    </DD07V>
    <DD07V>
     <DOMNAME>ZTR2_ACTIV1</DOMNAME>
     <VALPOS>0003</VALPOS>
     <DDLANGUAGE>1</DDLANGUAGE>
     <DOMVALUE_L>3</DOMVALUE_L>
     <DDTEXT>查看</DDTEXT>
    </DD07V>
    <DD07V>
     <DOMNAME>ZTR2_ACTIV1</DOMNAME>
     <VALPOS>0004</VALPOS>
     <DDLANGUAGE>1</DDLANGUAGE>
     <DOMVALUE_L>4</DOMVALUE_L>
     <DDTEXT>交单反馈创建</DDTEXT>
    </DD07V>
    <DD07V>
     <DOMNAME>ZTR2_ACTIV1</DOMNAME>
     <VALPOS>0005</VALPOS>
     <DDLANGUAGE>1</DDLANGUAGE>
     <DOMVALUE_L>5</DOMVALUE_L>
     <DDTEXT>交单反馈提交</DDTEXT>
    </DD07V>
    <DD07V>
     <DOMNAME>ZTR2_ACTIV1</DOMNAME>
     <VALPOS>0006</VALPOS>
     <DDLANGUAGE>1</DDLANGUAGE>
     <DOMVALUE_L>6</DOMVALUE_L>
     <DDTEXT>交单反馈退回</DDTEXT>
    </DD07V>
    <DD07V>
     <DOMNAME>ZTR2_ACTIV1</DOMNAME>
     <VALPOS>0007</VALPOS>
     <DDLANGUAGE>1</DDLANGUAGE>
     <DOMVALUE_L>7</DOMVALUE_L>
     <DDTEXT>承兑创建</DDTEXT>
    </DD07V>
    <DD07V>
     <DOMNAME>ZTR2_ACTIV1</DOMNAME>
     <VALPOS>0008</VALPOS>
     <DDLANGUAGE>1</DDLANGUAGE>
     <DOMVALUE_L>8</DOMVALUE_L>
     <DDTEXT>承兑提交</DDTEXT>
    </DD07V>
    <DD07V>
     <DOMNAME>ZTR2_ACTIV1</DOMNAME>
     <VALPOS>0009</VALPOS>
     <DDLANGUAGE>1</DDLANGUAGE>
     <DOMVALUE_L>9</DOMVALUE_L>
     <DDTEXT>承兑退回</DDTEXT>
    </DD07V>
    <DD07V>
     <DOMNAME>ZTR2_ACTIV1</DOMNAME>
     <VALPOS>0010</VALPOS>
     <DDLANGUAGE>1</DDLANGUAGE>
     <DOMVALUE_L>10</DOMVALUE_L>
     <DDTEXT>兑付创建</DDTEXT>
    </DD07V>
    <DD07V>
     <DOMNAME>ZTR2_ACTIV1</DOMNAME>
     <VALPOS>0011</VALPOS>
     <DDLANGUAGE>1</DDLANGUAGE>
     <DOMVALUE_L>11</DOMVALUE_L>
     <DDTEXT>兑付提交</DDTEXT>
    </DD07V>
    <DD07V>
     <DOMNAME>ZTR2_ACTIV1</DOMNAME>
     <VALPOS>0012</VALPOS>
     <DDLANGUAGE>1</DDLANGUAGE>
     <DOMVALUE_L>12</DOMVALUE_L>
     <DDTEXT>兑付退回</DDTEXT>
    </DD07V>
    <DD07V>
     <DOMNAME>ZTR2_ACTIV1</DOMNAME>
     <VALPOS>0013</VALPOS>
     <DDLANGUAGE>1</DDLANGUAGE>
     <DOMVALUE_L>13</DOMVALUE_L>
     <DDTEXT>融资还款操作</DDTEXT>
    </DD07V>
    <DD07V>
     <DOMNAME>ZTR2_ACTIV1</DOMNAME>
     <VALPOS>0014</VALPOS>
     <DDLANGUAGE>1</DDLANGUAGE>
     <DOMVALUE_L>14</DOMVALUE_L>
     <DDTEXT>变更单创建、保存</DDTEXT>
    </DD07V>
    <DD07V>
     <DOMNAME>ZTR2_ACTIV1</DOMNAME>
     <VALPOS>0015</VALPOS>
     <DDLANGUAGE>1</DDLANGUAGE>
     <DOMVALUE_L>15</DOMVALUE_L>
     <DDTEXT>变更单提交</DDTEXT>
    </DD07V>
    <DD07V>
     <DOMNAME>ZTR2_ACTIV1</DOMNAME>
     <VALPOS>0016</VALPOS>
     <DDLANGUAGE>1</DDLANGUAGE>
     <DOMVALUE_L>16</DOMVALUE_L>
     <DDTEXT>变更单退回</DDTEXT>
    </DD07V>
    <DD07V>
     <DOMNAME>ZTR2_ACTIV1</DOMNAME>
     <VALPOS>0017</VALPOS>
     <DDLANGUAGE>1</DDLANGUAGE>
     <DOMVALUE_L>17</DOMVALUE_L>
     <DDTEXT>银行取消办理创建、保存</DDTEXT>
    </DD07V>
    <DD07V>
     <DOMNAME>ZTR2_ACTIV1</DOMNAME>
     <VALPOS>0018</VALPOS>
     <DDLANGUAGE>1</DDLANGUAGE>
     <DOMVALUE_L>18</DOMVALUE_L>
     <DDTEXT>银行取消办理提交</DDTEXT>
    </DD07V>
    <DD07V>
     <DOMNAME>ZTR2_ACTIV1</DOMNAME>
     <VALPOS>0019</VALPOS>
     <DDLANGUAGE>1</DDLANGUAGE>
     <DOMVALUE_L>19</DOMVALUE_L>
     <DDTEXT>银行取消办理退回</DDTEXT>
    </DD07V>
    <DD07V>
     <DOMNAME>ZTR2_ACTIV1</DOMNAME>
     <VALPOS>0020</VALPOS>
     <DDLANGUAGE>1</DDLANGUAGE>
     <DOMVALUE_L>20</DOMVALUE_L>
     <DDTEXT>还款信息创建、保存</DDTEXT>
    </DD07V>
    <DD07V>
     <DOMNAME>ZTR2_ACTIV1</DOMNAME>
     <VALPOS>0021</VALPOS>
     <DDLANGUAGE>1</DDLANGUAGE>
     <DOMVALUE_L>21</DOMVALUE_L>
     <DDTEXT>还款信息提交</DDTEXT>
    </DD07V>
    <DD07V>
     <DOMNAME>ZTR2_ACTIV1</DOMNAME>
     <VALPOS>0022</VALPOS>
     <DDLANGUAGE>1</DDLANGUAGE>
     <DOMVALUE_L>22</DOMVALUE_L>
     <DDTEXT>还款信息退回</DDTEXT>
    </DD07V>
    <DD07V>
     <DOMNAME>ZTR2_ACTIV1</DOMNAME>
     <VALPOS>0023</VALPOS>
     <DDLANGUAGE>1</DDLANGUAGE>
     <DOMVALUE_L>23</DOMVALUE_L>
     <DDTEXT>DADP融资流水匹配-费用</DDTEXT>
    </DD07V>
    <DD07V>
     <DOMNAME>ZTR2_ACTIV1</DOMNAME>
     <VALPOS>0024</VALPOS>
     <DDLANGUAGE>1</DDLANGUAGE>
     <DOMVALUE_L>24</DOMVALUE_L>
     <DDTEXT>DADP融资流水匹配-兑付</DDTEXT>
    </DD07V>
    <DD07V>
     <DOMNAME>ZTR2_ACTIV1</DOMNAME>
     <VALPOS>0025</VALPOS>
     <DDLANGUAGE>1</DDLANGUAGE>
     <DOMVALUE_L>25</DOMVALUE_L>
     <DDTEXT>DADP托收流水匹配-兑付</DDTEXT>
    </DD07V>
    <DD07V>
     <DOMNAME>ZTR2_ACTIV1</DOMNAME>
     <VALPOS>0026</VALPOS>
     <DDLANGUAGE>1</DDLANGUAGE>
     <DOMVALUE_L>30</DOMVALUE_L>
     <DDTEXT>流水匹配查看-会计</DDTEXT>
    </DD07V>
   </DD07V_TAB>
  </asx:values>
 </asx:abap>
</abapGit>
