﻿<?xml version="1.0" encoding="utf-8"?>
<abapGit version="v1.0.0" serializer="LCL_OBJECT_DOMA" serializer_version="v1.0.0">
 <asx:abap xmlns:asx="http://www.sap.com/abapxml" version="1.0">
  <asx:values>
   <DD01V>
    <DOMNAME>ZTR2DM_AUTHTYPE</DOMNAME>
    <DDLANGUAGE>1</DDLANGUAGE>
    <DATATYPE>CHAR</DATATYPE>
    <LENG>000001</LENG>
    <OUTPUTLEN>000001</OUTPUTLEN>
    <VALEXI>X</VALEXI>
    <DDTEXT>DADP付款权限校验类型</DDTEXT>
   </DD01V>
   <DD07V_TAB>
    <DD07V>
     <DOMNAME>ZTR2DM_AUTHTYPE</DOMNAME>
     <VALPOS>0001</VALPOS>
     <DDLANGUAGE>1</DDLANGUAGE>
     <DOMVALUE_L>1</DOMVALUE_L>
     <DDTEXT>采购付款DADP通知单</DDTEXT>
    </DD07V>
    <DD07V>
     <DOMNAME>ZTR2DM_AUTHTYPE</DOMNAME>
     <VALPOS>0002</VALPOS>
     <DDLANGUAGE>1</DDLANGUAGE>
     <DOMVALUE_L>2</DOMVALUE_L>
     <DDTEXT>采购付款DA承兑通知单</DDTEXT>
    </DD07V>
    <DD07V>
     <DOMNAME>ZTR2DM_AUTHTYPE</DOMNAME>
     <VALPOS>0003</VALPOS>
     <DDLANGUAGE>1</DDLANGUAGE>
     <DOMVALUE_L>3</DOMVALUE_L>
     <DDTEXT>采购付款DA兑付通知单</DDTEXT>
    </DD07V>
    <DD07V>
     <DOMNAME>ZTR2DM_AUTHTYPE</DOMNAME>
     <VALPOS>0004</VALPOS>
     <DDLANGUAGE>1</DDLANGUAGE>
     <DOMVALUE_L>4</DOMVALUE_L>
     <DDTEXT>采购付款DP兑付通知单</DDTEXT>
    </DD07V>
    <DD07V>
     <DOMNAME>ZTR2DM_AUTHTYPE</DOMNAME>
     <VALPOS>0005</VALPOS>
     <DDLANGUAGE>1</DDLANGUAGE>
     <DOMVALUE_L>5</DOMVALUE_L>
     <DDTEXT>DADP付款台账查询</DDTEXT>
    </DD07V>
    <DD07V>
     <DOMNAME>ZTR2DM_AUTHTYPE</DOMNAME>
     <VALPOS>0006</VALPOS>
     <DDLANGUAGE>1</DDLANGUAGE>
     <DOMVALUE_L>6</DOMVALUE_L>
     <DDTEXT>DADP付款单据综合查询平台</DDTEXT>
    </DD07V>
   </DD07V_TAB>
  </asx:values>
 </asx:abap>
</abapGit>
