﻿<?xml version="1.0" encoding="utf-8"?>
<abapGit version="v1.0.0" serializer="LCL_OBJECT_DOMA" serializer_version="v1.0.0">
 <asx:abap xmlns:asx="http://www.sap.com/abapxml" version="1.0">
  <asx:values>
   <DD01V>
    <DOMNAME>ZTR2_CCCOAMT</DOMNAME>
    <DDLANGUAGE>1</DDLANGUAGE>
    <DATATYPE>CURR</DATATYPE>
    <LENG>000015</LENG>
    <OUTPUTLEN>000020</OUTPUTLEN>
    <DECIMALS>000002</DECIMALS>
    <DDTEXT>中文字电码费原有金额</DDTEXT>
   </DD01V>
  </asx:values>
 </asx:abap>
</abapGit>
