﻿<?xml version="1.0" encoding="utf-8"?>
<abapGit version="v1.0.0" serializer="LCL_OBJECT_DOMA" serializer_version="v1.0.0">
 <asx:abap xmlns:asx="http://www.sap.com/abapxml" version="1.0">
  <asx:values>
   <DD01V>
    <DOMNAME>ZTR2DM_DOCTYPE_DADP</DOMNAME>
    <DDLANGUAGE>1</DDLANGUAGE>
    <DATATYPE>CHAR</DATATYPE>
    <LENG>000004</LENG>
    <OUTPUTLEN>000004</OUTPUTLEN>
    <VALEXI>X</VALEXI>
    <DDTEXT>单据类型</DDTEXT>
   </DD01V>
   <DD07V_TAB>
    <DD07V>
     <DOMNAME>ZTR2DM_DOCTYPE_DADP</DOMNAME>
     <VALPOS>0001</VALPOS>
     <DDLANGUAGE>1</DDLANGUAGE>
     <DOMVALUE_L>FK01</DOMVALUE_L>
     <DDTEXT>采购付款DADP通知单</DDTEXT>
    </DD07V>
    <DD07V>
     <DOMNAME>ZTR2DM_DOCTYPE_DADP</DOMNAME>
     <VALPOS>0002</VALPOS>
     <DDLANGUAGE>1</DDLANGUAGE>
     <DOMVALUE_L>FK02</DOMVALUE_L>
     <DDTEXT>采购付款DA承兑通知表</DDTEXT>
    </DD07V>
    <DD07V>
     <DOMNAME>ZTR2DM_DOCTYPE_DADP</DOMNAME>
     <VALPOS>0003</VALPOS>
     <DDLANGUAGE>1</DDLANGUAGE>
     <DOMVALUE_L>FK03</DOMVALUE_L>
     <DDTEXT>采购付款DA兑付通知表</DDTEXT>
    </DD07V>
    <DD07V>
     <DOMNAME>ZTR2DM_DOCTYPE_DADP</DOMNAME>
     <VALPOS>0004</VALPOS>
     <DDLANGUAGE>1</DDLANGUAGE>
     <DOMVALUE_L>FK04</DOMVALUE_L>
     <DDTEXT>采购付款DP兑付通知表</DDTEXT>
    </DD07V>
   </DD07V_TAB>
  </asx:values>
 </asx:abap>
</abapGit>
