﻿<?xml version="1.0" encoding="utf-8"?>
<abapGit version="v1.0.0" serializer="LCL_OBJECT_DOMA" serializer_version="v1.0.0">
 <asx:abap xmlns:asx="http://www.sap.com/abapxml" version="1.0">
  <asx:values>
   <DD01V>
    <DOMNAME>ZTR2_ACTIV3</DOMNAME>
    <DDLANGUAGE>1</DDLANGUAGE>
    <DATATYPE>CHAR</DATATYPE>
    <LENG>000002</LENG>
    <OUTPUTLEN>000002</OUTPUTLEN>
    <VALEXI>X</VALEXI>
    <DDTEXT>DADP付款</DDTEXT>
   </DD01V>
   <DD07V_TAB>
    <DD07V>
     <DOMNAME>ZTR2_ACTIV3</DOMNAME>
     <VALPOS>0001</VALPOS>
     <DDLANGUAGE>1</DDLANGUAGE>
     <DOMVALUE_L>1</DOMVALUE_L>
     <DDTEXT>采购合同信息创建、提交、保存</DDTEXT>
    </DD07V>
    <DD07V>
     <DOMNAME>ZTR2_ACTIV3</DOMNAME>
     <VALPOS>0002</VALPOS>
     <DDLANGUAGE>1</DDLANGUAGE>
     <DOMVALUE_L>2</DOMVALUE_L>
     <DDTEXT>DA承兑通知单创建、提交、保存</DDTEXT>
    </DD07V>
    <DD07V>
     <DOMNAME>ZTR2_ACTIV3</DOMNAME>
     <VALPOS>0003</VALPOS>
     <DDLANGUAGE>1</DDLANGUAGE>
     <DOMVALUE_L>3</DOMVALUE_L>
     <DDTEXT>DP兑付通知单创建、提交、保存</DDTEXT>
    </DD07V>
    <DD07V>
     <DOMNAME>ZTR2_ACTIV3</DOMNAME>
     <VALPOS>0004</VALPOS>
     <DDLANGUAGE>1</DDLANGUAGE>
     <DOMVALUE_L>4</DOMVALUE_L>
     <DDTEXT>DA采购反馈</DDTEXT>
    </DD07V>
    <DD07V>
     <DOMNAME>ZTR2_ACTIV3</DOMNAME>
     <VALPOS>0005</VALPOS>
     <DDLANGUAGE>1</DDLANGUAGE>
     <DOMVALUE_L>5</DOMVALUE_L>
     <DDTEXT>DA财务确认</DDTEXT>
    </DD07V>
    <DD07V>
     <DOMNAME>ZTR2_ACTIV3</DOMNAME>
     <VALPOS>0006</VALPOS>
     <DDLANGUAGE>1</DDLANGUAGE>
     <DOMVALUE_L>6</DOMVALUE_L>
     <DDTEXT>DA承兑确认</DDTEXT>
    </DD07V>
    <DD07V>
     <DOMNAME>ZTR2_ACTIV3</DOMNAME>
     <VALPOS>0007</VALPOS>
     <DDLANGUAGE>1</DDLANGUAGE>
     <DOMVALUE_L>7</DOMVALUE_L>
     <DDTEXT>DA兑付确认</DDTEXT>
    </DD07V>
    <DD07V>
     <DOMNAME>ZTR2_ACTIV3</DOMNAME>
     <VALPOS>0008</VALPOS>
     <DDLANGUAGE>1</DDLANGUAGE>
     <DOMVALUE_L>8</DOMVALUE_L>
     <DDTEXT>DP采购反馈</DDTEXT>
    </DD07V>
    <DD07V>
     <DOMNAME>ZTR2_ACTIV3</DOMNAME>
     <VALPOS>0009</VALPOS>
     <DDLANGUAGE>1</DDLANGUAGE>
     <DOMVALUE_L>9</DOMVALUE_L>
     <DDTEXT>DP财务确认</DDTEXT>
    </DD07V>
    <DD07V>
     <DOMNAME>ZTR2_ACTIV3</DOMNAME>
     <VALPOS>0010</VALPOS>
     <DDLANGUAGE>1</DDLANGUAGE>
     <DOMVALUE_L>10</DOMVALUE_L>
     <DDTEXT>DP兑付确认</DDTEXT>
    </DD07V>
    <DD07V>
     <DOMNAME>ZTR2_ACTIV3</DOMNAME>
     <VALPOS>0011</VALPOS>
     <DDLANGUAGE>1</DDLANGUAGE>
     <DOMVALUE_L>15</DOMVALUE_L>
     <DDTEXT>流水匹配查看-会计</DDTEXT>
    </DD07V>
   </DD07V_TAB>
  </asx:values>
 </asx:abap>
</abapGit>
