﻿<?xml version="1.0" encoding="utf-8"?>
<abapGit version="v1.0.0" serializer="LCL_OBJECT_DOMA" serializer_version="v1.0.0">
 <asx:abap xmlns:asx="http://www.sap.com/abapxml" version="1.0">
  <asx:values>
   <DD01V>
    <DOMNAME>ZTR2_DOCTYPE_RZ</DOMNAME>
    <DDLANGUAGE>1</DDLANGUAGE>
    <DATATYPE>CHAR</DATATYPE>
    <LENG>000004</LENG>
    <OUTPUTLEN>000004</OUTPUTLEN>
    <VALEXI>X</VALEXI>
    <DDTEXT>发票融资单据类型</DDTEXT>
   </DD01V>
   <DD07V_TAB>
    <DD07V>
     <DOMNAME>ZTR2_DOCTYPE_RZ</DOMNAME>
     <VALPOS>0001</VALPOS>
     <DDLANGUAGE>1</DDLANGUAGE>
     <DOMVALUE_L>RZ01</DOMVALUE_L>
     <DDTEXT>发票融资申请单</DDTEXT>
    </DD07V>
    <DD07V>
     <DOMNAME>ZTR2_DOCTYPE_RZ</DOMNAME>
     <VALPOS>0002</VALPOS>
     <DDLANGUAGE>1</DDLANGUAGE>
     <DOMVALUE_L>RZ02</DOMVALUE_L>
     <DDTEXT>发票融资还款单</DDTEXT>
    </DD07V>
   </DD07V_TAB>
  </asx:values>
 </asx:abap>
</abapGit>
