﻿<?xml version="1.0" encoding="utf-8"?>
<abapGit version="v1.0.0" serializer="LCL_OBJECT_DOMA" serializer_version="v1.0.0">
 <asx:abap xmlns:asx="http://www.sap.com/abapxml" version="1.0">
  <asx:values>
   <DD01V>
    <DOMNAME>ZTR2_CCCRATE</DOMNAME>
    <DDLANGUAGE>1</DDLANGUAGE>
    <DATATYPE>DEC</DATATYPE>
    <LENG>000010</LENG>
    <OUTPUTLEN>000012</OUTPUTLEN>
    <DECIMALS>000006</DECIMALS>
    <DDTEXT>中文字电码费汇率</DDTEXT>
   </DD01V>
  </asx:values>
 </asx:abap>
</abapGit>
