﻿<?xml version="1.0" encoding="utf-8"?>
<abapGit version="v1.0.0" serializer="LCL_OBJECT_DOMA" serializer_version="v1.0.0">
 <asx:abap xmlns:asx="http://www.sap.com/abapxml" version="1.0">
  <asx:values>
   <DD01V>
    <DOMNAME>ZTR2DM_TRANSCODE</DOMNAME>
    <DDLANGUAGE>1</DDLANGUAGE>
    <DATATYPE>CHAR</DATATYPE>
    <LENG>000010</LENG>
    <OUTPUTLEN>000010</OUTPUTLEN>
    <VALEXI>X</VALEXI>
    <DDTEXT>交易代码</DDTEXT>
   </DD01V>
   <DD07V_TAB>
    <DD07V>
     <DOMNAME>ZTR2DM_TRANSCODE</DOMNAME>
     <VALPOS>0001</VALPOS>
     <DDLANGUAGE>1</DDLANGUAGE>
     <DOMVALUE_L>BIENDO</DOMVALUE_L>
     <DDTEXT>背书申请</DDTEXT>
    </DD07V>
    <DD07V>
     <DOMNAME>ZTR2DM_TRANSCODE</DOMNAME>
     <VALPOS>0002</VALPOS>
     <DDLANGUAGE>1</DDLANGUAGE>
     <DOMVALUE_L>BILLGSIGN</DOMVALUE_L>
     <DDTEXT>签收</DDTEXT>
    </DD07V>
    <DD07V>
     <DOMNAME>ZTR2DM_TRANSCODE</DOMNAME>
     <VALPOS>0003</VALPOS>
     <DDLANGUAGE>1</DDLANGUAGE>
     <DOMVALUE_L>QBILLBASIC</DOMVALUE_L>
     <DDTEXT>基本信息查询接口</DDTEXT>
    </DD07V>
    <DD07V>
     <DOMNAME>ZTR2DM_TRANSCODE</DOMNAME>
     <VALPOS>0004</VALPOS>
     <DDLANGUAGE>1</DDLANGUAGE>
     <DOMVALUE_L>BIBANK</DOMVALUE_L>
     <DDTEXT>出票申请</DDTEXT>
    </DD07V>
    <DD07V>
     <DOMNAME>ZTR2DM_TRANSCODE</DOMNAME>
     <VALPOS>0005</VALPOS>
     <DDLANGUAGE>1</DDLANGUAGE>
     <DOMVALUE_L>COMPLEDGE</DOMVALUE_L>
     <DDTEXT>质押</DDTEXT>
    </DD07V>
    <DD07V>
     <DOMNAME>ZTR2DM_TRANSCODE</DOMNAME>
     <VALPOS>0006</VALPOS>
     <DDLANGUAGE>1</DDLANGUAGE>
     <DOMVALUE_L>QBILLSIGN</DOMVALUE_L>
     <DDTEXT>待签查询接口</DDTEXT>
    </DD07V>
    <DD07V>
     <DOMNAME>ZTR2DM_TRANSCODE</DOMNAME>
     <VALPOS>0007</VALPOS>
     <DDLANGUAGE>1</DDLANGUAGE>
     <DOMVALUE_L>QBI</DOMVALUE_L>
     <DDTEXT>指令查询</DDTEXT>
    </DD07V>
    <DD07V>
     <DOMNAME>ZTR2DM_TRANSCODE</DOMNAME>
     <VALPOS>0008</VALPOS>
     <DDLANGUAGE>1</DDLANGUAGE>
     <DOMVALUE_L>BIDISC</DOMVALUE_L>
     <DDTEXT>贴现申请</DDTEXT>
    </DD07V>
   </DD07V_TAB>
  </asx:values>
 </asx:abap>
</abapGit>
