﻿<?xml version="1.0" encoding="utf-8"?>
<abapGit version="v1.0.0" serializer="LCL_OBJECT_DOMA" serializer_version="v1.0.0">
 <asx:abap xmlns:asx="http://www.sap.com/abapxml" version="1.0">
  <asx:values>
   <DD01V>
    <DOMNAME>ZTR2_ACCOUNTNO</DOMNAME>
    <DDLANGUAGE>1</DDLANGUAGE>
    <DATATYPE>CHAR</DATATYPE>
    <LENG>000034</LENG>
    <OUTPUTLEN>000034</OUTPUTLEN>
    <DDTEXT>账号（出票人账号，当前持票人账号，收票人账号之一）</DDTEXT>
   </DD01V>
  </asx:values>
 </asx:abap>
</abapGit>
