﻿<?xml version="1.0" encoding="utf-8"?>
<abapGit version="v1.0.0" serializer="LCL_OBJECT_DOMA" serializer_version="v1.0.0">
 <asx:abap xmlns:asx="http://www.sap.com/abapxml" version="1.0">
  <asx:values>
   <DD01V>
    <DOMNAME>ZTR2DM_ZDJLX</DOMNAME>
    <DDLANGUAGE>1</DDLANGUAGE>
    <DATATYPE>CHAR</DATATYPE>
    <LENG>000004</LENG>
    <OUTPUTLEN>000004</OUTPUTLEN>
    <VALEXI>X</VALEXI>
    <DDTEXT>单据类型</DDTEXT>
   </DD01V>
   <DD07V_TAB>
    <DD07V>
     <DOMNAME>ZTR2DM_ZDJLX</DOMNAME>
     <VALPOS>0001</VALPOS>
     <DDLANGUAGE>1</DDLANGUAGE>
     <DOMVALUE_L>GN01</DOMVALUE_L>
     <DDTEXT>内贸接收信用证申请单</DDTEXT>
    </DD07V>
    <DD07V>
     <DOMNAME>ZTR2DM_ZDJLX</DOMNAME>
     <VALPOS>0002</VALPOS>
     <DDLANGUAGE>1</DDLANGUAGE>
     <DOMVALUE_L>GN02</DOMVALUE_L>
     <DDTEXT>国内接收信用证通知单</DDTEXT>
    </DD07V>
   </DD07V_TAB>
  </asx:values>
 </asx:abap>
</abapGit>
