﻿<?xml version="1.0" encoding="utf-8"?>
<abapGit version="v1.0.0" serializer="LCL_OBJECT_DOMA" serializer_version="v1.0.0">
 <asx:abap xmlns:asx="http://www.sap.com/abapxml" version="1.0">
  <asx:values>
   <DD01V>
    <DOMNAME>ZTR2_DOCTYPE_FPRZ1</DOMNAME>
    <DDLANGUAGE>1</DDLANGUAGE>
    <DATATYPE>CHAR</DATATYPE>
    <LENG>000004</LENG>
    <OUTPUTLEN>000004</OUTPUTLEN>
    <VALEXI>X</VALEXI>
    <DDTEXT>DA/DP单据类型</DDTEXT>
   </DD01V>
   <DD07V_TAB>
    <DD07V>
     <DOMNAME>ZTR2_DOCTYPE_FPRZ1</DOMNAME>
     <VALPOS>0001</VALPOS>
     <DDLANGUAGE>1</DDLANGUAGE>
     <DOMVALUE_L>DZ01</DOMVALUE_L>
     <DDTEXT>DA/DP融资申请表</DDTEXT>
    </DD07V>
    <DD07V>
     <DOMNAME>ZTR2_DOCTYPE_FPRZ1</DOMNAME>
     <VALPOS>0002</VALPOS>
     <DDLANGUAGE>1</DDLANGUAGE>
     <DOMVALUE_L>DZ02</DOMVALUE_L>
     <DDTEXT>DA/DP托收申请表</DDTEXT>
    </DD07V>
    <DD07V>
     <DOMNAME>ZTR2_DOCTYPE_FPRZ1</DOMNAME>
     <VALPOS>0003</VALPOS>
     <DDLANGUAGE>1</DDLANGUAGE>
     <DOMVALUE_L>DZ03</DOMVALUE_L>
     <DDTEXT>销售DA/DP收款变更申请表</DDTEXT>
    </DD07V>
    <DD07V>
     <DOMNAME>ZTR2_DOCTYPE_FPRZ1</DOMNAME>
     <VALPOS>0004</VALPOS>
     <DDLANGUAGE>1</DDLANGUAGE>
     <DOMVALUE_L>DZ04</DOMVALUE_L>
     <DDTEXT>融资还款表</DDTEXT>
    </DD07V>
   </DD07V_TAB>
  </asx:values>
 </asx:abap>
</abapGit>
