﻿<?xml version="1.0" encoding="utf-8"?>
<abapGit version="v1.0.0" serializer="LCL_OBJECT_DOMA" serializer_version="v1.0.0">
 <asx:abap xmlns:asx="http://www.sap.com/abapxml" version="1.0">
  <asx:values>
   <DD01V>
    <DOMNAME>ZTR2_DRTYPE</DOMNAME>
    <DDLANGUAGE>1</DDLANGUAGE>
    <DATATYPE>CHAR</DATATYPE>
    <LENG>000006</LENG>
    <OUTPUTLEN>000006</OUTPUTLEN>
    <VALEXI>X</VALEXI>
    <DDTEXT>回单类型</DDTEXT>
   </DD01V>
   <DD07V_TAB>
    <DD07V>
     <DOMNAME>ZTR2_DRTYPE</DOMNAME>
     <VALPOS>0001</VALPOS>
     <DDLANGUAGE>1</DDLANGUAGE>
     <DOMVALUE_L>100000</DOMVALUE_L>
     <DDTEXT>存款回单</DDTEXT>
    </DD07V>
    <DD07V>
     <DOMNAME>ZTR2_DRTYPE</DOMNAME>
     <VALPOS>0002</VALPOS>
     <DDLANGUAGE>1</DDLANGUAGE>
     <DOMVALUE_L>100001</DOMVALUE_L>
     <DDTEXT>取款回单</DDTEXT>
    </DD07V>
    <DD07V>
     <DOMNAME>ZTR2_DRTYPE</DOMNAME>
     <VALPOS>0003</VALPOS>
     <DDLANGUAGE>1</DDLANGUAGE>
     <DOMVALUE_L>200000</DOMVALUE_L>
     <DDTEXT>转账回单</DDTEXT>
    </DD07V>
    <DD07V>
     <DOMNAME>ZTR2_DRTYPE</DOMNAME>
     <VALPOS>0004</VALPOS>
     <DDLANGUAGE>1</DDLANGUAGE>
     <DOMVALUE_L>200001</DOMVALUE_L>
     <DDTEXT>缴税回单</DDTEXT>
    </DD07V>
    <DD07V>
     <DOMNAME>ZTR2_DRTYPE</DOMNAME>
     <VALPOS>0005</VALPOS>
     <DDLANGUAGE>1</DDLANGUAGE>
     <DOMVALUE_L>300000</DOMVALUE_L>
     <DDTEXT>收费回单</DDTEXT>
    </DD07V>
    <DD07V>
     <DOMNAME>ZTR2_DRTYPE</DOMNAME>
     <VALPOS>0006</VALPOS>
     <DDLANGUAGE>1</DDLANGUAGE>
     <DOMVALUE_L>400000</DOMVALUE_L>
     <DDTEXT>定期回单</DDTEXT>
    </DD07V>
    <DD07V>
     <DOMNAME>ZTR2_DRTYPE</DOMNAME>
     <VALPOS>0007</VALPOS>
     <DDLANGUAGE>1</DDLANGUAGE>
     <DOMVALUE_L>400001</DOMVALUE_L>
     <DDTEXT>活期回单</DDTEXT>
    </DD07V>
   </DD07V_TAB>
  </asx:values>
 </asx:abap>
</abapGit>
