﻿<?xml version="1.0" encoding="utf-8"?>
<abapGit version="v1.0.0" serializer="LCL_OBJECT_DOMA" serializer_version="v1.0.0">
 <asx:abap xmlns:asx="http://www.sap.com/abapxml" version="1.0">
  <asx:values>
   <DD01V>
    <DOMNAME>ZTR2DM_ACTION</DOMNAME>
    <DDLANGUAGE>1</DDLANGUAGE>
    <DATATYPE>CHAR</DATATYPE>
    <LENG>000003</LENG>
    <OUTPUTLEN>000003</OUTPUTLEN>
    <VALEXI>X</VALEXI>
    <DDTEXT>银企直连的操作</DDTEXT>
   </DD01V>
   <DD07V_TAB>
    <DD07V>
     <DOMNAME>ZTR2DM_ACTION</DOMNAME>
     <VALPOS>0001</VALPOS>
     <DDLANGUAGE>1</DDLANGUAGE>
     <DOMVALUE_L>A02</DOMVALUE_L>
     <DDTEXT>背书转让申请</DDTEXT>
    </DD07V>
    <DD07V>
     <DOMNAME>ZTR2DM_ACTION</DOMNAME>
     <VALPOS>0002</VALPOS>
     <DDLANGUAGE>1</DDLANGUAGE>
     <DOMVALUE_L>A03</DOMVALUE_L>
     <DDTEXT>票据通用签收指令提交</DDTEXT>
    </DD07V>
    <DD07V>
     <DOMNAME>ZTR2DM_ACTION</DOMNAME>
     <VALPOS>0003</VALPOS>
     <DDLANGUAGE>1</DDLANGUAGE>
     <DOMVALUE_L>A04</DOMVALUE_L>
     <DDTEXT>票据基本信息查询</DDTEXT>
    </DD07V>
    <DD07V>
     <DOMNAME>ZTR2DM_ACTION</DOMNAME>
     <VALPOS>0004</VALPOS>
     <DDLANGUAGE>1</DDLANGUAGE>
     <DOMVALUE_L>A05</DOMVALUE_L>
     <DDTEXT>出票申请</DDTEXT>
    </DD07V>
    <DD07V>
     <DOMNAME>ZTR2DM_ACTION</DOMNAME>
     <VALPOS>0005</VALPOS>
     <DDLANGUAGE>1</DDLANGUAGE>
     <DOMVALUE_L>A06</DOMVALUE_L>
     <DDTEXT>普通质押接口</DDTEXT>
    </DD07V>
    <DD07V>
     <DOMNAME>ZTR2DM_ACTION</DOMNAME>
     <VALPOS>0006</VALPOS>
     <DDLANGUAGE>1</DDLANGUAGE>
     <DOMVALUE_L>A07</DOMVALUE_L>
     <DDTEXT>票据待签收列表查询</DDTEXT>
    </DD07V>
    <DD07V>
     <DOMNAME>ZTR2DM_ACTION</DOMNAME>
     <VALPOS>0007</VALPOS>
     <DDLANGUAGE>1</DDLANGUAGE>
     <DOMVALUE_L>A08</DOMVALUE_L>
     <DDTEXT>票据指令查询</DDTEXT>
    </DD07V>
    <DD07V>
     <DOMNAME>ZTR2DM_ACTION</DOMNAME>
     <VALPOS>0008</VALPOS>
     <DDLANGUAGE>1</DDLANGUAGE>
     <DOMVALUE_L>A09</DOMVALUE_L>
     <DDTEXT>贴现接口</DDTEXT>
    </DD07V>
    <DD07V>
     <DOMNAME>ZTR2DM_ACTION</DOMNAME>
     <VALPOS>0009</VALPOS>
     <DDLANGUAGE>1</DDLANGUAGE>
     <DOMVALUE_L>A10</DOMVALUE_L>
     <DDTEXT>资产池指令查询</DDTEXT>
    </DD07V>
   </DD07V_TAB>
  </asx:values>
 </asx:abap>
</abapGit>
