﻿<?xml version="1.0" encoding="utf-8"?>
<abapGit version="v1.0.0" serializer="LCL_OBJECT_DOMA" serializer_version="v1.0.0">
 <asx:abap xmlns:asx="http://www.sap.com/abapxml" version="1.0">
  <asx:values>
   <DD01V>
    <DOMNAME>ZTR2_ACTIV2</DOMNAME>
    <DDLANGUAGE>1</DDLANGUAGE>
    <DATATYPE>CHAR</DATATYPE>
    <LENG>000002</LENG>
    <OUTPUTLEN>000002</OUTPUTLEN>
    <VALEXI>X</VALEXI>
    <DDTEXT>Invoice discounting</DDTEXT>
   </DD01V>
   <DD07V_TAB>
    <DD07V>
     <DOMNAME>ZTR2_ACTIV2</DOMNAME>
     <VALPOS>0001</VALPOS>
     <DDLANGUAGE>1</DDLANGUAGE>
     <DOMVALUE_L>1</DOMVALUE_L>
     <DDTEXT>申请创建、保存、删除</DDTEXT>
    </DD07V>
    <DD07V>
     <DOMNAME>ZTR2_ACTIV2</DOMNAME>
     <VALPOS>0002</VALPOS>
     <DDLANGUAGE>1</DDLANGUAGE>
     <DOMVALUE_L>2</DOMVALUE_L>
     <DDTEXT>申请提交</DDTEXT>
    </DD07V>
    <DD07V>
     <DOMNAME>ZTR2_ACTIV2</DOMNAME>
     <VALPOS>0003</VALPOS>
     <DDLANGUAGE>1</DDLANGUAGE>
     <DOMVALUE_L>3</DOMVALUE_L>
     <DDTEXT>查看</DDTEXT>
    </DD07V>
    <DD07V>
     <DOMNAME>ZTR2_ACTIV2</DOMNAME>
     <VALPOS>0004</VALPOS>
     <DDLANGUAGE>1</DDLANGUAGE>
     <DOMVALUE_L>4</DOMVALUE_L>
     <DDTEXT>交单反馈创建</DDTEXT>
    </DD07V>
    <DD07V>
     <DOMNAME>ZTR2_ACTIV2</DOMNAME>
     <VALPOS>0005</VALPOS>
     <DDLANGUAGE>1</DDLANGUAGE>
     <DOMVALUE_L>5</DOMVALUE_L>
     <DDTEXT>交单反馈提交</DDTEXT>
    </DD07V>
    <DD07V>
     <DOMNAME>ZTR2_ACTIV2</DOMNAME>
     <VALPOS>0006</VALPOS>
     <DDLANGUAGE>1</DDLANGUAGE>
     <DOMVALUE_L>6</DOMVALUE_L>
     <DDTEXT>交单反馈重新办理</DDTEXT>
    </DD07V>
    <DD07V>
     <DOMNAME>ZTR2_ACTIV2</DOMNAME>
     <VALPOS>0007</VALPOS>
     <DDLANGUAGE>1</DDLANGUAGE>
     <DOMVALUE_L>7</DOMVALUE_L>
     <DDTEXT>交单反馈取消办理</DDTEXT>
    </DD07V>
    <DD07V>
     <DOMNAME>ZTR2_ACTIV2</DOMNAME>
     <VALPOS>0008</VALPOS>
     <DDLANGUAGE>1</DDLANGUAGE>
     <DOMVALUE_L>8</DOMVALUE_L>
     <DDTEXT>交单反馈退回</DDTEXT>
    </DD07V>
    <DD07V>
     <DOMNAME>ZTR2_ACTIV2</DOMNAME>
     <VALPOS>0009</VALPOS>
     <DDLANGUAGE>1</DDLANGUAGE>
     <DOMVALUE_L>9</DOMVALUE_L>
     <DDTEXT>还款单创建、保存</DDTEXT>
    </DD07V>
    <DD07V>
     <DOMNAME>ZTR2_ACTIV2</DOMNAME>
     <VALPOS>0010</VALPOS>
     <DDLANGUAGE>1</DDLANGUAGE>
     <DOMVALUE_L>10</DOMVALUE_L>
     <DDTEXT>还款单提交</DDTEXT>
    </DD07V>
    <DD07V>
     <DOMNAME>ZTR2_ACTIV2</DOMNAME>
     <VALPOS>0011</VALPOS>
     <DDLANGUAGE>1</DDLANGUAGE>
     <DOMVALUE_L>11</DOMVALUE_L>
     <DDTEXT>还款单退回</DDTEXT>
    </DD07V>
    <DD07V>
     <DOMNAME>ZTR2_ACTIV2</DOMNAME>
     <VALPOS>0012</VALPOS>
     <DDLANGUAGE>1</DDLANGUAGE>
     <DOMVALUE_L>12</DOMVALUE_L>
     <DDTEXT>还款单删除</DDTEXT>
    </DD07V>
    <DD07V>
     <DOMNAME>ZTR2_ACTIV2</DOMNAME>
     <VALPOS>0013</VALPOS>
     <DDLANGUAGE>1</DDLANGUAGE>
     <DOMVALUE_L>13</DOMVALUE_L>
     <DDTEXT>融资申请单流水匹配</DDTEXT>
    </DD07V>
    <DD07V>
     <DOMNAME>ZTR2_ACTIV2</DOMNAME>
     <VALPOS>0014</VALPOS>
     <DDLANGUAGE>1</DDLANGUAGE>
     <DOMVALUE_L>14</DOMVALUE_L>
     <DDTEXT>融资还款单流水匹配</DDTEXT>
    </DD07V>
    <DD07V>
     <DOMNAME>ZTR2_ACTIV2</DOMNAME>
     <VALPOS>0015</VALPOS>
     <DDLANGUAGE>1</DDLANGUAGE>
     <DOMVALUE_L>20</DOMVALUE_L>
     <DDTEXT>流水匹配查看-会计</DDTEXT>
    </DD07V>
   </DD07V_TAB>
  </asx:values>
 </asx:abap>
</abapGit>
