﻿<?xml version="1.0" encoding="utf-8"?>
<abapGit version="v1.0.0" serializer="LCL_OBJECT_CLAS" serializer_version="v1.0.0">
 <asx:abap xmlns:asx="http://www.sap.com/abapxml" version="1.0">
  <asx:values>
   <VSEOCLASS>
    <CLSNAME>ZCL_EXCEL_STYLE_PROTECTION</CLSNAME>
    <LANGU>E</LANGU>
    <DESCRIPT>Protection Style</DESCRIPT>
    <STATE>1</STATE>
    <CLSCCINCL>X</CLSCCINCL>
    <FIXPT>X</FIXPT>
    <UNICODE>X</UNICODE>
   </VSEOCLASS>
   <DESCRIPTIONS>
    <SEOCOMPOTX>
     <CLSNAME>ZCL_EXCEL_STYLE_PROTECTION</CLSNAME>
     <CMPNAME>CONSTRUCTOR</CMPNAME>
     <LANGU>E</LANGU>
     <DESCRIPT>CONSTRUCTOR</DESCRIPT>
    </SEOCOMPOTX>
    <SEOCOMPOTX>
     <CLSNAME>ZCL_EXCEL_STYLE_PROTECTION</CLSNAME>
     <CMPNAME>CONSTRUCTOR</CMPNAME>
     <LANGU>I</LANGU>
     <DESCRIPT>CONSTRUCTOR</DESCRIPT>
    </SEOCOMPOTX>
    <SEOCOMPOTX>
     <CLSNAME>ZCL_EXCEL_STYLE_PROTECTION</CLSNAME>
     <CMPNAME>C_PROTECTION_HIDDEN</CMPNAME>
     <LANGU>E</LANGU>
     <DESCRIPT>Protection</DESCRIPT>
    </SEOCOMPOTX>
    <SEOCOMPOTX>
     <CLSNAME>ZCL_EXCEL_STYLE_PROTECTION</CLSNAME>
     <CMPNAME>C_PROTECTION_HIDDEN</CMPNAME>
     <LANGU>I</LANGU>
     <DESCRIPT>Protection</DESCRIPT>
    </SEOCOMPOTX>
    <SEOCOMPOTX>
     <CLSNAME>ZCL_EXCEL_STYLE_PROTECTION</CLSNAME>
     <CMPNAME>C_PROTECTION_LOCKED</CMPNAME>
     <LANGU>E</LANGU>
     <DESCRIPT>Protection</DESCRIPT>
    </SEOCOMPOTX>
    <SEOCOMPOTX>
     <CLSNAME>ZCL_EXCEL_STYLE_PROTECTION</CLSNAME>
     <CMPNAME>C_PROTECTION_LOCKED</CMPNAME>
     <LANGU>I</LANGU>
     <DESCRIPT>Protection</DESCRIPT>
    </SEOCOMPOTX>
    <SEOCOMPOTX>
     <CLSNAME>ZCL_EXCEL_STYLE_PROTECTION</CLSNAME>
     <CMPNAME>C_PROTECTION_UNHIDDEN</CMPNAME>
     <LANGU>E</LANGU>
     <DESCRIPT>Protection</DESCRIPT>
    </SEOCOMPOTX>
    <SEOCOMPOTX>
     <CLSNAME>ZCL_EXCEL_STYLE_PROTECTION</CLSNAME>
     <CMPNAME>C_PROTECTION_UNHIDDEN</CMPNAME>
     <LANGU>I</LANGU>
     <DESCRIPT>Protection</DESCRIPT>
    </SEOCOMPOTX>
    <SEOCOMPOTX>
     <CLSNAME>ZCL_EXCEL_STYLE_PROTECTION</CLSNAME>
     <CMPNAME>C_PROTECTION_UNLOCKED</CMPNAME>
     <LANGU>E</LANGU>
     <DESCRIPT>Protection</DESCRIPT>
    </SEOCOMPOTX>
    <SEOCOMPOTX>
     <CLSNAME>ZCL_EXCEL_STYLE_PROTECTION</CLSNAME>
     <CMPNAME>C_PROTECTION_UNLOCKED</CMPNAME>
     <LANGU>I</LANGU>
     <DESCRIPT>Protection</DESCRIPT>
    </SEOCOMPOTX>
    <SEOCOMPOTX>
     <CLSNAME>ZCL_EXCEL_STYLE_PROTECTION</CLSNAME>
     <CMPNAME>HIDDEN</CMPNAME>
     <LANGU>E</LANGU>
     <DESCRIPT>Protection</DESCRIPT>
    </SEOCOMPOTX>
    <SEOCOMPOTX>
     <CLSNAME>ZCL_EXCEL_STYLE_PROTECTION</CLSNAME>
     <CMPNAME>HIDDEN</CMPNAME>
     <LANGU>I</LANGU>
     <DESCRIPT>Protection</DESCRIPT>
    </SEOCOMPOTX>
    <SEOCOMPOTX>
     <CLSNAME>ZCL_EXCEL_STYLE_PROTECTION</CLSNAME>
     <CMPNAME>LOCKED</CMPNAME>
     <LANGU>E</LANGU>
     <DESCRIPT>Protection</DESCRIPT>
    </SEOCOMPOTX>
    <SEOCOMPOTX>
     <CLSNAME>ZCL_EXCEL_STYLE_PROTECTION</CLSNAME>
     <CMPNAME>LOCKED</CMPNAME>
     <LANGU>I</LANGU>
     <DESCRIPT>Protection</DESCRIPT>
    </SEOCOMPOTX>
   </DESCRIPTIONS>
  </asx:values>
 </asx:abap>
</abapGit>
