﻿<?xml version="1.0" encoding="utf-8"?>
<abapGit version="v1.0.0" serializer="LCL_OBJECT_CLAS" serializer_version="v1.0.0">
 <asx:abap xmlns:asx="http://www.sap.com/abapxml" version="1.0">
  <asx:values>
   <VSEOCLASS>
    <CLSNAME>ZCL_EXCEL_ROW</CLSNAME>
    <LANGU>E</LANGU>
    <DESCRIPT>Worksheet RowDimension</DESCRIPT>
    <STATE>1</STATE>
    <CLSCCINCL>X</CLSCCINCL>
    <FIXPT>X</FIXPT>
    <UNICODE>X</UNICODE>
   </VSEOCLASS>
   <DESCRIPTIONS>
    <SEOCOMPOTX>
     <CLSNAME>ZCL_EXCEL_ROW</CLSNAME>
     <CMPNAME>COLLAPSED</CMPNAME>
     <LANGU>E</LANGU>
     <DESCRIPT>Boolean Variable (X=True, -=False, Space=Unknown)</DESCRIPT>
    </SEOCOMPOTX>
    <SEOCOMPOTX>
     <CLSNAME>ZCL_EXCEL_ROW</CLSNAME>
     <CMPNAME>GET_COLLAPSED</CMPNAME>
     <LANGU>E</LANGU>
     <DESCRIPT>new - please pass worksheet to make use of new outline info</DESCRIPT>
    </SEOCOMPOTX>
    <SEOCOMPOTX>
     <CLSNAME>ZCL_EXCEL_ROW</CLSNAME>
     <CMPNAME>GET_OUTLINE_LEVEL</CMPNAME>
     <LANGU>E</LANGU>
     <DESCRIPT>new - please pass worksheet to make use of new outline info</DESCRIPT>
    </SEOCOMPOTX>
    <SEOCOMPOTX>
     <CLSNAME>ZCL_EXCEL_ROW</CLSNAME>
     <CMPNAME>GET_VISIBLE</CMPNAME>
     <LANGU>E</LANGU>
     <DESCRIPT>new - please pass worksheet to make use of new outline info</DESCRIPT>
    </SEOCOMPOTX>
    <SEOCOMPOTX>
     <CLSNAME>ZCL_EXCEL_ROW</CLSNAME>
     <CMPNAME>OUTLINE_LEVEL</CMPNAME>
     <LANGU>E</LANGU>
     <DESCRIPT>Natural number</DESCRIPT>
    </SEOCOMPOTX>
    <SEOCOMPOTX>
     <CLSNAME>ZCL_EXCEL_ROW</CLSNAME>
     <CMPNAME>ROW_HEIGHT</CMPNAME>
     <LANGU>E</LANGU>
     <DESCRIPT>Field of type FLTP</DESCRIPT>
    </SEOCOMPOTX>
    <SEOCOMPOTX>
     <CLSNAME>ZCL_EXCEL_ROW</CLSNAME>
     <CMPNAME>ROW_INDEX</CMPNAME>
     <LANGU>E</LANGU>
     <DESCRIPT>Natural number</DESCRIPT>
    </SEOCOMPOTX>
    <SEOCOMPOTX>
     <CLSNAME>ZCL_EXCEL_ROW</CLSNAME>
     <CMPNAME>SET_COLLAPSED</CMPNAME>
     <LANGU>E</LANGU>
     <DESCRIPT>obsolete - please use worksheet-&gt;set_outline instead</DESCRIPT>
    </SEOCOMPOTX>
    <SEOCOMPOTX>
     <CLSNAME>ZCL_EXCEL_ROW</CLSNAME>
     <CMPNAME>SET_OUTLINE_LEVEL</CMPNAME>
     <LANGU>E</LANGU>
     <DESCRIPT>obsolete - please use worksheet-&gt;set_outline instead</DESCRIPT>
    </SEOCOMPOTX>
    <SEOCOMPOTX>
     <CLSNAME>ZCL_EXCEL_ROW</CLSNAME>
     <CMPNAME>VISIBLE</CMPNAME>
     <LANGU>E</LANGU>
     <DESCRIPT>Boolean Variable (X=True, -=False, Space=Unknown)</DESCRIPT>
    </SEOCOMPOTX>
    <SEOCOMPOTX>
     <CLSNAME>ZCL_EXCEL_ROW</CLSNAME>
     <CMPNAME>XF_INDEX</CMPNAME>
     <LANGU>E</LANGU>
     <DESCRIPT>Natural number</DESCRIPT>
    </SEOCOMPOTX>
   </DESCRIPTIONS>
  </asx:values>
 </asx:abap>
</abapGit>
