﻿<?xml version="1.0" encoding="utf-8"?>
<abapGit version="v1.0.0" serializer="LCL_OBJECT_CLAS" serializer_version="v1.0.0">
 <asx:abap xmlns:asx="http://www.sap.com/abapxml" version="1.0">
  <asx:values>
   <VSEOCLASS>
    <CLSNAME>ZCL_EXCEL_STYLE_FONT</CLSNAME>
    <LANGU>E</LANGU>
    <DESCRIPT>Font Style</DESCRIPT>
    <STATE>1</STATE>
    <CLSCCINCL>X</CLSCCINCL>
    <FIXPT>X</FIXPT>
    <UNICODE>X</UNICODE>
   </VSEOCLASS>
   <DESCRIPTIONS>
    <SEOCOMPOTX>
     <CLSNAME>ZCL_EXCEL_STYLE_FONT</CLSNAME>
     <CMPNAME>BOLD</CMPNAME>
     <LANGU>E</LANGU>
     <DESCRIPT>Bold</DESCRIPT>
    </SEOCOMPOTX>
    <SEOCOMPOTX>
     <CLSNAME>ZCL_EXCEL_STYLE_FONT</CLSNAME>
     <CMPNAME>BOLD</CMPNAME>
     <LANGU>I</LANGU>
     <DESCRIPT>Bold</DESCRIPT>
    </SEOCOMPOTX>
    <SEOCOMPOTX>
     <CLSNAME>ZCL_EXCEL_STYLE_FONT</CLSNAME>
     <CMPNAME>CALCULATE_TEXT_WIDTH</CMPNAME>
     <LANGU>E</LANGU>
     <DESCRIPT>Calculate text width based on font size</DESCRIPT>
    </SEOCOMPOTX>
    <SEOCOMPOTX>
     <CLSNAME>ZCL_EXCEL_STYLE_FONT</CLSNAME>
     <CMPNAME>CALCULATE_TEXT_WIDTH</CMPNAME>
     <LANGU>I</LANGU>
     <DESCRIPT>Calculate text width based on font size</DESCRIPT>
    </SEOCOMPOTX>
    <SEOCOMPOTX>
     <CLSNAME>ZCL_EXCEL_STYLE_FONT</CLSNAME>
     <CMPNAME>COLOR</CMPNAME>
     <LANGU>E</LANGU>
     <DESCRIPT>Color ARGB</DESCRIPT>
    </SEOCOMPOTX>
    <SEOCOMPOTX>
     <CLSNAME>ZCL_EXCEL_STYLE_FONT</CLSNAME>
     <CMPNAME>COLOR</CMPNAME>
     <LANGU>I</LANGU>
     <DESCRIPT>Color ARGB</DESCRIPT>
    </SEOCOMPOTX>
    <SEOCOMPOTX>
     <CLSNAME>ZCL_EXCEL_STYLE_FONT</CLSNAME>
     <CMPNAME>CONSTRUCTOR</CMPNAME>
     <LANGU>E</LANGU>
     <DESCRIPT>CONSTRUCTOR</DESCRIPT>
    </SEOCOMPOTX>
    <SEOCOMPOTX>
     <CLSNAME>ZCL_EXCEL_STYLE_FONT</CLSNAME>
     <CMPNAME>CONSTRUCTOR</CMPNAME>
     <LANGU>I</LANGU>
     <DESCRIPT>CONSTRUCTOR</DESCRIPT>
    </SEOCOMPOTX>
    <SEOCOMPOTX>
     <CLSNAME>ZCL_EXCEL_STYLE_FONT</CLSNAME>
     <CMPNAME>C_FAMILY_DECORATIVE</CMPNAME>
     <LANGU>E</LANGU>
     <DESCRIPT>Font family</DESCRIPT>
    </SEOCOMPOTX>
    <SEOCOMPOTX>
     <CLSNAME>ZCL_EXCEL_STYLE_FONT</CLSNAME>
     <CMPNAME>C_FAMILY_DECORATIVE</CMPNAME>
     <LANGU>I</LANGU>
     <DESCRIPT>Font family</DESCRIPT>
    </SEOCOMPOTX>
    <SEOCOMPOTX>
     <CLSNAME>ZCL_EXCEL_STYLE_FONT</CLSNAME>
     <CMPNAME>C_FAMILY_MODERN</CMPNAME>
     <LANGU>E</LANGU>
     <DESCRIPT>Font family</DESCRIPT>
    </SEOCOMPOTX>
    <SEOCOMPOTX>
     <CLSNAME>ZCL_EXCEL_STYLE_FONT</CLSNAME>
     <CMPNAME>C_FAMILY_MODERN</CMPNAME>
     <LANGU>I</LANGU>
     <DESCRIPT>Font family</DESCRIPT>
    </SEOCOMPOTX>
    <SEOCOMPOTX>
     <CLSNAME>ZCL_EXCEL_STYLE_FONT</CLSNAME>
     <CMPNAME>C_FAMILY_NONE</CMPNAME>
     <LANGU>E</LANGU>
     <DESCRIPT>Font family</DESCRIPT>
    </SEOCOMPOTX>
    <SEOCOMPOTX>
     <CLSNAME>ZCL_EXCEL_STYLE_FONT</CLSNAME>
     <CMPNAME>C_FAMILY_NONE</CMPNAME>
     <LANGU>I</LANGU>
     <DESCRIPT>Font family</DESCRIPT>
    </SEOCOMPOTX>
    <SEOCOMPOTX>
     <CLSNAME>ZCL_EXCEL_STYLE_FONT</CLSNAME>
     <CMPNAME>C_FAMILY_ROMAN</CMPNAME>
     <LANGU>E</LANGU>
     <DESCRIPT>Font family</DESCRIPT>
    </SEOCOMPOTX>
    <SEOCOMPOTX>
     <CLSNAME>ZCL_EXCEL_STYLE_FONT</CLSNAME>
     <CMPNAME>C_FAMILY_ROMAN</CMPNAME>
     <LANGU>I</LANGU>
     <DESCRIPT>Font family</DESCRIPT>
    </SEOCOMPOTX>
    <SEOCOMPOTX>
     <CLSNAME>ZCL_EXCEL_STYLE_FONT</CLSNAME>
     <CMPNAME>C_FAMILY_SCRIPT</CMPNAME>
     <LANGU>E</LANGU>
     <DESCRIPT>Font family</DESCRIPT>
    </SEOCOMPOTX>
    <SEOCOMPOTX>
     <CLSNAME>ZCL_EXCEL_STYLE_FONT</CLSNAME>
     <CMPNAME>C_FAMILY_SCRIPT</CMPNAME>
     <LANGU>I</LANGU>
     <DESCRIPT>Font family</DESCRIPT>
    </SEOCOMPOTX>
    <SEOCOMPOTX>
     <CLSNAME>ZCL_EXCEL_STYLE_FONT</CLSNAME>
     <CMPNAME>C_FAMILY_SWISS</CMPNAME>
     <LANGU>E</LANGU>
     <DESCRIPT>Font family</DESCRIPT>
    </SEOCOMPOTX>
    <SEOCOMPOTX>
     <CLSNAME>ZCL_EXCEL_STYLE_FONT</CLSNAME>
     <CMPNAME>C_FAMILY_SWISS</CMPNAME>
     <LANGU>I</LANGU>
     <DESCRIPT>Font family</DESCRIPT>
    </SEOCOMPOTX>
    <SEOCOMPOTX>
     <CLSNAME>ZCL_EXCEL_STYLE_FONT</CLSNAME>
     <CMPNAME>C_NAME_ARIAL</CMPNAME>
     <LANGU>E</LANGU>
     <DESCRIPT>Font name</DESCRIPT>
    </SEOCOMPOTX>
    <SEOCOMPOTX>
     <CLSNAME>ZCL_EXCEL_STYLE_FONT</CLSNAME>
     <CMPNAME>C_NAME_ARIAL</CMPNAME>
     <LANGU>I</LANGU>
     <DESCRIPT>Font name</DESCRIPT>
    </SEOCOMPOTX>
    <SEOCOMPOTX>
     <CLSNAME>ZCL_EXCEL_STYLE_FONT</CLSNAME>
     <CMPNAME>C_NAME_CALIBRI</CMPNAME>
     <LANGU>E</LANGU>
     <DESCRIPT>Font name</DESCRIPT>
    </SEOCOMPOTX>
    <SEOCOMPOTX>
     <CLSNAME>ZCL_EXCEL_STYLE_FONT</CLSNAME>
     <CMPNAME>C_NAME_CALIBRI</CMPNAME>
     <LANGU>I</LANGU>
     <DESCRIPT>Font name</DESCRIPT>
    </SEOCOMPOTX>
    <SEOCOMPOTX>
     <CLSNAME>ZCL_EXCEL_STYLE_FONT</CLSNAME>
     <CMPNAME>C_NAME_CAMBRIA</CMPNAME>
     <LANGU>E</LANGU>
     <DESCRIPT>Font name</DESCRIPT>
    </SEOCOMPOTX>
    <SEOCOMPOTX>
     <CLSNAME>ZCL_EXCEL_STYLE_FONT</CLSNAME>
     <CMPNAME>C_NAME_CAMBRIA</CMPNAME>
     <LANGU>I</LANGU>
     <DESCRIPT>Font name</DESCRIPT>
    </SEOCOMPOTX>
    <SEOCOMPOTX>
     <CLSNAME>ZCL_EXCEL_STYLE_FONT</CLSNAME>
     <CMPNAME>C_NAME_ROMAN</CMPNAME>
     <LANGU>E</LANGU>
     <DESCRIPT>Font name</DESCRIPT>
    </SEOCOMPOTX>
    <SEOCOMPOTX>
     <CLSNAME>ZCL_EXCEL_STYLE_FONT</CLSNAME>
     <CMPNAME>C_NAME_ROMAN</CMPNAME>
     <LANGU>I</LANGU>
     <DESCRIPT>Font name</DESCRIPT>
    </SEOCOMPOTX>
    <SEOCOMPOTX>
     <CLSNAME>ZCL_EXCEL_STYLE_FONT</CLSNAME>
     <CMPNAME>C_SCHEME_MAJOR</CMPNAME>
     <LANGU>E</LANGU>
     <DESCRIPT>Font scheme</DESCRIPT>
    </SEOCOMPOTX>
    <SEOCOMPOTX>
     <CLSNAME>ZCL_EXCEL_STYLE_FONT</CLSNAME>
     <CMPNAME>C_SCHEME_MAJOR</CMPNAME>
     <LANGU>I</LANGU>
     <DESCRIPT>Font scheme</DESCRIPT>
    </SEOCOMPOTX>
    <SEOCOMPOTX>
     <CLSNAME>ZCL_EXCEL_STYLE_FONT</CLSNAME>
     <CMPNAME>C_SCHEME_MINOR</CMPNAME>
     <LANGU>E</LANGU>
     <DESCRIPT>Font scheme</DESCRIPT>
    </SEOCOMPOTX>
    <SEOCOMPOTX>
     <CLSNAME>ZCL_EXCEL_STYLE_FONT</CLSNAME>
     <CMPNAME>C_SCHEME_MINOR</CMPNAME>
     <LANGU>I</LANGU>
     <DESCRIPT>Font scheme</DESCRIPT>
    </SEOCOMPOTX>
    <SEOCOMPOTX>
     <CLSNAME>ZCL_EXCEL_STYLE_FONT</CLSNAME>
     <CMPNAME>C_SCHEME_NONE</CMPNAME>
     <LANGU>E</LANGU>
     <DESCRIPT>Font scheme</DESCRIPT>
    </SEOCOMPOTX>
    <SEOCOMPOTX>
     <CLSNAME>ZCL_EXCEL_STYLE_FONT</CLSNAME>
     <CMPNAME>C_SCHEME_NONE</CMPNAME>
     <LANGU>I</LANGU>
     <DESCRIPT>Font scheme</DESCRIPT>
    </SEOCOMPOTX>
    <SEOCOMPOTX>
     <CLSNAME>ZCL_EXCEL_STYLE_FONT</CLSNAME>
     <CMPNAME>C_UNDERLINE_DOUBLE</CMPNAME>
     <LANGU>E</LANGU>
     <DESCRIPT>Font underline</DESCRIPT>
    </SEOCOMPOTX>
    <SEOCOMPOTX>
     <CLSNAME>ZCL_EXCEL_STYLE_FONT</CLSNAME>
     <CMPNAME>C_UNDERLINE_DOUBLE</CMPNAME>
     <LANGU>I</LANGU>
     <DESCRIPT>Font underline</DESCRIPT>
    </SEOCOMPOTX>
    <SEOCOMPOTX>
     <CLSNAME>ZCL_EXCEL_STYLE_FONT</CLSNAME>
     <CMPNAME>C_UNDERLINE_DOUBLEACCOUNTING</CMPNAME>
     <LANGU>E</LANGU>
     <DESCRIPT>Font underline</DESCRIPT>
    </SEOCOMPOTX>
    <SEOCOMPOTX>
     <CLSNAME>ZCL_EXCEL_STYLE_FONT</CLSNAME>
     <CMPNAME>C_UNDERLINE_DOUBLEACCOUNTING</CMPNAME>
     <LANGU>I</LANGU>
     <DESCRIPT>Font underline</DESCRIPT>
    </SEOCOMPOTX>
    <SEOCOMPOTX>
     <CLSNAME>ZCL_EXCEL_STYLE_FONT</CLSNAME>
     <CMPNAME>C_UNDERLINE_NONE</CMPNAME>
     <LANGU>E</LANGU>
     <DESCRIPT>Font underline</DESCRIPT>
    </SEOCOMPOTX>
    <SEOCOMPOTX>
     <CLSNAME>ZCL_EXCEL_STYLE_FONT</CLSNAME>
     <CMPNAME>C_UNDERLINE_NONE</CMPNAME>
     <LANGU>I</LANGU>
     <DESCRIPT>Font underline</DESCRIPT>
    </SEOCOMPOTX>
    <SEOCOMPOTX>
     <CLSNAME>ZCL_EXCEL_STYLE_FONT</CLSNAME>
     <CMPNAME>C_UNDERLINE_SINGLE</CMPNAME>
     <LANGU>E</LANGU>
     <DESCRIPT>Font underline</DESCRIPT>
    </SEOCOMPOTX>
    <SEOCOMPOTX>
     <CLSNAME>ZCL_EXCEL_STYLE_FONT</CLSNAME>
     <CMPNAME>C_UNDERLINE_SINGLE</CMPNAME>
     <LANGU>I</LANGU>
     <DESCRIPT>Font underline</DESCRIPT>
    </SEOCOMPOTX>
    <SEOCOMPOTX>
     <CLSNAME>ZCL_EXCEL_STYLE_FONT</CLSNAME>
     <CMPNAME>C_UNDERLINE_SINGLEACCOUNTING</CMPNAME>
     <LANGU>E</LANGU>
     <DESCRIPT>Font underline</DESCRIPT>
    </SEOCOMPOTX>
    <SEOCOMPOTX>
     <CLSNAME>ZCL_EXCEL_STYLE_FONT</CLSNAME>
     <CMPNAME>C_UNDERLINE_SINGLEACCOUNTING</CMPNAME>
     <LANGU>I</LANGU>
     <DESCRIPT>Font underline</DESCRIPT>
    </SEOCOMPOTX>
    <SEOCOMPOTX>
     <CLSNAME>ZCL_EXCEL_STYLE_FONT</CLSNAME>
     <CMPNAME>FAMILY</CMPNAME>
     <LANGU>E</LANGU>
     <DESCRIPT>Font family</DESCRIPT>
    </SEOCOMPOTX>
    <SEOCOMPOTX>
     <CLSNAME>ZCL_EXCEL_STYLE_FONT</CLSNAME>
     <CMPNAME>FAMILY</CMPNAME>
     <LANGU>I</LANGU>
     <DESCRIPT>Font family</DESCRIPT>
    </SEOCOMPOTX>
    <SEOCOMPOTX>
     <CLSNAME>ZCL_EXCEL_STYLE_FONT</CLSNAME>
     <CMPNAME>GET_STRUCTURE</CMPNAME>
     <LANGU>E</LANGU>
     <DESCRIPT>Get class as a structure</DESCRIPT>
    </SEOCOMPOTX>
    <SEOCOMPOTX>
     <CLSNAME>ZCL_EXCEL_STYLE_FONT</CLSNAME>
     <CMPNAME>GET_STRUCTURE</CMPNAME>
     <LANGU>I</LANGU>
     <DESCRIPT>Get class as a structure</DESCRIPT>
    </SEOCOMPOTX>
    <SEOCOMPOTX>
     <CLSNAME>ZCL_EXCEL_STYLE_FONT</CLSNAME>
     <CMPNAME>ITALIC</CMPNAME>
     <LANGU>E</LANGU>
     <DESCRIPT>Italic</DESCRIPT>
    </SEOCOMPOTX>
    <SEOCOMPOTX>
     <CLSNAME>ZCL_EXCEL_STYLE_FONT</CLSNAME>
     <CMPNAME>ITALIC</CMPNAME>
     <LANGU>I</LANGU>
     <DESCRIPT>Italic</DESCRIPT>
    </SEOCOMPOTX>
    <SEOCOMPOTX>
     <CLSNAME>ZCL_EXCEL_STYLE_FONT</CLSNAME>
     <CMPNAME>NAME</CMPNAME>
     <LANGU>E</LANGU>
     <DESCRIPT>Font name</DESCRIPT>
    </SEOCOMPOTX>
    <SEOCOMPOTX>
     <CLSNAME>ZCL_EXCEL_STYLE_FONT</CLSNAME>
     <CMPNAME>NAME</CMPNAME>
     <LANGU>I</LANGU>
     <DESCRIPT>Font name</DESCRIPT>
    </SEOCOMPOTX>
    <SEOCOMPOTX>
     <CLSNAME>ZCL_EXCEL_STYLE_FONT</CLSNAME>
     <CMPNAME>SCHEME</CMPNAME>
     <LANGU>E</LANGU>
     <DESCRIPT>Scheme code</DESCRIPT>
    </SEOCOMPOTX>
    <SEOCOMPOTX>
     <CLSNAME>ZCL_EXCEL_STYLE_FONT</CLSNAME>
     <CMPNAME>SCHEME</CMPNAME>
     <LANGU>I</LANGU>
     <DESCRIPT>Scheme code</DESCRIPT>
    </SEOCOMPOTX>
    <SEOCOMPOTX>
     <CLSNAME>ZCL_EXCEL_STYLE_FONT</CLSNAME>
     <CMPNAME>SIZE</CMPNAME>
     <LANGU>E</LANGU>
     <DESCRIPT>Font size</DESCRIPT>
    </SEOCOMPOTX>
    <SEOCOMPOTX>
     <CLSNAME>ZCL_EXCEL_STYLE_FONT</CLSNAME>
     <CMPNAME>SIZE</CMPNAME>
     <LANGU>I</LANGU>
     <DESCRIPT>Font size</DESCRIPT>
    </SEOCOMPOTX>
    <SEOCOMPOTX>
     <CLSNAME>ZCL_EXCEL_STYLE_FONT</CLSNAME>
     <CMPNAME>STRIKETHROUGH</CMPNAME>
     <LANGU>E</LANGU>
     <DESCRIPT>Strikethrough</DESCRIPT>
    </SEOCOMPOTX>
    <SEOCOMPOTX>
     <CLSNAME>ZCL_EXCEL_STYLE_FONT</CLSNAME>
     <CMPNAME>STRIKETHROUGH</CMPNAME>
     <LANGU>I</LANGU>
     <DESCRIPT>Strikethrough</DESCRIPT>
    </SEOCOMPOTX>
    <SEOCOMPOTX>
     <CLSNAME>ZCL_EXCEL_STYLE_FONT</CLSNAME>
     <CMPNAME>UNDERLINE</CMPNAME>
     <LANGU>E</LANGU>
     <DESCRIPT>Underline</DESCRIPT>
    </SEOCOMPOTX>
    <SEOCOMPOTX>
     <CLSNAME>ZCL_EXCEL_STYLE_FONT</CLSNAME>
     <CMPNAME>UNDERLINE</CMPNAME>
     <LANGU>I</LANGU>
     <DESCRIPT>Underline</DESCRIPT>
    </SEOCOMPOTX>
    <SEOCOMPOTX>
     <CLSNAME>ZCL_EXCEL_STYLE_FONT</CLSNAME>
     <CMPNAME>UNDERLINE_MODE</CMPNAME>
     <LANGU>E</LANGU>
     <DESCRIPT>Underline mode</DESCRIPT>
    </SEOCOMPOTX>
    <SEOCOMPOTX>
     <CLSNAME>ZCL_EXCEL_STYLE_FONT</CLSNAME>
     <CMPNAME>UNDERLINE_MODE</CMPNAME>
     <LANGU>I</LANGU>
     <DESCRIPT>Underline mode</DESCRIPT>
    </SEOCOMPOTX>
   </DESCRIPTIONS>
  </asx:values>
 </asx:abap>
</abapGit>
