﻿<?xml version="1.0" encoding="utf-8"?>
<abapGit version="v1.0.0" serializer="LCL_OBJECT_CLAS" serializer_version="v1.0.0">
 <asx:abap xmlns:asx="http://www.sap.com/abapxml" version="1.0">
  <asx:values>
   <VSEOCLASS>
    <CLSNAME>ZCL_EXCEL_HYPERLINK</CLSNAME>
    <LANGU>E</LANGU>
    <DESCRIPT>Hyperlink</DESCRIPT>
    <STATE>1</STATE>
    <CLSCCINCL>X</CLSCCINCL>
    <FIXPT>X</FIXPT>
    <UNICODE>X</UNICODE>
   </VSEOCLASS>
   <DESCRIPTIONS>
    <SEOCOMPOTX>
     <CLSNAME>ZCL_EXCEL_HYPERLINK</CLSNAME>
     <CMPNAME>COLUMN</CMPNAME>
     <LANGU>E</LANGU>
     <DESCRIPT>Cell Column</DESCRIPT>
    </SEOCOMPOTX>
    <SEOCOMPOTX>
     <CLSNAME>ZCL_EXCEL_HYPERLINK</CLSNAME>
     <CMPNAME>COLUMN</CMPNAME>
     <LANGU>I</LANGU>
     <DESCRIPT>Cell Column</DESCRIPT>
    </SEOCOMPOTX>
    <SEOCOMPOTX>
     <CLSNAME>ZCL_EXCEL_HYPERLINK</CLSNAME>
     <CMPNAME>CREATE</CMPNAME>
     <LANGU>E</LANGU>
     <DESCRIPT>Creates new instance of hyperlink</DESCRIPT>
    </SEOCOMPOTX>
    <SEOCOMPOTX>
     <CLSNAME>ZCL_EXCEL_HYPERLINK</CLSNAME>
     <CMPNAME>CREATE</CMPNAME>
     <LANGU>I</LANGU>
     <DESCRIPT>Creates new instance of hyperlink</DESCRIPT>
    </SEOCOMPOTX>
    <SEOCOMPOTX>
     <CLSNAME>ZCL_EXCEL_HYPERLINK</CLSNAME>
     <CMPNAME>CREATE_EXTERNAL_LINK</CMPNAME>
     <LANGU>E</LANGU>
     <DESCRIPT>Creates new instance of external link  (URL)</DESCRIPT>
    </SEOCOMPOTX>
    <SEOCOMPOTX>
     <CLSNAME>ZCL_EXCEL_HYPERLINK</CLSNAME>
     <CMPNAME>CREATE_EXTERNAL_LINK</CMPNAME>
     <LANGU>I</LANGU>
     <DESCRIPT>Creates new instance of external link  (URL)</DESCRIPT>
    </SEOCOMPOTX>
    <SEOCOMPOTX>
     <CLSNAME>ZCL_EXCEL_HYPERLINK</CLSNAME>
     <CMPNAME>CREATE_INTERNAL_LINK</CMPNAME>
     <LANGU>E</LANGU>
     <DESCRIPT>Creates new instance of internal link</DESCRIPT>
    </SEOCOMPOTX>
    <SEOCOMPOTX>
     <CLSNAME>ZCL_EXCEL_HYPERLINK</CLSNAME>
     <CMPNAME>CREATE_INTERNAL_LINK</CMPNAME>
     <LANGU>I</LANGU>
     <DESCRIPT>Creates new instance of internal link</DESCRIPT>
    </SEOCOMPOTX>
    <SEOCOMPOTX>
     <CLSNAME>ZCL_EXCEL_HYPERLINK</CLSNAME>
     <CMPNAME>GET_REF</CMPNAME>
     <LANGU>E</LANGU>
     <DESCRIPT>Gets the reference string</DESCRIPT>
    </SEOCOMPOTX>
    <SEOCOMPOTX>
     <CLSNAME>ZCL_EXCEL_HYPERLINK</CLSNAME>
     <CMPNAME>GET_REF</CMPNAME>
     <LANGU>I</LANGU>
     <DESCRIPT>Gets the reference string</DESCRIPT>
    </SEOCOMPOTX>
    <SEOCOMPOTX>
     <CLSNAME>ZCL_EXCEL_HYPERLINK</CLSNAME>
     <CMPNAME>GET_URL</CMPNAME>
     <LANGU>E</LANGU>
     <DESCRIPT>Gets the urls of the link</DESCRIPT>
    </SEOCOMPOTX>
    <SEOCOMPOTX>
     <CLSNAME>ZCL_EXCEL_HYPERLINK</CLSNAME>
     <CMPNAME>GET_URL</CMPNAME>
     <LANGU>I</LANGU>
     <DESCRIPT>Gets the urls of the link</DESCRIPT>
    </SEOCOMPOTX>
    <SEOCOMPOTX>
     <CLSNAME>ZCL_EXCEL_HYPERLINK</CLSNAME>
     <CMPNAME>IS_INTERNAL</CMPNAME>
     <LANGU>E</LANGU>
     <DESCRIPT>Checks if link is pointing to internall location</DESCRIPT>
    </SEOCOMPOTX>
    <SEOCOMPOTX>
     <CLSNAME>ZCL_EXCEL_HYPERLINK</CLSNAME>
     <CMPNAME>IS_INTERNAL</CMPNAME>
     <LANGU>I</LANGU>
     <DESCRIPT>Checks if link is pointing to internall location</DESCRIPT>
    </SEOCOMPOTX>
    <SEOCOMPOTX>
     <CLSNAME>ZCL_EXCEL_HYPERLINK</CLSNAME>
     <CMPNAME>ROW</CMPNAME>
     <LANGU>E</LANGU>
     <DESCRIPT>Cell Row</DESCRIPT>
    </SEOCOMPOTX>
    <SEOCOMPOTX>
     <CLSNAME>ZCL_EXCEL_HYPERLINK</CLSNAME>
     <CMPNAME>ROW</CMPNAME>
     <LANGU>I</LANGU>
     <DESCRIPT>Cell Row</DESCRIPT>
    </SEOCOMPOTX>
    <SEOCOMPOTX>
     <CLSNAME>ZCL_EXCEL_HYPERLINK</CLSNAME>
     <CMPNAME>SET_CELL_REFERENCE</CMPNAME>
     <LANGU>E</LANGU>
     <DESCRIPT>Sets reference to the cell</DESCRIPT>
    </SEOCOMPOTX>
    <SEOCOMPOTX>
     <CLSNAME>ZCL_EXCEL_HYPERLINK</CLSNAME>
     <CMPNAME>SET_CELL_REFERENCE</CMPNAME>
     <LANGU>I</LANGU>
     <DESCRIPT>Sets reference to the cell</DESCRIPT>
    </SEOCOMPOTX>
   </DESCRIPTIONS>
  </asx:values>
 </asx:abap>
</abapGit>
