﻿<?xml version="1.0" encoding="utf-8"?>
<abapGit version="v1.0.0" serializer="LCL_OBJECT_CLAS" serializer_version="v1.0.0">
 <asx:abap xmlns:asx="http://www.sap.com/abapxml" version="1.0">
  <asx:values>
   <VSEOCLASS>
    <CLSNAME>ZCL_EXCEL_COMMENT</CLSNAME>
    <LANGU>E</LANGU>
    <DESCRIPT>Comment</DESCRIPT>
    <STATE>1</STATE>
    <CLSCCINCL>X</CLSCCINCL>
    <FIXPT>X</FIXPT>
    <UNICODE>X</UNICODE>
   </VSEOCLASS>
   <DESCRIPTIONS>
    <SEOCOMPOTX>
     <CLSNAME>ZCL_EXCEL_COMMENT</CLSNAME>
     <CMPNAME>CONSTRUCTOR</CMPNAME>
     <LANGU>E</LANGU>
     <DESCRIPT>CONSTRUCTOR</DESCRIPT>
    </SEOCOMPOTX>
    <SEOCOMPOTX>
     <CLSNAME>ZCL_EXCEL_COMMENT</CLSNAME>
     <CMPNAME>GET_INDEX</CMPNAME>
     <LANGU>E</LANGU>
     <DESCRIPT>Get index</DESCRIPT>
    </SEOCOMPOTX>
    <SEOCOMPOTX>
     <CLSNAME>ZCL_EXCEL_COMMENT</CLSNAME>
     <CMPNAME>GET_REF</CMPNAME>
     <LANGU>E</LANGU>
     <DESCRIPT>Get reference</DESCRIPT>
    </SEOCOMPOTX>
    <SEOCOMPOTX>
     <CLSNAME>ZCL_EXCEL_COMMENT</CLSNAME>
     <CMPNAME>GET_TEXT</CMPNAME>
     <LANGU>E</LANGU>
     <DESCRIPT>Get text</DESCRIPT>
    </SEOCOMPOTX>
    <SEOCOMPOTX>
     <CLSNAME>ZCL_EXCEL_COMMENT</CLSNAME>
     <CMPNAME>INDEX</CMPNAME>
     <LANGU>E</LANGU>
     <DESCRIPT>Index in collection</DESCRIPT>
    </SEOCOMPOTX>
    <SEOCOMPOTX>
     <CLSNAME>ZCL_EXCEL_COMMENT</CLSNAME>
     <CMPNAME>REF</CMPNAME>
     <LANGU>E</LANGU>
     <DESCRIPT>Reference to cell (eg. &apos;B13&apos;)</DESCRIPT>
    </SEOCOMPOTX>
    <SEOCOMPOTX>
     <CLSNAME>ZCL_EXCEL_COMMENT</CLSNAME>
     <CMPNAME>SET_TEXT</CMPNAME>
     <LANGU>E</LANGU>
     <DESCRIPT>Set text</DESCRIPT>
    </SEOCOMPOTX>
    <SEOCOMPOTX>
     <CLSNAME>ZCL_EXCEL_COMMENT</CLSNAME>
     <CMPNAME>TEXT</CMPNAME>
     <LANGU>E</LANGU>
     <DESCRIPT>Comment</DESCRIPT>
    </SEOCOMPOTX>
   </DESCRIPTIONS>
  </asx:values>
 </asx:abap>
</abapGit>
