﻿<?xml version="1.0" encoding="utf-8"?>
<abapGit version="v1.0.0" serializer="LCL_OBJECT_CLAS" serializer_version="v1.0.0">
 <asx:abap xmlns:asx="http://www.sap.com/abapxml" version="1.0">
  <asx:values>
   <VSEOCLASS>
    <CLSNAME>ZCL_EXCEL_READER_2007</CLSNAME>
    <LANGU>E</LANGU>
    <DESCRIPT>Read Excel 2007 into ZCL_EXCEL</DESCRIPT>
    <STATE>1</STATE>
    <CLSCCINCL>X</CLSCCINCL>
    <FIXPT>X</FIXPT>
    <UNICODE>X</UNICODE>
   </VSEOCLASS>
   <TPOOL>
    <item>
     <ID>I</ID>
     <KEY>001</KEY>
     <ENTRY>A problem occured when reading the file</ENTRY>
     <LENGTH>60</LENGTH>
    </item>
    <item>
     <ID>I</ID>
     <KEY>002</KEY>
     <ENTRY>ZIP parse error</ENTRY>
     <LENGTH>60</LENGTH>
    </item>
    <item>
     <ID>I</ID>
     <KEY>003</KEY>
     <ENTRY>File not found in zip-archive</ENTRY>
     <LENGTH>60</LENGTH>
    </item>
   </TPOOL>
   <DESCRIPTIONS>
    <SEOCOMPOTX>
     <CLSNAME>ZCL_EXCEL_READER_2007</CLSNAME>
     <CMPNAME>CREATE_ZIP_ARCHIVE</CMPNAME>
     <LANGU>E</LANGU>
     <DESCRIPT>Create the zip reference object</DESCRIPT>
    </SEOCOMPOTX>
    <SEOCOMPOTX>
     <CLSNAME>ZCL_EXCEL_READER_2007</CLSNAME>
     <CMPNAME>FILL_ROW_OUTLINES</CMPNAME>
     <LANGU>E</LANGU>
     <DESCRIPT>Fill row outlines from collapsed and hierarchy information</DESCRIPT>
    </SEOCOMPOTX>
    <SEOCOMPOTX>
     <CLSNAME>ZCL_EXCEL_READER_2007</CLSNAME>
     <CMPNAME>FILL_STRUCT_FROM_ATTRIBUTES</CMPNAME>
     <LANGU>E</LANGU>
     <DESCRIPT>Fills structure fields based on XML node attributes</DESCRIPT>
    </SEOCOMPOTX>
    <SEOCOMPOTX>
     <CLSNAME>ZCL_EXCEL_READER_2007</CLSNAME>
     <CMPNAME>FILL_STRUCT_FROM_ATTRIBUTES</CMPNAME>
     <LANGU>I</LANGU>
     <DESCRIPT>Fills structure fields based on XML node attributes</DESCRIPT>
    </SEOCOMPOTX>
    <SEOCOMPOTX>
     <CLSNAME>ZCL_EXCEL_READER_2007</CLSNAME>
     <CMPNAME>GET_DXF_STYLE_GUID</CMPNAME>
     <LANGU>E</LANGU>
     <DESCRIPT>Get guid of dxf style</DESCRIPT>
    </SEOCOMPOTX>
    <SEOCOMPOTX>
     <CLSNAME>ZCL_EXCEL_READER_2007</CLSNAME>
     <CMPNAME>GET_FROM_ZIP_ARCHIVE</CMPNAME>
     <LANGU>E</LANGU>
     <DESCRIPT>Read file from ZIP Archive</DESCRIPT>
    </SEOCOMPOTX>
    <SEOCOMPOTX>
     <CLSNAME>ZCL_EXCEL_READER_2007</CLSNAME>
     <CMPNAME>GET_FROM_ZIP_ARCHIVE</CMPNAME>
     <LANGU>I</LANGU>
     <DESCRIPT>Read file from ZIP Archive</DESCRIPT>
    </SEOCOMPOTX>
    <SEOCOMPOTX>
     <CLSNAME>ZCL_EXCEL_READER_2007</CLSNAME>
     <CMPNAME>GET_IXML_FROM_ZIP_ARCHIVE</CMPNAME>
     <LANGU>E</LANGU>
     <DESCRIPT>Read file from ZIP Archive and convert to ixml document</DESCRIPT>
    </SEOCOMPOTX>
    <SEOCOMPOTX>
     <CLSNAME>ZCL_EXCEL_READER_2007</CLSNAME>
     <CMPNAME>GET_IXML_FROM_ZIP_ARCHIVE</CMPNAME>
     <LANGU>I</LANGU>
     <DESCRIPT>Read file from ZIP Archive</DESCRIPT>
    </SEOCOMPOTX>
    <SEOCOMPOTX>
     <CLSNAME>ZCL_EXCEL_READER_2007</CLSNAME>
     <CMPNAME>GTS_EXTERNAL_HYPERLINK</CMPNAME>
     <LANGU>E</LANGU>
     <DESCRIPT>External hyperlink</DESCRIPT>
    </SEOCOMPOTX>
    <SEOCOMPOTX>
     <CLSNAME>ZCL_EXCEL_READER_2007</CLSNAME>
     <CMPNAME>GTT_EXTERNAL_HYPERLINKS</CMPNAME>
     <LANGU>E</LANGU>
     <DESCRIPT>Table with external hyperlinks</DESCRIPT>
    </SEOCOMPOTX>
    <SEOCOMPOTX>
     <CLSNAME>ZCL_EXCEL_READER_2007</CLSNAME>
     <CMPNAME>LOAD_DRAWING_ANCHOR</CMPNAME>
     <LANGU>E</LANGU>
     <DESCRIPT>Loads drawing anchor</DESCRIPT>
    </SEOCOMPOTX>
    <SEOCOMPOTX>
     <CLSNAME>ZCL_EXCEL_READER_2007</CLSNAME>
     <CMPNAME>LOAD_DRAWING_ANCHOR</CMPNAME>
     <LANGU>I</LANGU>
     <DESCRIPT>Loads worksheet</DESCRIPT>
    </SEOCOMPOTX>
    <SEOCOMPOTX>
     <CLSNAME>ZCL_EXCEL_READER_2007</CLSNAME>
     <CMPNAME>LOAD_DXF_STYLES</CMPNAME>
     <LANGU>E</LANGU>
     <DESCRIPT>Loads dxf styles</DESCRIPT>
    </SEOCOMPOTX>
    <SEOCOMPOTX>
     <CLSNAME>ZCL_EXCEL_READER_2007</CLSNAME>
     <CMPNAME>LOAD_SHARED_STRINGS</CMPNAME>
     <LANGU>E</LANGU>
     <DESCRIPT>Loads shared strings table</DESCRIPT>
    </SEOCOMPOTX>
    <SEOCOMPOTX>
     <CLSNAME>ZCL_EXCEL_READER_2007</CLSNAME>
     <CMPNAME>LOAD_SHARED_STRINGS</CMPNAME>
     <LANGU>I</LANGU>
     <DESCRIPT>Loads shared strings table</DESCRIPT>
    </SEOCOMPOTX>
    <SEOCOMPOTX>
     <CLSNAME>ZCL_EXCEL_READER_2007</CLSNAME>
     <CMPNAME>LOAD_STYLES</CMPNAME>
     <LANGU>E</LANGU>
     <DESCRIPT>Loads styles</DESCRIPT>
    </SEOCOMPOTX>
    <SEOCOMPOTX>
     <CLSNAME>ZCL_EXCEL_READER_2007</CLSNAME>
     <CMPNAME>LOAD_STYLES</CMPNAME>
     <LANGU>I</LANGU>
     <DESCRIPT>Loads styles</DESCRIPT>
    </SEOCOMPOTX>
    <SEOCOMPOTX>
     <CLSNAME>ZCL_EXCEL_READER_2007</CLSNAME>
     <CMPNAME>LOAD_STYLE_BORDERS</CMPNAME>
     <LANGU>E</LANGU>
     <DESCRIPT>Loads &apos;borders&apos;  part of styles</DESCRIPT>
    </SEOCOMPOTX>
    <SEOCOMPOTX>
     <CLSNAME>ZCL_EXCEL_READER_2007</CLSNAME>
     <CMPNAME>LOAD_STYLE_BORDERS</CMPNAME>
     <LANGU>I</LANGU>
     <DESCRIPT>Loads &apos;borders&apos;  part of styles</DESCRIPT>
    </SEOCOMPOTX>
    <SEOCOMPOTX>
     <CLSNAME>ZCL_EXCEL_READER_2007</CLSNAME>
     <CMPNAME>LOAD_STYLE_FILLS</CMPNAME>
     <LANGU>E</LANGU>
     <DESCRIPT>Loads &apos;fills&apos;  part of styles</DESCRIPT>
    </SEOCOMPOTX>
    <SEOCOMPOTX>
     <CLSNAME>ZCL_EXCEL_READER_2007</CLSNAME>
     <CMPNAME>LOAD_STYLE_FILLS</CMPNAME>
     <LANGU>I</LANGU>
     <DESCRIPT>Loads &apos;fills&apos;  part of styles</DESCRIPT>
    </SEOCOMPOTX>
    <SEOCOMPOTX>
     <CLSNAME>ZCL_EXCEL_READER_2007</CLSNAME>
     <CMPNAME>LOAD_STYLE_FONTS</CMPNAME>
     <LANGU>E</LANGU>
     <DESCRIPT>Loads &apos;fonts&apos;  part of styles</DESCRIPT>
    </SEOCOMPOTX>
    <SEOCOMPOTX>
     <CLSNAME>ZCL_EXCEL_READER_2007</CLSNAME>
     <CMPNAME>LOAD_STYLE_FONTS</CMPNAME>
     <LANGU>I</LANGU>
     <DESCRIPT>Loads &apos;fonts&apos;  part of styles</DESCRIPT>
    </SEOCOMPOTX>
    <SEOCOMPOTX>
     <CLSNAME>ZCL_EXCEL_READER_2007</CLSNAME>
     <CMPNAME>LOAD_STYLE_NUM_FORMATS</CMPNAME>
     <LANGU>E</LANGU>
     <DESCRIPT>Loads &apos;number format&apos; part of styles</DESCRIPT>
    </SEOCOMPOTX>
    <SEOCOMPOTX>
     <CLSNAME>ZCL_EXCEL_READER_2007</CLSNAME>
     <CMPNAME>LOAD_STYLE_NUM_FORMATS</CMPNAME>
     <LANGU>I</LANGU>
     <DESCRIPT>Loads &apos;number format&apos; part of styles</DESCRIPT>
    </SEOCOMPOTX>
    <SEOCOMPOTX>
     <CLSNAME>ZCL_EXCEL_READER_2007</CLSNAME>
     <CMPNAME>LOAD_THEME</CMPNAME>
     <LANGU>E</LANGU>
     <DESCRIPT>Loads theme</DESCRIPT>
    </SEOCOMPOTX>
    <SEOCOMPOTX>
     <CLSNAME>ZCL_EXCEL_READER_2007</CLSNAME>
     <CMPNAME>LOAD_WORKBOOK</CMPNAME>
     <LANGU>E</LANGU>
     <DESCRIPT>Loads workbook</DESCRIPT>
    </SEOCOMPOTX>
    <SEOCOMPOTX>
     <CLSNAME>ZCL_EXCEL_READER_2007</CLSNAME>
     <CMPNAME>LOAD_WORKBOOK</CMPNAME>
     <LANGU>I</LANGU>
     <DESCRIPT>Loads workbook</DESCRIPT>
    </SEOCOMPOTX>
    <SEOCOMPOTX>
     <CLSNAME>ZCL_EXCEL_READER_2007</CLSNAME>
     <CMPNAME>LOAD_WORKSHEET</CMPNAME>
     <LANGU>E</LANGU>
     <DESCRIPT>Loads worksheet</DESCRIPT>
    </SEOCOMPOTX>
    <SEOCOMPOTX>
     <CLSNAME>ZCL_EXCEL_READER_2007</CLSNAME>
     <CMPNAME>LOAD_WORKSHEET</CMPNAME>
     <LANGU>I</LANGU>
     <DESCRIPT>Loads worksheet</DESCRIPT>
    </SEOCOMPOTX>
    <SEOCOMPOTX>
     <CLSNAME>ZCL_EXCEL_READER_2007</CLSNAME>
     <CMPNAME>LOAD_WORKSHEET_COND_FORMAT</CMPNAME>
     <LANGU>E</LANGU>
     <DESCRIPT>Load worksheet&apos;s conditional formattings</DESCRIPT>
    </SEOCOMPOTX>
    <SEOCOMPOTX>
     <CLSNAME>ZCL_EXCEL_READER_2007</CLSNAME>
     <CMPNAME>LOAD_WORKSHEET_COND_FORMAT_AA</CMPNAME>
     <LANGU>E</LANGU>
     <DESCRIPT>Load worksheet&apos;s conditional formatting - type above average</DESCRIPT>
    </SEOCOMPOTX>
    <SEOCOMPOTX>
     <CLSNAME>ZCL_EXCEL_READER_2007</CLSNAME>
     <CMPNAME>LOAD_WORKSHEET_COND_FORMAT_CI</CMPNAME>
     <LANGU>E</LANGU>
     <DESCRIPT>Load worksheet&apos;s conditional formatting - type cellIs</DESCRIPT>
    </SEOCOMPOTX>
    <SEOCOMPOTX>
     <CLSNAME>ZCL_EXCEL_READER_2007</CLSNAME>
     <CMPNAME>LOAD_WORKSHEET_COND_FORMAT_CS</CMPNAME>
     <LANGU>E</LANGU>
     <DESCRIPT>Load worksheet&apos;s conditional formatting - type colorscale</DESCRIPT>
    </SEOCOMPOTX>
    <SEOCOMPOTX>
     <CLSNAME>ZCL_EXCEL_READER_2007</CLSNAME>
     <CMPNAME>LOAD_WORKSHEET_COND_FORMAT_DB</CMPNAME>
     <LANGU>E</LANGU>
     <DESCRIPT>Load worksheet&apos;s conditional formatting - type databar</DESCRIPT>
    </SEOCOMPOTX>
    <SEOCOMPOTX>
     <CLSNAME>ZCL_EXCEL_READER_2007</CLSNAME>
     <CMPNAME>LOAD_WORKSHEET_COND_FORMAT_EX</CMPNAME>
     <LANGU>E</LANGU>
     <DESCRIPT>Load worksheet&apos;s conditional formatting - type expression</DESCRIPT>
    </SEOCOMPOTX>
    <SEOCOMPOTX>
     <CLSNAME>ZCL_EXCEL_READER_2007</CLSNAME>
     <CMPNAME>LOAD_WORKSHEET_COND_FORMAT_IS</CMPNAME>
     <LANGU>E</LANGU>
     <DESCRIPT>Load worksheet&apos;s conditional formatting - type iconset</DESCRIPT>
    </SEOCOMPOTX>
    <SEOCOMPOTX>
     <CLSNAME>ZCL_EXCEL_READER_2007</CLSNAME>
     <CMPNAME>LOAD_WORKSHEET_COND_FORMAT_T10</CMPNAME>
     <LANGU>E</LANGU>
     <DESCRIPT>Load worksheet&apos;s conditional formatting - type top10</DESCRIPT>
    </SEOCOMPOTX>
    <SEOCOMPOTX>
     <CLSNAME>ZCL_EXCEL_READER_2007</CLSNAME>
     <CMPNAME>LOAD_WORKSHEET_DRAWING</CMPNAME>
     <LANGU>E</LANGU>
     <DESCRIPT>Loads worksheet drawings</DESCRIPT>
    </SEOCOMPOTX>
    <SEOCOMPOTX>
     <CLSNAME>ZCL_EXCEL_READER_2007</CLSNAME>
     <CMPNAME>LOAD_WORKSHEET_DRAWING</CMPNAME>
     <LANGU>I</LANGU>
     <DESCRIPT>Loads worksheet drawings</DESCRIPT>
    </SEOCOMPOTX>
    <SEOCOMPOTX>
     <CLSNAME>ZCL_EXCEL_READER_2007</CLSNAME>
     <CMPNAME>LOAD_WORKSHEET_HYPERLINKS</CMPNAME>
     <LANGU>E</LANGU>
     <DESCRIPT>Loads hyperlinks of worksheet</DESCRIPT>
    </SEOCOMPOTX>
    <SEOCOMPOTX>
     <CLSNAME>ZCL_EXCEL_READER_2007</CLSNAME>
     <CMPNAME>LOAD_WORKSHEET_PAGEBREAKS</CMPNAME>
     <LANGU>E</LANGU>
     <DESCRIPT>Load pagebreaks of worksheet</DESCRIPT>
    </SEOCOMPOTX>
    <SEOCOMPOTX>
     <CLSNAME>ZCL_EXCEL_READER_2007</CLSNAME>
     <CMPNAME>LOAD_WORKSHEET_PAGEMARGINS</CMPNAME>
     <LANGU>E</LANGU>
     <DESCRIPT>Loads pagemargings of worksheet</DESCRIPT>
    </SEOCOMPOTX>
    <SEOCOMPOTX>
     <CLSNAME>ZCL_EXCEL_READER_2007</CLSNAME>
     <CMPNAME>MT_DXF_STYLES</CMPNAME>
     <LANGU>E</LANGU>
     <DESCRIPT>Styles mapping</DESCRIPT>
    </SEOCOMPOTX>
    <SEOCOMPOTX>
     <CLSNAME>ZCL_EXCEL_READER_2007</CLSNAME>
     <CMPNAME>MT_REF_FORMULAE</CMPNAME>
     <LANGU>E</LANGU>
     <DESCRIPT>Referenced formulae before resolving</DESCRIPT>
    </SEOCOMPOTX>
    <SEOCOMPOTX>
     <CLSNAME>ZCL_EXCEL_READER_2007</CLSNAME>
     <CMPNAME>MT_REF_FORMULAE</CMPNAME>
     <LANGU>I</LANGU>
     <DESCRIPT>Referenced formulae before resolving</DESCRIPT>
    </SEOCOMPOTX>
    <SEOCOMPOTX>
     <CLSNAME>ZCL_EXCEL_READER_2007</CLSNAME>
     <CMPNAME>READ_FROM_APPLSERVER</CMPNAME>
     <LANGU>E</LANGU>
     <DESCRIPT>Load excel data from appserver</DESCRIPT>
    </SEOCOMPOTX>
    <SEOCOMPOTX>
     <CLSNAME>ZCL_EXCEL_READER_2007</CLSNAME>
     <CMPNAME>READ_FROM_LOCAL_FILE</CMPNAME>
     <LANGU>E</LANGU>
     <DESCRIPT>Load excel data from local file</DESCRIPT>
    </SEOCOMPOTX>
    <SEOCOMPOTX>
     <CLSNAME>ZCL_EXCEL_READER_2007</CLSNAME>
     <CMPNAME>RESOLVE_PATH</CMPNAME>
     <LANGU>E</LANGU>
     <DESCRIPT>Return path after ../ values are removed</DESCRIPT>
    </SEOCOMPOTX>
    <SEOCOMPOTX>
     <CLSNAME>ZCL_EXCEL_READER_2007</CLSNAME>
     <CMPNAME>RESOLVE_PATH</CMPNAME>
     <LANGU>I</LANGU>
     <DESCRIPT>Return path after ../ values are removed</DESCRIPT>
    </SEOCOMPOTX>
    <SEOCOMPOTX>
     <CLSNAME>ZCL_EXCEL_READER_2007</CLSNAME>
     <CMPNAME>RESOLVE_REFERENCED_FORMULAE</CMPNAME>
     <LANGU>E</LANGU>
     <DESCRIPT>Resolve referenced formulae</DESCRIPT>
    </SEOCOMPOTX>
    <SEOCOMPOTX>
     <CLSNAME>ZCL_EXCEL_READER_2007</CLSNAME>
     <CMPNAME>RESOLVE_REFERENCED_FORMULAE</CMPNAME>
     <LANGU>I</LANGU>
     <DESCRIPT>Resolve referenced formulae</DESCRIPT>
    </SEOCOMPOTX>
    <SEOCOMPOTX>
     <CLSNAME>ZCL_EXCEL_READER_2007</CLSNAME>
     <CMPNAME>SHARED_STRINGS</CMPNAME>
     <LANGU>E</LANGU>
     <DESCRIPT>Table with Strings</DESCRIPT>
    </SEOCOMPOTX>
    <SEOCOMPOTX>
     <CLSNAME>ZCL_EXCEL_READER_2007</CLSNAME>
     <CMPNAME>SHARED_STRINGS</CMPNAME>
     <LANGU>I</LANGU>
     <DESCRIPT>Table with Strings</DESCRIPT>
    </SEOCOMPOTX>
    <SEOCOMPOTX>
     <CLSNAME>ZCL_EXCEL_READER_2007</CLSNAME>
     <CMPNAME>ZIP</CMPNAME>
     <LANGU>E</LANGU>
     <DESCRIPT>Zip Utility</DESCRIPT>
    </SEOCOMPOTX>
    <SEOCOMPOTX>
     <CLSNAME>ZCL_EXCEL_READER_2007</CLSNAME>
     <CMPNAME>ZIP</CMPNAME>
     <LANGU>I</LANGU>
     <DESCRIPT>Zip Utility</DESCRIPT>
    </SEOCOMPOTX>
   </DESCRIPTIONS>
  </asx:values>
 </asx:abap>
</abapGit>
