﻿<?xml version="1.0" encoding="utf-8"?>
<abapGit version="v1.0.0" serializer="LCL_OBJECT_CLAS" serializer_version="v1.0.0">
 <asx:abap xmlns:asx="http://www.sap.com/abapxml" version="1.0">
  <asx:values>
   <VSEOCLASS>
    <CLSNAME>ZCL_EXCEL_COLUMN</CLSNAME>
    <LANGU>E</LANGU>
    <DESCRIPT>Worksheet Column</DESCRIPT>
    <STATE>1</STATE>
    <CLSCCINCL>X</CLSCCINCL>
    <FIXPT>X</FIXPT>
    <UNICODE>X</UNICODE>
   </VSEOCLASS>
   <DESCRIPTIONS>
    <SEOCOMPOTX>
     <CLSNAME>ZCL_EXCEL_COLUMN</CLSNAME>
     <CMPNAME>AUTO_SIZE</CMPNAME>
     <LANGU>E</LANGU>
     <DESCRIPT>Auto size?</DESCRIPT>
    </SEOCOMPOTX>
    <SEOCOMPOTX>
     <CLSNAME>ZCL_EXCEL_COLUMN</CLSNAME>
     <CMPNAME>COLLAPSED</CMPNAME>
     <LANGU>E</LANGU>
     <DESCRIPT>Collapsed?</DESCRIPT>
    </SEOCOMPOTX>
    <SEOCOMPOTX>
     <CLSNAME>ZCL_EXCEL_COLUMN</CLSNAME>
     <CMPNAME>COLUMN_INDEX</CMPNAME>
     <LANGU>E</LANGU>
     <DESCRIPT>Column index</DESCRIPT>
    </SEOCOMPOTX>
    <SEOCOMPOTX>
     <CLSNAME>ZCL_EXCEL_COLUMN</CLSNAME>
     <CMPNAME>EXCEL</CMPNAME>
     <LANGU>E</LANGU>
     <DESCRIPT>Excel creator</DESCRIPT>
    </SEOCOMPOTX>
    <SEOCOMPOTX>
     <CLSNAME>ZCL_EXCEL_COLUMN</CLSNAME>
     <CMPNAME>GET_COLUMN_STYLE_GUID</CMPNAME>
     <LANGU>E</LANGU>
     <DESCRIPT>Get guid of column style</DESCRIPT>
    </SEOCOMPOTX>
    <SEOCOMPOTX>
     <CLSNAME>ZCL_EXCEL_COLUMN</CLSNAME>
     <CMPNAME>OUTLINE_LEVEL</CMPNAME>
     <LANGU>E</LANGU>
     <DESCRIPT>Outline level</DESCRIPT>
    </SEOCOMPOTX>
    <SEOCOMPOTX>
     <CLSNAME>ZCL_EXCEL_COLUMN</CLSNAME>
     <CMPNAME>SET_COLUMN_STYLE_BY_GUID</CMPNAME>
     <LANGU>E</LANGU>
     <DESCRIPT>Set column style by style guid</DESCRIPT>
    </SEOCOMPOTX>
    <SEOCOMPOTX>
     <CLSNAME>ZCL_EXCEL_COLUMN</CLSNAME>
     <CMPNAME>STYLE_GUID</CMPNAME>
     <LANGU>E</LANGU>
     <DESCRIPT>Style identifier</DESCRIPT>
    </SEOCOMPOTX>
    <SEOCOMPOTX>
     <CLSNAME>ZCL_EXCEL_COLUMN</CLSNAME>
     <CMPNAME>VISIBLE</CMPNAME>
     <LANGU>E</LANGU>
     <DESCRIPT>Visible?</DESCRIPT>
    </SEOCOMPOTX>
    <SEOCOMPOTX>
     <CLSNAME>ZCL_EXCEL_COLUMN</CLSNAME>
     <CMPNAME>WIDTH</CMPNAME>
     <LANGU>E</LANGU>
     <DESCRIPT>Column width</DESCRIPT>
    </SEOCOMPOTX>
    <SEOCOMPOTX>
     <CLSNAME>ZCL_EXCEL_COLUMN</CLSNAME>
     <CMPNAME>WORKSHEET</CMPNAME>
     <LANGU>E</LANGU>
     <DESCRIPT>Worksheet</DESCRIPT>
    </SEOCOMPOTX>
    <SEOCOMPOTX>
     <CLSNAME>ZCL_EXCEL_COLUMN</CLSNAME>
     <CMPNAME>XF_INDEX</CMPNAME>
     <LANGU>E</LANGU>
     <DESCRIPT>Index to cellXf</DESCRIPT>
    </SEOCOMPOTX>
   </DESCRIPTIONS>
  </asx:values>
 </asx:abap>
</abapGit>
