﻿<?xml version="1.0" encoding="utf-8"?>
<abapGit version="v1.0.0" serializer="LCL_OBJECT_CLAS" serializer_version="v1.0.0">
 <asx:abap xmlns:asx="http://www.sap.com/abapxml" version="1.0">
  <asx:values>
   <VSEOCLASS>
    <CLSNAME>ZCX_EXCEL</CLSNAME>
    <LANGU>E</LANGU>
    <DESCRIPT>Exceptions for ABAP2XLSX</DESCRIPT>
    <CATEGORY>40</CATEGORY>
    <STATE>1</STATE>
    <CLSCCINCL>X</CLSCCINCL>
    <FIXPT>X</FIXPT>
    <UNICODE>X</UNICODE>
   </VSEOCLASS>
   <SOTR>
    <item>
     <HEADER>
      <CONCEPT>028C0ED2B5601ED78EB6F3368B1E4F9B</CONCEPT>
      <CREA_LAN>E</CREA_LAN>
      <TRALA_TYPE>1</TRALA_TYPE>
      <OBJID_VEC>CA==</OBJID_VEC>
     </HEADER>
     <ENTRIES>
      <SOTR_TEXT>
       <CONCEPT>028C0ED2B5601ED78EB6F3368B1E4F9B</CONCEPT>
       <LANGU>E</LANGU>
       <LFD_NUM>0001</LFD_NUM>
       <FLAG_CNTXT>X</FLAG_CNTXT>
       <STATUS>R</STATUS>
       <LENGTH>255</LENGTH>
       <TEXT>&amp;ERROR&amp;</TEXT>
      </SOTR_TEXT>
     </ENTRIES>
    </item>
   </SOTR>
   <SOTR_USE>
    <SOTR_USE>
     <PGMID>LIMU</PGMID>
     <OBJECT>CPUB</OBJECT>
     <OBJ_NAME>ZCX_EXCEL</OBJ_NAME>
     <CONCEPT>028C0ED2B5601ED78EB6F3368B1E4F9B</CONCEPT>
     <LFD_NUM>0001</LFD_NUM>
    </SOTR_USE>
   </SOTR_USE>
   <DESCRIPTIONS>
    <SEOCOMPOTX>
     <CLSNAME>ZCX_EXCEL</CLSNAME>
     <CMPNAME>CONSTRUCTOR</CMPNAME>
     <LANGU>E</LANGU>
     <DESCRIPT>CONSTRUCTOR</DESCRIPT>
    </SEOCOMPOTX>
    <SEOCOMPOTX>
     <CLSNAME>ZCX_EXCEL</CLSNAME>
     <CMPNAME>CONSTRUCTOR</CMPNAME>
     <LANGU>I</LANGU>
     <DESCRIPT>CONSTRUCTOR</DESCRIPT>
    </SEOCOMPOTX>
    <SEOCOMPOTX>
     <CLSNAME>ZCX_EXCEL</CLSNAME>
     <CMPNAME>SYST_AT_RAISE</CMPNAME>
     <LANGU>E</LANGU>
     <DESCRIPT>ABAP System Fields</DESCRIPT>
    </SEOCOMPOTX>
    <SEOCOMPOTX>
     <CLSNAME>ZCX_EXCEL</CLSNAME>
     <CMPNAME>SYST_AT_RAISE</CMPNAME>
     <LANGU>I</LANGU>
     <DESCRIPT>ABAP System Fields</DESCRIPT>
    </SEOCOMPOTX>
   </DESCRIPTIONS>
  </asx:values>
 </asx:abap>
</abapGit>
