﻿<?xml version="1.0" encoding="utf-8"?>
<abapGit version="v1.0.0" serializer="LCL_OBJECT_TABL" serializer_version="v1.0.0">
 <asx:abap xmlns:asx="http://www.sap.com/abapxml" version="1.0">
  <asx:values>
   <DD02V>
    <TABNAME>ZEXCEL_S_ORG_REL</TABNAME>
    <DDLANGUAGE>E</DDLANGUAGE>
    <TABCLASS>INTTAB</TABCLASS>
    <LANGDEP>X</LANGDEP>
    <DDTEXT>Organization &amp; Contact Person download</DDTEXT>
    <EXCLASS>1</EXCLASS>
   </DD02V>
   <DD03P_TABLE>
    <DD03P>
     <FIELDNAME>ORG_GUID</FIELDNAME>
     <ROLLNAME>BAPIGUID</ROLLNAME>
     <ADMINFIELD>0</ADMINFIELD>
     <COMPTYPE>E</COMPTYPE>
    </DD03P>
    <DD03P>
     <FIELDNAME>CONTPERS_GUID</FIELDNAME>
     <ROLLNAME>BAPIGUID</ROLLNAME>
     <ADMINFIELD>0</ADMINFIELD>
     <COMPTYPE>E</COMPTYPE>
    </DD03P>
    <DD03P>
     <FIELDNAME>ORG_NUMBER</FIELDNAME>
     <ROLLNAME>BU_PARTNER</ROLLNAME>
     <ADMINFIELD>0</ADMINFIELD>
     <SHLPORIGIN>D</SHLPORIGIN>
     <COMPTYPE>E</COMPTYPE>
    </DD03P>
    <DD03P>
     <FIELDNAME>CONTPERS_NUMBER</FIELDNAME>
     <ROLLNAME>BU_PARTNER</ROLLNAME>
     <ADMINFIELD>0</ADMINFIELD>
     <SHLPORIGIN>D</SHLPORIGIN>
     <COMPTYPE>E</COMPTYPE>
    </DD03P>
    <DD03P>
     <FIELDNAME>.INCLUDE</FIELDNAME>
     <ADMINFIELD>0</ADMINFIELD>
     <PRECFIELD>BAPIBUS1006_CENTRAL_ORGAN</PRECFIELD>
     <MASK>      S</MASK>
     <DDTEXT>SAP BP: BAPI Structure for Organization Data</DDTEXT>
     <COMPTYPE>S</COMPTYPE>
    </DD03P>
    <DD03P>
     <FIELDNAME>.INCLUDE</FIELDNAME>
     <ADMINFIELD>0</ADMINFIELD>
     <REFTABLE>LANGU</REFTABLE>
     <PRECFIELD>BAPIBUS1006_ADDRESS</PRECFIELD>
     <MASK>      S</MASK>
     <DDTEXT>SAP BP: BAPI Structure for Address Data</DDTEXT>
     <COMPTYPE>S</COMPTYPE>
    </DD03P>
    <DD03P>
     <FIELDNAME>.INCLUDE</FIELDNAME>
     <ADMINFIELD>0</ADMINFIELD>
     <PRECFIELD>BAPIBUS1006_CENTRAL_PERSON</PRECFIELD>
     <MASK>      S</MASK>
     <DDTEXT>SAP BP: BAPI Structure for Personal Data</DDTEXT>
     <COMPTYPE>S</COMPTYPE>
    </DD03P>
    <DD03P>
     <FIELDNAME>.INCLUDE</FIELDNAME>
     <ADMINFIELD>0</ADMINFIELD>
     <PRECFIELD>BAPIBUS1006002_CENTRAL</PRECFIELD>
     <MASK>      S</MASK>
     <DDTEXT>SAP BP, CP Rel.: BAPI Structure for Central Data</DDTEXT>
     <COMPTYPE>S</COMPTYPE>
    </DD03P>
   </DD03P_TABLE>
   <DD08V_TABLE>
    <DD08V>
     <FIELDNAME>AUTHORITY</FIELDNAME>
     <CHECKTABLE>*</CHECKTABLE>
     <FRKART>REF</FRKART>
     <CARD>CN</CARD>
     <CHECKFLAG>X</CHECKFLAG>
     <NOINHERIT>Y</NOINHERIT>
     <CARDLEFT>1</CARDLEFT>
    </DD08V>
    <DD08V>
     <FIELDNAME>CORRESPONDLANGUAGE</FIELDNAME>
     <CHECKTABLE>*</CHECKTABLE>
     <FRKART>REF</FRKART>
     <CARD>CN</CARD>
     <CHECKFLAG>X</CHECKFLAG>
     <NOINHERIT>Y</NOINHERIT>
     <CARDLEFT>C</CARDLEFT>
    </DD08V>
    <DD08V>
     <FIELDNAME>COUNTRY</FIELDNAME>
     <CHECKTABLE>*</CHECKTABLE>
     <FRKART>REF</FRKART>
     <CARD>CN</CARD>
     <CHECKFLAG>X</CHECKFLAG>
     <NOINHERIT>Y</NOINHERIT>
     <CARDLEFT>1</CARDLEFT>
    </DD08V>
    <DD08V>
     <FIELDNAME>DEPARTMENT</FIELDNAME>
     <CHECKTABLE>*</CHECKTABLE>
     <FRKART>REF</FRKART>
     <CARD>CN</CARD>
     <CHECKFLAG>X</CHECKFLAG>
     <NOINHERIT>Y</NOINHERIT>
     <CARDLEFT>1</CARDLEFT>
    </DD08V>
    <DD08V>
     <FIELDNAME>FUNCTION</FIELDNAME>
     <CHECKTABLE>*</CHECKTABLE>
     <FRKART>REF</FRKART>
     <CARD>CN</CARD>
     <CHECKFLAG>X</CHECKFLAG>
     <NOINHERIT>Y</NOINHERIT>
     <CARDLEFT>1</CARDLEFT>
    </DD08V>
    <DD08V>
     <FIELDNAME>INDUSTRYSECTOR</FIELDNAME>
     <CHECKTABLE>*</CHECKTABLE>
     <FRKART>REF</FRKART>
     <CARD>CN</CARD>
     <CHECKFLAG>X</CHECKFLAG>
     <NOINHERIT>Y</NOINHERIT>
     <CARDLEFT>1</CARDLEFT>
    </DD08V>
    <DD08V>
     <FIELDNAME>LEGALFORM</FIELDNAME>
     <CHECKTABLE>*</CHECKTABLE>
     <FRKART>KEY</FRKART>
     <CARD>CN</CARD>
     <CHECKFLAG>X</CHECKFLAG>
     <NOINHERIT>Y</NOINHERIT>
     <CARDLEFT>1</CARDLEFT>
    </DD08V>
    <DD08V>
     <FIELDNAME>MARITALSTATUS</FIELDNAME>
     <CHECKTABLE>*</CHECKTABLE>
     <CARD>CN</CARD>
     <CHECKFLAG>X</CHECKFLAG>
     <NOINHERIT>Y</NOINHERIT>
     <CARDLEFT>1</CARDLEFT>
    </DD08V>
    <DD08V>
     <FIELDNAME>NAMCOUNTRY</FIELDNAME>
     <CHECKTABLE>*</CHECKTABLE>
     <FRKART>REF</FRKART>
     <CARD>CN</CARD>
     <CHECKFLAG>X</CHECKFLAG>
     <NOINHERIT>Y</NOINHERIT>
     <CARDLEFT>C</CARDLEFT>
    </DD08V>
    <DD08V>
     <FIELDNAME>NAMEFORMAT</FIELDNAME>
     <CHECKTABLE>*</CHECKTABLE>
     <FRKART>REF</FRKART>
     <CARD>CN</CARD>
     <CHECKFLAG>X</CHECKFLAG>
     <NOINHERIT>Y</NOINHERIT>
     <CARDLEFT>C</CARDLEFT>
    </DD08V>
    <DD08V>
     <FIELDNAME>POBOX_CTRY</FIELDNAME>
     <CHECKTABLE>*</CHECKTABLE>
     <FRKART>REF</FRKART>
     <CARD>CN</CARD>
     <CHECKFLAG>X</CHECKFLAG>
     <NOINHERIT>Y</NOINHERIT>
     <CARDLEFT>C</CARDLEFT>
    </DD08V>
    <DD08V>
     <FIELDNAME>PO_BOX_REG</FIELDNAME>
     <CHECKTABLE>*</CHECKTABLE>
     <CARD>CN</CARD>
     <CHECKFLAG>X</CHECKFLAG>
     <NOINHERIT>Y</NOINHERIT>
     <CARDLEFT>C</CARDLEFT>
    </DD08V>
    <DD08V>
     <FIELDNAME>PREFIX1</FIELDNAME>
     <CHECKTABLE>*</CHECKTABLE>
     <CHECKFLAG>X</CHECKFLAG>
     <NOINHERIT>Y</NOINHERIT>
    </DD08V>
    <DD08V>
     <FIELDNAME>PREFIX2</FIELDNAME>
     <CHECKTABLE>*</CHECKTABLE>
     <CHECKFLAG>X</CHECKFLAG>
     <NOINHERIT>Y</NOINHERIT>
    </DD08V>
    <DD08V>
     <FIELDNAME>REGIOGROUP</FIELDNAME>
     <CHECKTABLE>*</CHECKTABLE>
     <FRKART>REF</FRKART>
     <CARD>CN</CARD>
     <CHECKFLAG>X</CHECKFLAG>
     <NOINHERIT>Y</NOINHERIT>
     <CARDLEFT>C</CARDLEFT>
    </DD08V>
    <DD08V>
     <FIELDNAME>REGION</FIELDNAME>
     <CHECKTABLE>*</CHECKTABLE>
     <FRKART>REF</FRKART>
     <CARD>CN</CARD>
     <CHECKFLAG>X</CHECKFLAG>
     <NOINHERIT>Y</NOINHERIT>
     <CARDLEFT>C</CARDLEFT>
    </DD08V>
    <DD08V>
     <FIELDNAME>STR_ABBR</FIELDNAME>
     <CHECKTABLE>*</CHECKTABLE>
     <FRKART>REF</FRKART>
     <CARD>CN</CARD>
     <CHECKFLAG>X</CHECKFLAG>
     <NOINHERIT>Y</NOINHERIT>
     <CARDLEFT>C</CARDLEFT>
    </DD08V>
    <DD08V>
     <FIELDNAME>TIME_ZONE</FIELDNAME>
     <CHECKTABLE>*</CHECKTABLE>
     <FRKART>REF</FRKART>
     <CARD>CN</CARD>
     <CHECKFLAG>X</CHECKFLAG>
     <NOINHERIT>Y</NOINHERIT>
     <CARDLEFT>C</CARDLEFT>
    </DD08V>
    <DD08V>
     <FIELDNAME>TITLE_ACA1</FIELDNAME>
     <CHECKTABLE>*</CHECKTABLE>
     <CHECKFLAG>X</CHECKFLAG>
     <NOINHERIT>Y</NOINHERIT>
    </DD08V>
    <DD08V>
     <FIELDNAME>TITLE_ACA2</FIELDNAME>
     <CHECKTABLE>*</CHECKTABLE>
     <CHECKFLAG>X</CHECKFLAG>
     <NOINHERIT>Y</NOINHERIT>
    </DD08V>
    <DD08V>
     <FIELDNAME>TITLE_SPPL</FIELDNAME>
     <CHECKTABLE>*</CHECKTABLE>
     <CHECKFLAG>X</CHECKFLAG>
     <NOINHERIT>Y</NOINHERIT>
    </DD08V>
    <DD08V>
     <FIELDNAME>VIP</FIELDNAME>
     <CHECKTABLE>*</CHECKTABLE>
     <FRKART>REF</FRKART>
     <CARD>CN</CARD>
     <CHECKFLAG>X</CHECKFLAG>
     <DDTEXT>h</DDTEXT>
     <NOINHERIT>Y</NOINHERIT>
     <CARDLEFT>1</CARDLEFT>
    </DD08V>
   </DD08V_TABLE>
  </asx:values>
 </asx:abap>
</abapGit>
