﻿<?xml version="1.0" encoding="utf-8"?>
<abapGit version="v1.0.0" serializer="LCL_OBJECT_PROG" serializer_version="v1.0.0">
 <asx:abap xmlns:asx="http://www.sap.com/abapxml" version="1.0">
  <asx:values>
   <PROGDIR>
    <NAME>ZDEMO_EXCEL44</NAME>
    <SUBC>1</SUBC>
    <RSTAT>T</RSTAT>
    <RLOAD>E</RLOAD>
    <FIXPT>X</FIXPT>
    <UCCHECK>X</UCCHECK>
   </PROGDIR>
   <TPOOL>
    <item>
     <ID>I</ID>
     <KEY>B44</KEY>
     <ENTRY>Testing empty file option</ENTRY>
     <LENGTH>50</LENGTH>
    </item>
    <item>
     <ID>R</ID>
     <ENTRY>abap2xlsx Demo: Demo excel 44</ENTRY>
     <LENGTH>29</LENGTH>
    </item>
    <item>
     <ID>S</ID>
     <KEY>P_MTYFIL</KEY>
     <ENTRY>No data =&gt; No empty line</ENTRY>
     <LENGTH>32</LENGTH>
    </item>
   </TPOOL>
  </asx:values>
 </asx:abap>
</abapGit>
