﻿<?xml version="1.0" encoding="utf-8"?>
<abapGit version="v1.0.0" serializer="LCL_OBJECT_CLAS" serializer_version="v1.0.0">
 <asx:abap xmlns:asx="http://www.sap.com/abapxml" version="1.0">
  <asx:values>
   <VSEOCLASS>
    <CLSNAME>ZCL_TR2_XML</CLSNAME>
    <VERSION>1</VERSION>
    <LANGU>1</LANGU>
    <DESCRIPT>XML通用转换类</DESCRIPT>
    <STATE>1</STATE>
    <CLSCCINCL>X</CLSCCINCL>
    <FIXPT>X</FIXPT>
    <UNICODE>X</UNICODE>
   </VSEOCLASS>
   <DESCRIPTIONS>
    <SEOCOMPOTX>
     <CLSNAME>ZCL_TR2_XML</CLSNAME>
     <CMPNAME>CONVERT_VALUE_TO_XML</CMPNAME>
     <LANGU>1</LANGU>
     <DESCRIPT>把一个数据转换为XML</DESCRIPT>
    </SEOCOMPOTX>
    <SEOCOMPOTX>
     <CLSNAME>ZCL_TR2_XML</CLSNAME>
     <CMPNAME>CONVERT_XML_TO_ABAP</CMPNAME>
     <LANGU>1</LANGU>
     <DESCRIPT>把XML转换为data</DESCRIPT>
    </SEOCOMPOTX>
    <SEOCOMPOTX>
     <CLSNAME>ZCL_TR2_XML</CLSNAME>
     <CMPNAME>CREATE_DEFAULT_HEADER</CMPNAME>
     <LANGU>1</LANGU>
     <DESCRIPT>创建默认的XML抬头</DESCRIPT>
    </SEOCOMPOTX>
    <SEOCOMPOTX>
     <CLSNAME>ZCL_TR2_XML</CLSNAME>
     <CMPNAME>CREATE_ELEMENT</CMPNAME>
     <LANGU>1</LANGU>
     <DESCRIPT>创建一个element</DESCRIPT>
    </SEOCOMPOTX>
    <SEOCOMPOTX>
     <CLSNAME>ZCL_TR2_XML</CLSNAME>
     <CMPNAME>CREATE_ELEMENT_STRUC</CMPNAME>
     <LANGU>1</LANGU>
     <DESCRIPT>通过结构创建element</DESCRIPT>
    </SEOCOMPOTX>
    <SEOCOMPOTX>
     <CLSNAME>ZCL_TR2_XML</CLSNAME>
     <CMPNAME>CREATE_ELEMENT_TABLE</CMPNAME>
     <LANGU>1</LANGU>
     <DESCRIPT>通过内表创建element</DESCRIPT>
    </SEOCOMPOTX>
    <SEOCOMPOTX>
     <CLSNAME>ZCL_TR2_XML</CLSNAME>
     <CMPNAME>TRANSFORMATION</CMPNAME>
     <LANGU>1</LANGU>
     <DESCRIPT>把document转换为data</DESCRIPT>
    </SEOCOMPOTX>
    <SEOCOMPOTX>
     <CLSNAME>ZCL_TR2_XML</CLSNAME>
     <CMPNAME>TRANSFORMATION_TABLE</CMPNAME>
     <LANGU>1</LANGU>
     <DESCRIPT>把node中重复的转换为内表</DESCRIPT>
    </SEOCOMPOTX>
   </DESCRIPTIONS>
  </asx:values>
 </asx:abap>
</abapGit>
