﻿<?xml version="1.0" encoding="utf-8"?>
<abapGit version="v1.0.0" serializer="LCL_OBJECT_CLAS" serializer_version="v1.0.0">
 <asx:abap xmlns:asx="http://www.sap.com/abapxml" version="1.0">
  <asx:values>
   <VSEOCLASS>
    <CLSNAME>ZCL_TR2_COMMON</CLSNAME>
    <VERSION>1</VERSION>
    <LANGU>1</LANGU>
    <DESCRIPT>TR2项目通用方法类</DESCRIPT>
    <STATE>1</STATE>
    <CLSCCINCL>X</CLSCCINCL>
    <FIXPT>X</FIXPT>
    <UNICODE>X</UNICODE>
   </VSEOCLASS>
   <DESCRIPTIONS>
    <SEOCOMPOTX>
     <CLSNAME>ZCL_TR2_COMMON</CLSNAME>
     <CMPNAME>BBSPJ_ACCEPT</CMPNAME>
     <LANGU>1</LANGU>
     <DESCRIPT>被背书票据接收</DESCRIPT>
    </SEOCOMPOTX>
    <SEOCOMPOTX>
     <CLSNAME>ZCL_TR2_COMMON</CLSNAME>
     <CMPNAME>GET_SNRO_NUMBER</CMPNAME>
     <LANGU>1</LANGU>
     <DESCRIPT>获取流水号</DESCRIPT>
    </SEOCOMPOTX>
    <SEOCOMPOTX>
     <CLSNAME>ZCL_TR2_COMMON</CLSNAME>
     <CMPNAME>GET_WORKDAYS_BETWEEN_2_DATES</CMPNAME>
     <LANGU>1</LANGU>
     <DESCRIPT>获取两个日期间的工作日</DESCRIPT>
    </SEOCOMPOTX>
    <SEOCOMPOTX>
     <CLSNAME>ZCL_TR2_COMMON</CLSNAME>
     <CMPNAME>ZFDTH_ACCEPT</CMPNAME>
     <LANGU>1</LANGU>
     <DESCRIPT>支付单退回接收</DESCRIPT>
    </SEOCOMPOTX>
   </DESCRIPTIONS>
  </asx:values>
 </asx:abap>
</abapGit>
