﻿<?xml version="1.0" encoding="utf-8"?>
<abapGit version="v1.0.0" serializer="LCL_OBJECT_DOMA" serializer_version="v1.0.0">
 <asx:abap xmlns:asx="http://www.sap.com/abapxml" version="1.0">
  <asx:values>
   <DD01V>
    <DOMNAME>ZDMTR2_BANK_XML</DOMNAME>
    <DDLANGUAGE>1</DDLANGUAGE>
    <DATATYPE>CHAR</DATATYPE>
    <LENG>000255</LENG>
    <OUTPUTLEN>000255</OUTPUTLEN>
    <LOWERCASE>X</LOWERCASE>
    <DDTEXT>用于解析的XML字段</DDTEXT>
   </DD01V>
  </asx:values>
 </asx:abap>
</abapGit>
