﻿<?xml version="1.0" encoding="utf-8"?>
<abapGit version="v1.0.0" serializer="LCL_OBJECT_DOMA" serializer_version="v1.0.0">
 <asx:abap xmlns:asx="http://www.sap.com/abapxml" version="1.0">
  <asx:values>
   <DD01V>
    <DOMNAME>ZDTRANSTYPE</DOMNAME>
    <DDLANGUAGE>1</DDLANGUAGE>
    <DATATYPE>CHAR</DATATYPE>
    <LENG>000003</LENG>
    <OUTPUTLEN>000003</OUTPUTLEN>
    <VALEXI>X</VALEXI>
    <DDTEXT>业务类型</DDTEXT>
   </DD01V>
   <DD07V_TAB>
    <DD07V>
     <DOMNAME>ZDTRANSTYPE</DOMNAME>
     <VALPOS>0001</VALPOS>
     <DDLANGUAGE>1</DDLANGUAGE>
     <DOMVALUE_L>001</DOMVALUE_L>
     <DDTEXT>出票登记</DDTEXT>
    </DD07V>
    <DD07V>
     <DOMNAME>ZDTRANSTYPE</DOMNAME>
     <VALPOS>0002</VALPOS>
     <DDLANGUAGE>1</DDLANGUAGE>
     <DOMVALUE_L>002</DOMVALUE_L>
     <DDTEXT>承兑申请</DDTEXT>
    </DD07V>
    <DD07V>
     <DOMNAME>ZDTRANSTYPE</DOMNAME>
     <VALPOS>0003</VALPOS>
     <DDLANGUAGE>1</DDLANGUAGE>
     <DOMVALUE_L>003</DOMVALUE_L>
     <DDTEXT>提示收票</DDTEXT>
    </DD07V>
    <DD07V>
     <DOMNAME>ZDTRANSTYPE</DOMNAME>
     <VALPOS>0004</VALPOS>
     <DDLANGUAGE>1</DDLANGUAGE>
     <DOMVALUE_L>004</DOMVALUE_L>
     <DDTEXT>撤票申请</DDTEXT>
    </DD07V>
    <DD07V>
     <DOMNAME>ZDTRANSTYPE</DOMNAME>
     <VALPOS>0005</VALPOS>
     <DDLANGUAGE>1</DDLANGUAGE>
     <DOMVALUE_L>010</DOMVALUE_L>
     <DDTEXT>背书转让</DDTEXT>
    </DD07V>
    <DD07V>
     <DOMNAME>ZDTRANSTYPE</DOMNAME>
     <VALPOS>0006</VALPOS>
     <DDLANGUAGE>1</DDLANGUAGE>
     <DOMVALUE_L>011</DOMVALUE_L>
     <DDTEXT>贴现申请</DDTEXT>
    </DD07V>
    <DD07V>
     <DOMNAME>ZDTRANSTYPE</DOMNAME>
     <VALPOS>0007</VALPOS>
     <DDLANGUAGE>1</DDLANGUAGE>
     <DOMVALUE_L>017</DOMVALUE_L>
     <DDTEXT>保证申请</DDTEXT>
    </DD07V>
    <DD07V>
     <DOMNAME>ZDTRANSTYPE</DOMNAME>
     <VALPOS>0008</VALPOS>
     <DDLANGUAGE>1</DDLANGUAGE>
     <DOMVALUE_L>018</DOMVALUE_L>
     <DDTEXT>质押申请</DDTEXT>
    </DD07V>
    <DD07V>
     <DOMNAME>ZDTRANSTYPE</DOMNAME>
     <VALPOS>0009</VALPOS>
     <DDLANGUAGE>1</DDLANGUAGE>
     <DOMVALUE_L>019</DOMVALUE_L>
     <DDTEXT>质押解除申请</DDTEXT>
    </DD07V>
    <DD07V>
     <DOMNAME>ZDTRANSTYPE</DOMNAME>
     <VALPOS>0010</VALPOS>
     <DDLANGUAGE>1</DDLANGUAGE>
     <DOMVALUE_L>020</DOMVALUE_L>
     <DDTEXT>提示付款申请</DDTEXT>
    </DD07V>
    <DD07V>
     <DOMNAME>ZDTRANSTYPE</DOMNAME>
     <VALPOS>0011</VALPOS>
     <DDLANGUAGE>1</DDLANGUAGE>
     <DOMVALUE_L>022</DOMVALUE_L>
     <DDTEXT>追索申请</DDTEXT>
    </DD07V>
    <DD07V>
     <DOMNAME>ZDTRANSTYPE</DOMNAME>
     <VALPOS>0012</VALPOS>
     <DDLANGUAGE>1</DDLANGUAGE>
     <DOMVALUE_L>023</DOMVALUE_L>
     <DDTEXT>同意清偿申请</DDTEXT>
    </DD07V>
    <DD07V>
     <DOMNAME>ZDTRANSTYPE</DOMNAME>
     <VALPOS>0013</VALPOS>
     <DDLANGUAGE>1</DDLANGUAGE>
     <DOMVALUE_L>032</DOMVALUE_L>
     <DDTEXT>通用撤回申请</DDTEXT>
    </DD07V>
    <DD07V>
     <DOMNAME>ZDTRANSTYPE</DOMNAME>
     <VALPOS>0014</VALPOS>
     <DDLANGUAGE>1</DDLANGUAGE>
     <DOMVALUE_L>042</DOMVALUE_L>
     <DDTEXT>票据查验申请</DDTEXT>
    </DD07V>
   </DD07V_TAB>
  </asx:values>
 </asx:abap>
</abapGit>
