﻿<?xml version="1.0" encoding="utf-8"?>
<abapGit version="v1.0.0" serializer="LCL_OBJECT_DOMA" serializer_version="v1.0.0">
 <asx:abap xmlns:asx="http://www.sap.com/abapxml" version="1.0">
  <asx:values>
   <DD01V>
    <DOMNAME>ZTR2_FLB</DOMNAME>
    <DDLANGUAGE>1</DDLANGUAGE>
    <DATATYPE>CHAR</DATATYPE>
    <LENG>000004</LENG>
    <OUTPUTLEN>000004</OUTPUTLEN>
    <VALEXI>X</VALEXI>
    <DDTEXT>风险类别</DDTEXT>
   </DD01V>
   <DD07V_TAB>
    <DD07V>
     <DOMNAME>ZTR2_FLB</DOMNAME>
     <VALPOS>0001</VALPOS>
     <DDLANGUAGE>1</DDLANGUAGE>
     <DOMVALUE_L>0001</DOMVALUE_L>
     <DDTEXT>低风险（本金基本保证，利率基本保证）</DDTEXT>
    </DD07V>
    <DD07V>
     <DOMNAME>ZTR2_FLB</DOMNAME>
     <VALPOS>0002</VALPOS>
     <DDLANGUAGE>1</DDLANGUAGE>
     <DOMVALUE_L>0002</DOMVALUE_L>
     <DDTEXT>中低风险（本金基本保证，利率存在波动可能）</DDTEXT>
    </DD07V>
    <DD07V>
     <DOMNAME>ZTR2_FLB</DOMNAME>
     <VALPOS>0003</VALPOS>
     <DDLANGUAGE>1</DDLANGUAGE>
     <DOMVALUE_L>0003</DOMVALUE_L>
     <DDTEXT>中风险（本金可能损失，利率存在波动）</DDTEXT>
    </DD07V>
    <DD07V>
     <DOMNAME>ZTR2_FLB</DOMNAME>
     <VALPOS>0004</VALPOS>
     <DDLANGUAGE>1</DDLANGUAGE>
     <DOMVALUE_L>0004</DOMVALUE_L>
     <DDTEXT>中高风险（本金较大可能损失）</DDTEXT>
    </DD07V>
    <DD07V>
     <DOMNAME>ZTR2_FLB</DOMNAME>
     <VALPOS>0005</VALPOS>
     <DDLANGUAGE>1</DDLANGUAGE>
     <DOMVALUE_L>0005</DOMVALUE_L>
     <DDTEXT>高风险（本金可能完全损失）</DDTEXT>
    </DD07V>
   </DD07V_TAB>
  </asx:values>
 </asx:abap>
</abapGit>
