﻿<?xml version="1.0" encoding="utf-8"?>
<abapGit version="v1.0.0" serializer="LCL_OBJECT_DTEL" serializer_version="v1.0.0">
 <asx:abap xmlns:asx="http://www.sap.com/abapxml" version="1.0">
  <asx:values>
   <DD04V>
    <ROLLNAME>ZTR2_BSCH_SEQ</ROLLNAME>
    <DDLANGUAGE>1</DDLANGUAGE>
    <DOMNAME>ZTR2_WYJJ_SEQ</DOMNAME>
    <HEADLEN>20</HEADLEN>
    <SCRLEN2>20</SCRLEN2>
    <SCRLEN3>40</SCRLEN3>
    <DDTEXT>背书撤回网银交易流水号</DDTEXT>
    <REPTEXT>背书撤回网银交易流水号</REPTEXT>
    <SCRTEXT_M>背书撤回网银交易流水号</SCRTEXT_M>
    <SCRTEXT_L>背书撤回网银交易流水号</SCRTEXT_L>
    <DTELMASTER>1</DTELMASTER>
    <REFKIND>D</REFKIND>
   </DD04V>
  </asx:values>
 </asx:abap>
</abapGit>
