﻿<?xml version="1.0" encoding="utf-8"?>
<abapGit version="v1.0.0" serializer="LCL_OBJECT_DTEL" serializer_version="v1.0.0">
 <asx:abap xmlns:asx="http://www.sap.com/abapxml" version="1.0">
  <asx:values>
   <DD04V>
    <ROLLNAME>ZTR2_IBKNUM</ROLLNAME>
    <DDLANGUAGE>1</DDLANGUAGE>
    <DOMNAME>CHAR5</DOMNAME>
    <HEADLEN>05</HEADLEN>
    <SCRLEN1>10</SCRLEN1>
    <SCRLEN2>20</SCRLEN2>
    <SCRLEN3>40</SCRLEN3>
    <DDTEXT>联行号</DDTEXT>
    <REPTEXT>联行号</REPTEXT>
    <SCRTEXT_S>联行号</SCRTEXT_S>
    <SCRTEXT_M>联行号</SCRTEXT_M>
    <SCRTEXT_L>联行号</SCRTEXT_L>
    <DTELMASTER>1</DTELMASTER>
    <REFKIND>D</REFKIND>
   </DD04V>
  </asx:values>
 </asx:abap>
</abapGit>
