﻿<?xml version="1.0" encoding="utf-8"?>
<abapGit version="v1.0.0" serializer="LCL_OBJECT_DOMA" serializer_version="v1.0.0">
 <asx:abap xmlns:asx="http://www.sap.com/abapxml" version="1.0">
  <asx:values>
   <DD01V>
    <DOMNAME>ZTR2_BSJS_STAT</DOMNAME>
    <DDLANGUAGE>1</DDLANGUAGE>
    <DATATYPE>CHAR</DATATYPE>
    <LENG>000006</LENG>
    <OUTPUTLEN>000006</OUTPUTLEN>
    <LOWERCASE>X</LOWERCASE>
    <VALEXI>X</VALEXI>
    <DDTEXT>状态</DDTEXT>
   </DD01V>
   <DD07V_TAB>
    <DD07V>
     <DOMNAME>ZTR2_BSJS_STAT</DOMNAME>
     <VALPOS>0001</VALPOS>
     <DDLANGUAGE>1</DDLANGUAGE>
    </DD07V>
    <DD07V>
     <DOMNAME>ZTR2_BSJS_STAT</DOMNAME>
     <VALPOS>0002</VALPOS>
     <DDLANGUAGE>1</DDLANGUAGE>
     <DOMVALUE_L>B001</DOMVALUE_L>
     <DDTEXT>成功</DDTEXT>
    </DD07V>
    <DD07V>
     <DOMNAME>ZTR2_BSJS_STAT</DOMNAME>
     <VALPOS>0003</VALPOS>
     <DDLANGUAGE>1</DDLANGUAGE>
     <DOMVALUE_L>B052</DOMVALUE_L>
     <DDTEXT>交易不存在或银行未处理</DDTEXT>
    </DD07V>
    <DD07V>
     <DOMNAME>ZTR2_BSJS_STAT</DOMNAME>
     <VALPOS>0004</VALPOS>
     <DDLANGUAGE>1</DDLANGUAGE>
     <DOMVALUE_L>B053</DOMVALUE_L>
     <DDTEXT>交易失败被银行退回</DDTEXT>
    </DD07V>
    <DD07V>
     <DOMNAME>ZTR2_BSJS_STAT</DOMNAME>
     <VALPOS>0005</VALPOS>
     <DDLANGUAGE>1</DDLANGUAGE>
     <DOMVALUE_L>B054</DOMVALUE_L>
     <DDTEXT>交易处理中</DDTEXT>
    </DD07V>
    <DD07V>
     <DOMNAME>ZTR2_BSJS_STAT</DOMNAME>
     <VALPOS>0006</VALPOS>
     <DDLANGUAGE>1</DDLANGUAGE>
     <DOMVALUE_L>B194</DOMVALUE_L>
     <DDTEXT>网银交易流水号格式非法</DDTEXT>
    </DD07V>
    <DD07V>
     <DOMNAME>ZTR2_BSJS_STAT</DOMNAME>
     <VALPOS>0007</VALPOS>
     <DDLANGUAGE>1</DDLANGUAGE>
     <DOMVALUE_L>B258</DOMVALUE_L>
     <DDTEXT>预约交易已撤销</DDTEXT>
    </DD07V>
    <DD07V>
     <DOMNAME>ZTR2_BSJS_STAT</DOMNAME>
     <VALPOS>0008</VALPOS>
     <DDLANGUAGE>1</DDLANGUAGE>
     <DOMVALUE_L>B498</DOMVALUE_L>
     <DDTEXT>已撤回</DDTEXT>
    </DD07V>
    <DD07V>
     <DOMNAME>ZTR2_BSJS_STAT</DOMNAME>
     <VALPOS>0009</VALPOS>
     <DDLANGUAGE>1</DDLANGUAGE>
     <DOMVALUE_L>B2186</DOMVALUE_L>
     <DDTEXT>被背书人账户名称格式非法</DDTEXT>
    </DD07V>
    <DD07V>
     <DOMNAME>ZTR2_BSJS_STAT</DOMNAME>
     <VALPOS>0010</VALPOS>
     <DDLANGUAGE>1</DDLANGUAGE>
     <DOMVALUE_L>B2187</DOMVALUE_L>
     <DDTEXT>申请人账号在网银不存在</DDTEXT>
    </DD07V>
    <DD07V>
     <DOMNAME>ZTR2_BSJS_STAT</DOMNAME>
     <VALPOS>0011</VALPOS>
     <DDLANGUAGE>1</DDLANGUAGE>
     <DOMVALUE_L>B3055</DOMVALUE_L>
     <DDTEXT>已发送对方未签收</DDTEXT>
    </DD07V>
    <DD07V>
     <DOMNAME>ZTR2_BSJS_STAT</DOMNAME>
     <VALPOS>0012</VALPOS>
     <DDLANGUAGE>1</DDLANGUAGE>
     <DOMVALUE_L>B3056</DOMVALUE_L>
     <DDTEXT>对手拒绝</DDTEXT>
    </DD07V>
    <DD07V>
     <DOMNAME>ZTR2_BSJS_STAT</DOMNAME>
     <VALPOS>0013</VALPOS>
     <DDLANGUAGE>1</DDLANGUAGE>
     <DOMVALUE_L>B999</DOMVALUE_L>
     <DDTEXT>异常</DDTEXT>
    </DD07V>
    <DD07V>
     <DOMNAME>ZTR2_BSJS_STAT</DOMNAME>
     <VALPOS>0014</VALPOS>
     <DDLANGUAGE>1</DDLANGUAGE>
     <DOMVALUE_L>C003</DOMVALUE_L>
     <DDTEXT>System error</DDTEXT>
    </DD07V>
    <DD07V>
     <DOMNAME>ZTR2_BSJS_STAT</DOMNAME>
     <VALPOS>0015</VALPOS>
     <DDLANGUAGE>1</DDLANGUAGE>
     <DOMVALUE_L>C001</DOMVALUE_L>
     <DDTEXT>System error</DDTEXT>
    </DD07V>
    <DD07V>
     <DOMNAME>ZTR2_BSJS_STAT</DOMNAME>
     <VALPOS>0016</VALPOS>
     <DDLANGUAGE>1</DDLANGUAGE>
     <DOMVALUE_L>1014</DOMVALUE_L>
     <DDTEXT>网银服务器应答失败</DDTEXT>
    </DD07V>
   </DD07V_TAB>
  </asx:values>
 </asx:abap>
</abapGit>
