﻿<?xml version="1.0" encoding="utf-8"?>
<abapGit version="v1.0.0" serializer="LCL_OBJECT_DTEL" serializer_version="v1.0.0">
 <asx:abap xmlns:asx="http://www.sap.com/abapxml" version="1.0">
  <asx:values>
   <DD04V>
    <ROLLNAME>ZTR2_FKBANKN</ROLLNAME>
    <DDLANGUAGE>1</DDLANGUAGE>
    <DOMNAME>ZTR2_BANKN</DOMNAME>
    <HEADLEN>45</HEADLEN>
    <SCRLEN1>10</SCRLEN1>
    <SCRLEN2>20</SCRLEN2>
    <SCRLEN3>40</SCRLEN3>
    <DDTEXT>付款银行账号</DDTEXT>
    <REPTEXT>付款银行账号</REPTEXT>
    <SCRTEXT_S>付款银行账号</SCRTEXT_S>
    <SCRTEXT_M>付款银行账号</SCRTEXT_M>
    <SCRTEXT_L>付款银行账号</SCRTEXT_L>
    <DTELMASTER>1</DTELMASTER>
    <REFKIND>D</REFKIND>
   </DD04V>
  </asx:values>
 </asx:abap>
</abapGit>
