﻿<?xml version="1.0" encoding="utf-8"?>
<abapGit version="v1.0.0" serializer="LCL_OBJECT_DTEL" serializer_version="v1.0.0">
 <asx:abap xmlns:asx="http://www.sap.com/abapxml" version="1.0">
  <asx:values>
   <DD04V>
    <ROLLNAME>ZTR2_BANK_XML</ROLLNAME>
    <DDLANGUAGE>1</DDLANGUAGE>
    <DOMNAME>ZDMTR2_BANK_XML</DOMNAME>
    <HEADLEN>10</HEADLEN>
    <SCRLEN1>05</SCRLEN1>
    <SCRLEN2>10</SCRLEN2>
    <SCRLEN3>10</SCRLEN3>
    <DDTEXT>用于解析的XML字段</DDTEXT>
    <REPTEXT>用于解析的XML字段</REPTEXT>
    <SCRTEXT_S>XML字段</SCRTEXT_S>
    <SCRTEXT_M>用于解析的XML字段</SCRTEXT_M>
    <SCRTEXT_L>用于解析的XML字段</SCRTEXT_L>
    <DTELMASTER>1</DTELMASTER>
    <REFKIND>D</REFKIND>
   </DD04V>
  </asx:values>
 </asx:abap>
</abapGit>
