﻿<?xml version="1.0" encoding="utf-8"?>
<abapGit version="v1.0.0" serializer="LCL_OBJECT_DOMA" serializer_version="v1.0.0">
 <asx:abap xmlns:asx="http://www.sap.com/abapxml" version="1.0">
  <asx:values>
   <DD01V>
    <DOMNAME>ZTR2_TZDL</DOMNAME>
    <DDLANGUAGE>1</DDLANGUAGE>
    <DATATYPE>CHAR</DATATYPE>
    <LENG>000003</LENG>
    <OUTPUTLEN>000003</OUTPUTLEN>
    <VALEXI>X</VALEXI>
    <DDTEXT>投资大类</DDTEXT>
   </DD01V>
   <DD07V_TAB>
    <DD07V>
     <DOMNAME>ZTR2_TZDL</DOMNAME>
     <VALPOS>0001</VALPOS>
     <DDLANGUAGE>1</DDLANGUAGE>
     <DOMVALUE_L>001</DOMVALUE_L>
     <DDTEXT>银行类</DDTEXT>
    </DD07V>
    <DD07V>
     <DOMNAME>ZTR2_TZDL</DOMNAME>
     <VALPOS>0002</VALPOS>
     <DDLANGUAGE>1</DDLANGUAGE>
     <DOMVALUE_L>002</DOMVALUE_L>
     <DDTEXT>基金</DDTEXT>
    </DD07V>
    <DD07V>
     <DOMNAME>ZTR2_TZDL</DOMNAME>
     <VALPOS>0003</VALPOS>
     <DDLANGUAGE>1</DDLANGUAGE>
     <DOMVALUE_L>003</DOMVALUE_L>
     <DDTEXT>股票</DDTEXT>
    </DD07V>
    <DD07V>
     <DOMNAME>ZTR2_TZDL</DOMNAME>
     <VALPOS>0004</VALPOS>
     <DDLANGUAGE>1</DDLANGUAGE>
     <DOMVALUE_L>004</DOMVALUE_L>
     <DDTEXT>债券</DDTEXT>
    </DD07V>
    <DD07V>
     <DOMNAME>ZTR2_TZDL</DOMNAME>
     <VALPOS>0005</VALPOS>
     <DDLANGUAGE>1</DDLANGUAGE>
     <DOMVALUE_L>005</DOMVALUE_L>
     <DDTEXT>资管</DDTEXT>
    </DD07V>
    <DD07V>
     <DOMNAME>ZTR2_TZDL</DOMNAME>
     <VALPOS>0006</VALPOS>
     <DDLANGUAGE>1</DDLANGUAGE>
     <DOMVALUE_L>006</DOMVALUE_L>
     <DDTEXT>信托</DDTEXT>
    </DD07V>
    <DD07V>
     <DOMNAME>ZTR2_TZDL</DOMNAME>
     <VALPOS>0007</VALPOS>
     <DDLANGUAGE>1</DDLANGUAGE>
     <DOMVALUE_L>007</DOMVALUE_L>
     <DDTEXT>委贷</DDTEXT>
    </DD07V>
   </DD07V_TAB>
  </asx:values>
 </asx:abap>
</abapGit>
