﻿<?xml version="1.0" encoding="utf-8"?>
<abapGit version="v1.0.0" serializer="LCL_OBJECT_DTEL" serializer_version="v1.0.0">
 <asx:abap xmlns:asx="http://www.sap.com/abapxml" version="1.0">
  <asx:values>
   <DD04V>
    <ROLLNAME>ZTR2_BGDOCNO</ROLLNAME>
    <DDLANGUAGE>1</DDLANGUAGE>
    <DOMNAME>ZDM_TR_DOCNO</DOMNAME>
    <HEADLEN>10</HEADLEN>
    <SCRLEN1>10</SCRLEN1>
    <SCRLEN2>20</SCRLEN2>
    <SCRLEN3>40</SCRLEN3>
    <DDTEXT>变更单号</DDTEXT>
    <REPTEXT>变更单号</REPTEXT>
    <SCRTEXT_S>变更单号</SCRTEXT_S>
    <SCRTEXT_M>变更单号</SCRTEXT_M>
    <SCRTEXT_L>变更单号</SCRTEXT_L>
    <DTELMASTER>1</DTELMASTER>
    <SHLPNAME>ZSH_TR2_BGDOCNO</SHLPNAME>
    <SHLPFIELD>BGDOCNO</SHLPFIELD>
    <REFKIND>D</REFKIND>
   </DD04V>
  </asx:values>
 </asx:abap>
</abapGit>
