﻿<?xml version="1.0" encoding="utf-8"?>
<abapGit version="v1.0.0" serializer="LCL_OBJECT_DOMA" serializer_version="v1.0.0">
 <asx:abap xmlns:asx="http://www.sap.com/abapxml" version="1.0">
  <asx:values>
   <DD01V>
    <DOMNAME>ZTR2_PJZT</DOMNAME>
    <DDLANGUAGE>1</DDLANGUAGE>
    <DATATYPE>CHAR</DATATYPE>
    <LENG>000006</LENG>
    <OUTPUTLEN>000006</OUTPUTLEN>
    <VALEXI>X</VALEXI>
    <DDTEXT>票据状态</DDTEXT>
   </DD01V>
   <DD07V_TAB>
    <DD07V>
     <DOMNAME>ZTR2_PJZT</DOMNAME>
     <VALPOS>0001</VALPOS>
     <DDLANGUAGE>1</DDLANGUAGE>
     <DOMVALUE_L>100001</DOMVALUE_L>
     <DDTEXT>背书待签收</DDTEXT>
    </DD07V>
    <DD07V>
     <DOMNAME>ZTR2_PJZT</DOMNAME>
     <VALPOS>0002</VALPOS>
     <DDLANGUAGE>1</DDLANGUAGE>
     <DOMVALUE_L>100006</DOMVALUE_L>
     <DDTEXT>背书已签收</DDTEXT>
    </DD07V>
    <DD07V>
     <DOMNAME>ZTR2_PJZT</DOMNAME>
     <VALPOS>0003</VALPOS>
     <DDLANGUAGE>1</DDLANGUAGE>
     <DOMVALUE_L>010004</DOMVALUE_L>
     <DDTEXT>出票已登记</DDTEXT>
    </DD07V>
    <DD07V>
     <DOMNAME>ZTR2_PJZT</DOMNAME>
     <VALPOS>0004</VALPOS>
     <DDLANGUAGE>1</DDLANGUAGE>
     <DOMVALUE_L>020001</DOMVALUE_L>
     <DDTEXT>提示承兑待签收</DDTEXT>
    </DD07V>
    <DD07V>
     <DOMNAME>ZTR2_PJZT</DOMNAME>
     <VALPOS>0005</VALPOS>
     <DDLANGUAGE>1</DDLANGUAGE>
     <DOMVALUE_L>020006</DOMVALUE_L>
     <DDTEXT>提示承兑已签收</DDTEXT>
    </DD07V>
    <DD07V>
     <DOMNAME>ZTR2_PJZT</DOMNAME>
     <VALPOS>0006</VALPOS>
     <DDLANGUAGE>1</DDLANGUAGE>
     <DOMVALUE_L>030001</DOMVALUE_L>
     <DDTEXT>提示收票待签收</DDTEXT>
    </DD07V>
    <DD07V>
     <DOMNAME>ZTR2_PJZT</DOMNAME>
     <VALPOS>0007</VALPOS>
     <DDLANGUAGE>1</DDLANGUAGE>
     <DOMVALUE_L>030006</DOMVALUE_L>
     <DDTEXT>提示收票已签收</DDTEXT>
    </DD07V>
    <DD07V>
     <DOMNAME>ZTR2_PJZT</DOMNAME>
     <VALPOS>0008</VALPOS>
     <DDLANGUAGE>1</DDLANGUAGE>
     <DOMVALUE_L>000002</DOMVALUE_L>
     <DDTEXT>票据已作废</DDTEXT>
    </DD07V>
    <DD07V>
     <DOMNAME>ZTR2_PJZT</DOMNAME>
     <VALPOS>0009</VALPOS>
     <DDLANGUAGE>1</DDLANGUAGE>
     <DOMVALUE_L>180001</DOMVALUE_L>
     <DDTEXT>质押待签收</DDTEXT>
    </DD07V>
    <DD07V>
     <DOMNAME>ZTR2_PJZT</DOMNAME>
     <VALPOS>0010</VALPOS>
     <DDLANGUAGE>1</DDLANGUAGE>
     <DOMVALUE_L>180006</DOMVALUE_L>
     <DDTEXT>质押已签收</DDTEXT>
    </DD07V>
    <DD07V>
     <DOMNAME>ZTR2_PJZT</DOMNAME>
     <VALPOS>0011</VALPOS>
     <DDLANGUAGE>1</DDLANGUAGE>
     <DOMVALUE_L>180020</DOMVALUE_L>
     <DDTEXT>质押已至票据到期日</DDTEXT>
    </DD07V>
    <DD07V>
     <DOMNAME>ZTR2_PJZT</DOMNAME>
     <VALPOS>0012</VALPOS>
     <DDLANGUAGE>1</DDLANGUAGE>
     <DOMVALUE_L>190001</DOMVALUE_L>
     <DDTEXT>质押解除待签收</DDTEXT>
    </DD07V>
    <DD07V>
     <DOMNAME>ZTR2_PJZT</DOMNAME>
     <VALPOS>0013</VALPOS>
     <DDLANGUAGE>1</DDLANGUAGE>
     <DOMVALUE_L>190006</DOMVALUE_L>
     <DDTEXT>质押解除已签收</DDTEXT>
    </DD07V>
    <DD07V>
     <DOMNAME>ZTR2_PJZT</DOMNAME>
     <VALPOS>0014</VALPOS>
     <DDLANGUAGE>1</DDLANGUAGE>
     <DOMVALUE_L>170001</DOMVALUE_L>
     <DDTEXT>保证待签收</DDTEXT>
    </DD07V>
    <DD07V>
     <DOMNAME>ZTR2_PJZT</DOMNAME>
     <VALPOS>0015</VALPOS>
     <DDLANGUAGE>1</DDLANGUAGE>
     <DOMVALUE_L>200001</DOMVALUE_L>
     <DDTEXT>提示付款待签收</DDTEXT>
    </DD07V>
    <DD07V>
     <DOMNAME>ZTR2_PJZT</DOMNAME>
     <VALPOS>0016</VALPOS>
     <DDLANGUAGE>1</DDLANGUAGE>
     <DOMVALUE_L>200003</DOMVALUE_L>
     <DDTEXT>提示付款已签收待清算</DDTEXT>
    </DD07V>
    <DD07V>
     <DOMNAME>ZTR2_PJZT</DOMNAME>
     <VALPOS>0017</VALPOS>
     <DDLANGUAGE>1</DDLANGUAGE>
     <DOMVALUE_L>200005</DOMVALUE_L>
     <DDTEXT>提示付款已签收已排队</DDTEXT>
    </DD07V>
    <DD07V>
     <DOMNAME>ZTR2_PJZT</DOMNAME>
     <VALPOS>0018</VALPOS>
     <DDLANGUAGE>1</DDLANGUAGE>
     <DOMVALUE_L>000000</DOMVALUE_L>
     <DDTEXT>票据已结清</DDTEXT>
    </DD07V>
    <DD07V>
     <DOMNAME>ZTR2_PJZT</DOMNAME>
     <VALPOS>0019</VALPOS>
     <DDLANGUAGE>1</DDLANGUAGE>
     <DOMVALUE_L>200312</DOMVALUE_L>
     <DDTEXT>提示付款已拒付（可拒付追索，只能追出票人，承兑人及其保证人）</DDTEXT>
    </DD07V>
    <DD07V>
     <DOMNAME>ZTR2_PJZT</DOMNAME>
     <VALPOS>0020</VALPOS>
     <DDLANGUAGE>1</DDLANGUAGE>
     <DOMVALUE_L>200412</DOMVALUE_L>
     <DDTEXT>提示付款已拒付（可拒付追索，可以追所有人）</DDTEXT>
    </DD07V>
    <DD07V>
     <DOMNAME>ZTR2_PJZT</DOMNAME>
     <VALPOS>0021</VALPOS>
     <DDLANGUAGE>1</DDLANGUAGE>
     <DOMVALUE_L>200512</DOMVALUE_L>
     <DDTEXT>提示付款已拒付（不可进行拒付追索）</DDTEXT>
    </DD07V>
    <DD07V>
     <DOMNAME>ZTR2_PJZT</DOMNAME>
     <VALPOS>0022</VALPOS>
     <DDLANGUAGE>1</DDLANGUAGE>
     <DOMVALUE_L>210001</DOMVALUE_L>
     <DDTEXT>逾期提示付款待签收</DDTEXT>
    </DD07V>
    <DD07V>
     <DOMNAME>ZTR2_PJZT</DOMNAME>
     <VALPOS>0023</VALPOS>
     <DDLANGUAGE>1</DDLANGUAGE>
     <DOMVALUE_L>210003</DOMVALUE_L>
     <DDTEXT>逾期提示付款已签收待清算</DDTEXT>
    </DD07V>
    <DD07V>
     <DOMNAME>ZTR2_PJZT</DOMNAME>
     <VALPOS>0024</VALPOS>
     <DDLANGUAGE>1</DDLANGUAGE>
     <DOMVALUE_L>210005</DOMVALUE_L>
     <DDTEXT>逾期提示付款已签收已排队</DDTEXT>
    </DD07V>
    <DD07V>
     <DOMNAME>ZTR2_PJZT</DOMNAME>
     <VALPOS>0025</VALPOS>
     <DDLANGUAGE>1</DDLANGUAGE>
     <DOMVALUE_L>210312</DOMVALUE_L>
     <DDTEXT>逾期提示付款已拒付（可拒付追索，只能追出票人，承兑人及其保证人）</DDTEXT>
    </DD07V>
    <DD07V>
     <DOMNAME>ZTR2_PJZT</DOMNAME>
     <VALPOS>0026</VALPOS>
     <DDLANGUAGE>1</DDLANGUAGE>
     <DOMVALUE_L>210412</DOMVALUE_L>
     <DDTEXT>逾期提示付款已拒付（可拒付追索，可以追所有人）</DDTEXT>
    </DD07V>
    <DD07V>
     <DOMNAME>ZTR2_PJZT</DOMNAME>
     <VALPOS>0027</VALPOS>
     <DDLANGUAGE>1</DDLANGUAGE>
     <DOMVALUE_L>000026</DOMVALUE_L>
     <DDTEXT>已逾票据权利失效日</DDTEXT>
    </DD07V>
   </DD07V_TAB>
  </asx:values>
 </asx:abap>
</abapGit>
