﻿<?xml version="1.0" encoding="utf-8"?>
<abapGit version="v1.0.0" serializer="LCL_OBJECT_DOMA" serializer_version="v1.0.0">
 <asx:abap xmlns:asx="http://www.sap.com/abapxml" version="1.0">
  <asx:values>
   <DD01V>
    <DOMNAME>ZTR2_SIGNFLAG</DOMNAME>
    <DDLANGUAGE>1</DDLANGUAGE>
    <DATATYPE>CHAR</DATATYPE>
    <LENG>000002</LENG>
    <OUTPUTLEN>000002</OUTPUTLEN>
    <VALEXI>X</VALEXI>
    <DDTEXT>票据签收状态</DDTEXT>
   </DD01V>
   <DD07V_TAB>
    <DD07V>
     <DOMNAME>ZTR2_SIGNFLAG</DOMNAME>
     <VALPOS>0001</VALPOS>
     <DDLANGUAGE>1</DDLANGUAGE>
     <DOMVALUE_L>01</DOMVALUE_L>
     <DDTEXT>已自动处理</DDTEXT>
    </DD07V>
    <DD07V>
     <DOMNAME>ZTR2_SIGNFLAG</DOMNAME>
     <VALPOS>0002</VALPOS>
     <DDLANGUAGE>1</DDLANGUAGE>
     <DOMVALUE_L>11</DOMVALUE_L>
     <DDTEXT>待财务处理</DDTEXT>
    </DD07V>
    <DD07V>
     <DOMNAME>ZTR2_SIGNFLAG</DOMNAME>
     <VALPOS>0003</VALPOS>
     <DDLANGUAGE>1</DDLANGUAGE>
     <DOMVALUE_L>12</DOMVALUE_L>
     <DDTEXT>财务已处理</DDTEXT>
    </DD07V>
    <DD07V>
     <DOMNAME>ZTR2_SIGNFLAG</DOMNAME>
     <VALPOS>0004</VALPOS>
     <DDLANGUAGE>1</DDLANGUAGE>
     <DOMVALUE_L>21</DOMVALUE_L>
     <DDTEXT>待业务处理</DDTEXT>
    </DD07V>
    <DD07V>
     <DOMNAME>ZTR2_SIGNFLAG</DOMNAME>
     <VALPOS>0005</VALPOS>
     <DDLANGUAGE>1</DDLANGUAGE>
     <DOMVALUE_L>22</DOMVALUE_L>
     <DDTEXT>业务已处理</DDTEXT>
    </DD07V>
   </DD07V_TAB>
  </asx:values>
 </asx:abap>
</abapGit>
