﻿<?xml version="1.0" encoding="utf-8"?>
<abapGit version="v1.0.0" serializer="LCL_OBJECT_DTEL" serializer_version="v1.0.0">
 <asx:abap xmlns:asx="http://www.sap.com/abapxml" version="1.0">
  <asx:values>
   <DD04V>
    <ROLLNAME>ZTR2_NFZR</ROLLNAME>
    <DDLANGUAGE>1</DDLANGUAGE>
    <DOMNAME>ZTR2_NFZR</DOMNAME>
    <HEADLEN>06</HEADLEN>
    <SCRLEN1>06</SCRLEN1>
    <SCRLEN2>06</SCRLEN2>
    <SCRLEN3>06</SCRLEN3>
    <DDTEXT>能否转让标识</DDTEXT>
    <REPTEXT>能否转让标识</REPTEXT>
    <SCRTEXT_S>能否转让标识</SCRTEXT_S>
    <SCRTEXT_M>能否转让标识</SCRTEXT_M>
    <SCRTEXT_L>能否转让标识</SCRTEXT_L>
    <DTELMASTER>1</DTELMASTER>
    <REFKIND>D</REFKIND>
   </DD04V>
  </asx:values>
 </asx:abap>
</abapGit>
