﻿<?xml version="1.0" encoding="utf-8"?>
<abapGit version="v1.0.0" serializer="LCL_OBJECT_DTEL" serializer_version="v1.0.0">
 <asx:abap xmlns:asx="http://www.sap.com/abapxml" version="1.0">
  <asx:values>
   <DD04V>
    <ROLLNAME>ZTR2_BANKN_CP</ROLLNAME>
    <DDLANGUAGE>1</DDLANGUAGE>
    <DOMNAME>ZTR2_BANKN</DOMNAME>
    <HEADLEN>07</HEADLEN>
    <SCRLEN2>07</SCRLEN2>
    <SCRLEN3>07</SCRLEN3>
    <DDTEXT>出票人银行账号</DDTEXT>
    <REPTEXT>出票人银行账号</REPTEXT>
    <SCRTEXT_M>出票人银行账号</SCRTEXT_M>
    <SCRTEXT_L>出票人银行账号</SCRTEXT_L>
    <DTELMASTER>1</DTELMASTER>
    <REFKIND>D</REFKIND>
   </DD04V>
  </asx:values>
 </asx:abap>
</abapGit>
