﻿<?xml version="1.0" encoding="utf-8"?>
<abapGit version="v1.0.0" serializer="LCL_OBJECT_DTEL" serializer_version="v1.0.0">
 <asx:abap xmlns:asx="http://www.sap.com/abapxml" version="1.0">
  <asx:values>
   <DD04V>
    <ROLLNAME>ZTR2_JJ_DAYS</ROLLNAME>
    <DDLANGUAGE>1</DDLANGUAGE>
    <DOMNAME>ZTR2_JJ_DAYS</DOMNAME>
    <HEADLEN>12</HEADLEN>
    <SCRLEN2>12</SCRLEN2>
    <SCRLEN3>12</SCRLEN3>
    <DDTEXT>背书撤回警戒期限（天数）</DDTEXT>
    <REPTEXT>背书撤回警戒期限（天数）</REPTEXT>
    <SCRTEXT_M>背书撤回警戒期限（天数）</SCRTEXT_M>
    <SCRTEXT_L>背书撤回警戒期限（天数）</SCRTEXT_L>
    <DTELMASTER>1</DTELMASTER>
    <REFKIND>D</REFKIND>
   </DD04V>
  </asx:values>
 </asx:abap>
</abapGit>
