﻿<?xml version="1.0" encoding="utf-8"?>
<abapGit version="v1.0.0" serializer="LCL_OBJECT_DOMA" serializer_version="v1.0.0">
 <asx:abap xmlns:asx="http://www.sap.com/abapxml" version="1.0">
  <asx:values>
   <DD01V>
    <DOMNAME>ZTR2_TZXL</DOMNAME>
    <DDLANGUAGE>1</DDLANGUAGE>
    <DATATYPE>CHAR</DATATYPE>
    <LENG>000004</LENG>
    <OUTPUTLEN>000004</OUTPUTLEN>
    <VALEXI>X</VALEXI>
    <DDTEXT>投资小类</DDTEXT>
   </DD01V>
   <DD07V_TAB>
    <DD07V>
     <DOMNAME>ZTR2_TZXL</DOMNAME>
     <VALPOS>0001</VALPOS>
     <DDLANGUAGE>1</DDLANGUAGE>
     <DOMVALUE_L>0101</DOMVALUE_L>
     <DDTEXT>通知存款</DDTEXT>
    </DD07V>
    <DD07V>
     <DOMNAME>ZTR2_TZXL</DOMNAME>
     <VALPOS>0002</VALPOS>
     <DDLANGUAGE>1</DDLANGUAGE>
     <DOMVALUE_L>0102</DOMVALUE_L>
     <DDTEXT>结构性存款</DDTEXT>
    </DD07V>
    <DD07V>
     <DOMNAME>ZTR2_TZXL</DOMNAME>
     <VALPOS>0003</VALPOS>
     <DDLANGUAGE>1</DDLANGUAGE>
     <DOMVALUE_L>0103</DOMVALUE_L>
     <DDTEXT>大额存单</DDTEXT>
    </DD07V>
    <DD07V>
     <DOMNAME>ZTR2_TZXL</DOMNAME>
     <VALPOS>0004</VALPOS>
     <DDLANGUAGE>1</DDLANGUAGE>
     <DOMVALUE_L>0104</DOMVALUE_L>
     <DDTEXT>定期存款</DDTEXT>
    </DD07V>
    <DD07V>
     <DOMNAME>ZTR2_TZXL</DOMNAME>
     <VALPOS>0005</VALPOS>
     <DDLANGUAGE>1</DDLANGUAGE>
     <DOMVALUE_L>0105</DOMVALUE_L>
     <DDTEXT>银行理财</DDTEXT>
    </DD07V>
    <DD07V>
     <DOMNAME>ZTR2_TZXL</DOMNAME>
     <VALPOS>0006</VALPOS>
     <DDLANGUAGE>1</DDLANGUAGE>
     <DOMVALUE_L>0106</DOMVALUE_L>
     <DDTEXT>银行类其他</DDTEXT>
    </DD07V>
    <DD07V>
     <DOMNAME>ZTR2_TZXL</DOMNAME>
     <VALPOS>0007</VALPOS>
     <DDLANGUAGE>1</DDLANGUAGE>
     <DOMVALUE_L>0201</DOMVALUE_L>
     <DDTEXT>货币基金</DDTEXT>
    </DD07V>
    <DD07V>
     <DOMNAME>ZTR2_TZXL</DOMNAME>
     <VALPOS>0008</VALPOS>
     <DDLANGUAGE>1</DDLANGUAGE>
     <DOMVALUE_L>0202</DOMVALUE_L>
     <DDTEXT>债券基金</DDTEXT>
    </DD07V>
    <DD07V>
     <DOMNAME>ZTR2_TZXL</DOMNAME>
     <VALPOS>0009</VALPOS>
     <DDLANGUAGE>1</DDLANGUAGE>
     <DOMVALUE_L>0203</DOMVALUE_L>
     <DDTEXT>股票基金</DDTEXT>
    </DD07V>
    <DD07V>
     <DOMNAME>ZTR2_TZXL</DOMNAME>
     <VALPOS>0010</VALPOS>
     <DDLANGUAGE>1</DDLANGUAGE>
     <DOMVALUE_L>0204</DOMVALUE_L>
     <DDTEXT>混合基金</DDTEXT>
    </DD07V>
    <DD07V>
     <DOMNAME>ZTR2_TZXL</DOMNAME>
     <VALPOS>0011</VALPOS>
     <DDLANGUAGE>1</DDLANGUAGE>
     <DOMVALUE_L>0205</DOMVALUE_L>
     <DDTEXT>其他基金</DDTEXT>
    </DD07V>
    <DD07V>
     <DOMNAME>ZTR2_TZXL</DOMNAME>
     <VALPOS>0012</VALPOS>
     <DDLANGUAGE>1</DDLANGUAGE>
     <DOMVALUE_L>0301</DOMVALUE_L>
     <DDTEXT>境内上市股票</DDTEXT>
    </DD07V>
    <DD07V>
     <DOMNAME>ZTR2_TZXL</DOMNAME>
     <VALPOS>0013</VALPOS>
     <DDLANGUAGE>1</DDLANGUAGE>
     <DOMVALUE_L>0302</DOMVALUE_L>
     <DDTEXT>境外上市股票</DDTEXT>
    </DD07V>
    <DD07V>
     <DOMNAME>ZTR2_TZXL</DOMNAME>
     <VALPOS>0014</VALPOS>
     <DDLANGUAGE>1</DDLANGUAGE>
     <DOMVALUE_L>0303</DOMVALUE_L>
     <DDTEXT>境内非上市股票</DDTEXT>
    </DD07V>
    <DD07V>
     <DOMNAME>ZTR2_TZXL</DOMNAME>
     <VALPOS>0015</VALPOS>
     <DDLANGUAGE>1</DDLANGUAGE>
     <DOMVALUE_L>0401</DOMVALUE_L>
     <DDTEXT>国债</DDTEXT>
    </DD07V>
    <DD07V>
     <DOMNAME>ZTR2_TZXL</DOMNAME>
     <VALPOS>0016</VALPOS>
     <DDLANGUAGE>1</DDLANGUAGE>
     <DOMVALUE_L>0402</DOMVALUE_L>
     <DDTEXT>中央票据</DDTEXT>
    </DD07V>
    <DD07V>
     <DOMNAME>ZTR2_TZXL</DOMNAME>
     <VALPOS>0017</VALPOS>
     <DDLANGUAGE>1</DDLANGUAGE>
     <DOMVALUE_L>0403</DOMVALUE_L>
     <DDTEXT>地方政府债</DDTEXT>
    </DD07V>
    <DD07V>
     <DOMNAME>ZTR2_TZXL</DOMNAME>
     <VALPOS>0018</VALPOS>
     <DDLANGUAGE>1</DDLANGUAGE>
     <DOMVALUE_L>0404</DOMVALUE_L>
     <DDTEXT>金融债</DDTEXT>
    </DD07V>
    <DD07V>
     <DOMNAME>ZTR2_TZXL</DOMNAME>
     <VALPOS>0019</VALPOS>
     <DDLANGUAGE>1</DDLANGUAGE>
     <DOMVALUE_L>0405</DOMVALUE_L>
     <DDTEXT>企业债</DDTEXT>
    </DD07V>
    <DD07V>
     <DOMNAME>ZTR2_TZXL</DOMNAME>
     <VALPOS>0020</VALPOS>
     <DDLANGUAGE>1</DDLANGUAGE>
     <DOMVALUE_L>0406</DOMVALUE_L>
     <DDTEXT>公司债</DDTEXT>
    </DD07V>
    <DD07V>
     <DOMNAME>ZTR2_TZXL</DOMNAME>
     <VALPOS>0021</VALPOS>
     <DDLANGUAGE>1</DDLANGUAGE>
     <DOMVALUE_L>0407</DOMVALUE_L>
     <DDTEXT>中票</DDTEXT>
    </DD07V>
    <DD07V>
     <DOMNAME>ZTR2_TZXL</DOMNAME>
     <VALPOS>0022</VALPOS>
     <DDLANGUAGE>1</DDLANGUAGE>
     <DOMVALUE_L>0408</DOMVALUE_L>
     <DDTEXT>短期融资债</DDTEXT>
    </DD07V>
    <DD07V>
     <DOMNAME>ZTR2_TZXL</DOMNAME>
     <VALPOS>0023</VALPOS>
     <DDLANGUAGE>1</DDLANGUAGE>
     <DOMVALUE_L>0409</DOMVALUE_L>
     <DDTEXT>其他债券</DDTEXT>
    </DD07V>
    <DD07V>
     <DOMNAME>ZTR2_TZXL</DOMNAME>
     <VALPOS>0024</VALPOS>
     <DDLANGUAGE>1</DDLANGUAGE>
     <DOMVALUE_L>0501</DOMVALUE_L>
     <DDTEXT>券商资管计划</DDTEXT>
    </DD07V>
    <DD07V>
     <DOMNAME>ZTR2_TZXL</DOMNAME>
     <VALPOS>0025</VALPOS>
     <DDLANGUAGE>1</DDLANGUAGE>
     <DOMVALUE_L>0502</DOMVALUE_L>
     <DDTEXT>基金资管计划</DDTEXT>
    </DD07V>
    <DD07V>
     <DOMNAME>ZTR2_TZXL</DOMNAME>
     <VALPOS>0026</VALPOS>
     <DDLANGUAGE>1</DDLANGUAGE>
     <DOMVALUE_L>0503</DOMVALUE_L>
     <DDTEXT>保险资管计划</DDTEXT>
    </DD07V>
    <DD07V>
     <DOMNAME>ZTR2_TZXL</DOMNAME>
     <VALPOS>0027</VALPOS>
     <DDLANGUAGE>1</DDLANGUAGE>
     <DOMVALUE_L>0504</DOMVALUE_L>
     <DDTEXT>其他资管计划</DDTEXT>
    </DD07V>
    <DD07V>
     <DOMNAME>ZTR2_TZXL</DOMNAME>
     <VALPOS>0028</VALPOS>
     <DDLANGUAGE>1</DDLANGUAGE>
     <DOMVALUE_L>0601</DOMVALUE_L>
     <DDTEXT>债券信托</DDTEXT>
    </DD07V>
    <DD07V>
     <DOMNAME>ZTR2_TZXL</DOMNAME>
     <VALPOS>0029</VALPOS>
     <DDLANGUAGE>1</DDLANGUAGE>
     <DOMVALUE_L>0602</DOMVALUE_L>
     <DDTEXT>财产信托</DDTEXT>
    </DD07V>
    <DD07V>
     <DOMNAME>ZTR2_TZXL</DOMNAME>
     <VALPOS>0030</VALPOS>
     <DDLANGUAGE>1</DDLANGUAGE>
     <DOMVALUE_L>0603</DOMVALUE_L>
     <DDTEXT>资产证券化信托</DDTEXT>
    </DD07V>
    <DD07V>
     <DOMNAME>ZTR2_TZXL</DOMNAME>
     <VALPOS>0031</VALPOS>
     <DDLANGUAGE>1</DDLANGUAGE>
     <DOMVALUE_L>0604</DOMVALUE_L>
     <DDTEXT>其他信托</DDTEXT>
    </DD07V>
    <DD07V>
     <DOMNAME>ZTR2_TZXL</DOMNAME>
     <VALPOS>0032</VALPOS>
     <DDLANGUAGE>1</DDLANGUAGE>
     <DOMVALUE_L>0701</DOMVALUE_L>
     <DDTEXT>委托贷款</DDTEXT>
    </DD07V>
   </DD07V_TAB>
  </asx:values>
 </asx:abap>
</abapGit>
