﻿<?xml version="1.0" encoding="utf-8"?>
<abapGit version="v1.0.0" serializer="LCL_OBJECT_DTEL" serializer_version="v1.0.0">
 <asx:abap xmlns:asx="http://www.sap.com/abapxml" version="1.0">
  <asx:values>
   <DD04V>
    <ROLLNAME>ZTR2_STATUS_ZYQS</ROLLNAME>
    <DDLANGUAGE>1</DDLANGUAGE>
    <DOMNAME>ZDMTR2_STATUS_ZYQS</DOMNAME>
    <HEADLEN>55</HEADLEN>
    <SCRLEN1>10</SCRLEN1>
    <SCRLEN2>20</SCRLEN2>
    <SCRLEN3>40</SCRLEN3>
    <DDTEXT>质押解除签收票据处理状态</DDTEXT>
    <REPTEXT>质押解除签收票据处理状态</REPTEXT>
    <SCRTEXT_S>质押解除签收票据处理</SCRTEXT_S>
    <SCRTEXT_M>质押解除签收票据处理状态</SCRTEXT_M>
    <SCRTEXT_L>质押解除签收票据处理状态</SCRTEXT_L>
    <DTELMASTER>1</DTELMASTER>
    <REFKIND>D</REFKIND>
   </DD04V>
  </asx:values>
 </asx:abap>
</abapGit>
