﻿<?xml version="1.0" encoding="utf-8"?>
<abapGit version="v1.0.0" serializer="LCL_OBJECT_DTEL" serializer_version="v1.0.0">
 <asx:abap xmlns:asx="http://www.sap.com/abapxml" version="1.0">
  <asx:values>
   <DD04V>
    <ROLLNAME>ZTR2_APTYPE</ROLLNAME>
    <DDLANGUAGE>1</DDLANGUAGE>
    <DOMNAME>ZTRDM_AUTH_DOCTY</DOMNAME>
    <HEADLEN>05</HEADLEN>
    <SCRLEN1>05</SCRLEN1>
    <SCRLEN2>05</SCRLEN2>
    <SCRLEN3>05</SCRLEN3>
    <DDTEXT>申请单类型</DDTEXT>
    <REPTEXT>申请单类型</REPTEXT>
    <SCRTEXT_S>申请单类型</SCRTEXT_S>
    <SCRTEXT_M>申请单类型</SCRTEXT_M>
    <SCRTEXT_L>申请单类型</SCRTEXT_L>
    <DTELMASTER>1</DTELMASTER>
    <REFKIND>D</REFKIND>
   </DD04V>
  </asx:values>
 </asx:abap>
</abapGit>
