﻿<?xml version="1.0" encoding="utf-8"?>
<abapGit version="v1.0.0" serializer="LCL_OBJECT_DTEL" serializer_version="v1.0.0">
 <asx:abap xmlns:asx="http://www.sap.com/abapxml" version="1.0">
  <asx:values>
   <DD04V>
    <ROLLNAME>ZTR2_CUSOPR</ROLLNAME>
    <DDLANGUAGE>1</DDLANGUAGE>
    <DOMNAME>ZTR2_CUSOPR</DOMNAME>
    <HEADLEN>03</HEADLEN>
    <SCRLEN1>03</SCRLEN1>
    <SCRLEN2>03</SCRLEN2>
    <SCRLEN3>03</SCRLEN3>
    <DDTEXT>操作员</DDTEXT>
    <REPTEXT>操作员</REPTEXT>
    <SCRTEXT_S>操作员</SCRTEXT_S>
    <SCRTEXT_M>操作员</SCRTEXT_M>
    <SCRTEXT_L>操作员</SCRTEXT_L>
    <DTELMASTER>1</DTELMASTER>
    <REFKIND>D</REFKIND>
   </DD04V>
  </asx:values>
 </asx:abap>
</abapGit>
