﻿<?xml version="1.0" encoding="utf-8"?>
<abapGit version="v1.0.0" serializer="LCL_OBJECT_MSAG" serializer_version="v1.0.0">
 <asx:abap xmlns:asx="http://www.sap.com/abapxml" version="1.0">
  <asx:values>
   <T100A>
    <ARBGB>ZABAP2XLSX</ARBGB>
    <MASTERLANG>E</MASTERLANG>
    <STEXT>Messages for ABAP2XLSX</STEXT>
   </T100A>
   <I18N_LANGS>
    <LANGU>E</LANGU>
   </I18N_LANGS>
   <T100T>
    <T100T>
     <SPRSL>E</SPRSL>
     <ARBGB>ZABAP2XLSX</ARBGB>
     <STEXT>Messages for ABAP2XLSX</STEXT>
    </T100T>
   </T100T>
   <T100_TEXTS>
    <item>
     <SPRSL>E</SPRSL>
     <MSGNR>000</MSGNR>
     <TEXT>&amp; &amp; &amp; &amp;</TEXT>
    </item>
    <item>
     <SPRSL>E</SPRSL>
     <MSGNR>001</MSGNR>
     <TEXT>&amp;&amp;&amp;&amp;</TEXT>
    </item>
    <item>
     <SPRSL>E</SPRSL>
     <MSGNR>002</MSGNR>
     <TEXT>&amp; &amp; &amp;</TEXT>
    </item>
    <item>
     <SPRSL>E</SPRSL>
     <MSGNR>003</MSGNR>
     <TEXT>&amp;&amp;&amp;</TEXT>
    </item>
    <item>
     <SPRSL>E</SPRSL>
     <MSGNR>004</MSGNR>
     <TEXT>&amp; &amp;</TEXT>
    </item>
    <item>
     <SPRSL>E</SPRSL>
     <MSGNR>005</MSGNR>
     <TEXT>&amp;&amp;</TEXT>
    </item>
    <item>
     <SPRSL>E</SPRSL>
     <MSGNR>006</MSGNR>
     <TEXT>&amp;</TEXT>
    </item>
    <item>
     <SPRSL>E</SPRSL>
     <MSGNR>010</MSGNR>
     <TEXT>--- 000-009: Various  Generic messages</TEXT>
    </item>
    <item>
     <SPRSL>E</SPRSL>
     <MSGNR>011</MSGNR>
     <TEXT>--- 010-049: Descriptions where to put messages</TEXT>
    </item>
    <item>
     <SPRSL>E</SPRSL>
     <MSGNR>012</MSGNR>
     <TEXT>--- 050-</TEXT>
    </item>
    <item>
     <SPRSL>E</SPRSL>
     <MSGNR>013</MSGNR>
     <TEXT>--- 200-   : Messages when reading an EXCEL-File</TEXT>
    </item>
    <item>
     <SPRSL>E</SPRSL>
     <MSGNR>014</MSGNR>
     <TEXT>--- 400-   : Messages when creating an EXCEL-File</TEXT>
    </item>
    <item>
     <SPRSL>E</SPRSL>
     <MSGNR>015</MSGNR>
     <TEXT>--- 600-   : Message when ????</TEXT>
    </item>
    <item>
     <SPRSL>E</SPRSL>
     <MSGNR>016</MSGNR>
     <TEXT>--- 800-   : Other messages</TEXT>
    </item>
    <item>
     <SPRSL>E</SPRSL>
     <MSGNR>800</MSGNR>
     <TEXT>Unable to interpret input as column</TEXT>
    </item>
   </T100_TEXTS>
  </asx:values>
 </asx:abap>
</abapGit>
