﻿<?xml version="1.0" encoding="utf-8"?>
<abapGit version="v1.0.0" serializer="LCL_OBJECT_CLAS" serializer_version="v1.0.0">
 <asx:abap xmlns:asx="http://www.sap.com/abapxml" version="1.0">
  <asx:values>
   <VSEOCLASS>
    <CLSNAME>ZCL_EXCEL_GRAPH</CLSNAME>
    <VERSION>1</VERSION>
    <LANGU>1</LANGU>
    <DESCRIPT>Graphic</DESCRIPT>
    <STATE>1</STATE>
    <CLSCCINCL>X</CLSCCINCL>
    <FIXPT>X</FIXPT>
    <UNICODE>X</UNICODE>
   </VSEOCLASS>
   <DESCRIPTIONS>
    <SEOCOMPOTX>
     <CLSNAME>ZCL_EXCEL_GRAPH</CLSNAME>
     <CMPNAME>CONSTRUCTOR</CMPNAME>
     <LANGU>1</LANGU>
     <DESCRIPT>CONSTRUCTOR</DESCRIPT>
    </SEOCOMPOTX>
    <SEOCOMPOTX>
     <CLSNAME>ZCL_EXCEL_GRAPH</CLSNAME>
     <CMPNAME>CONSTRUCTOR</CMPNAME>
     <LANGU>E</LANGU>
     <DESCRIPT>CONSTRUCTOR</DESCRIPT>
    </SEOCOMPOTX>
    <SEOCOMPOTX>
     <CLSNAME>ZCL_EXCEL_GRAPH</CLSNAME>
     <CMPNAME>C_PRINT_LBL_FALSE</CMPNAME>
     <LANGU>1</LANGU>
     <DESCRIPT>Single-Character Flag</DESCRIPT>
    </SEOCOMPOTX>
    <SEOCOMPOTX>
     <CLSNAME>ZCL_EXCEL_GRAPH</CLSNAME>
     <CMPNAME>C_PRINT_LBL_FALSE</CMPNAME>
     <LANGU>E</LANGU>
     <DESCRIPT>Single-Character Flag</DESCRIPT>
    </SEOCOMPOTX>
    <SEOCOMPOTX>
     <CLSNAME>ZCL_EXCEL_GRAPH</CLSNAME>
     <CMPNAME>C_PRINT_LBL_TRUE</CMPNAME>
     <LANGU>1</LANGU>
     <DESCRIPT>Single-Character Flag</DESCRIPT>
    </SEOCOMPOTX>
    <SEOCOMPOTX>
     <CLSNAME>ZCL_EXCEL_GRAPH</CLSNAME>
     <CMPNAME>C_PRINT_LBL_TRUE</CMPNAME>
     <LANGU>E</LANGU>
     <DESCRIPT>Single-Character Flag</DESCRIPT>
    </SEOCOMPOTX>
    <SEOCOMPOTX>
     <CLSNAME>ZCL_EXCEL_GRAPH</CLSNAME>
     <CMPNAME>C_SHOW_FALSE</CMPNAME>
     <LANGU>1</LANGU>
     <DESCRIPT>Single-Character Flag</DESCRIPT>
    </SEOCOMPOTX>
    <SEOCOMPOTX>
     <CLSNAME>ZCL_EXCEL_GRAPH</CLSNAME>
     <CMPNAME>C_SHOW_FALSE</CMPNAME>
     <LANGU>E</LANGU>
     <DESCRIPT>Single-Character Flag</DESCRIPT>
    </SEOCOMPOTX>
    <SEOCOMPOTX>
     <CLSNAME>ZCL_EXCEL_GRAPH</CLSNAME>
     <CMPNAME>C_SHOW_TRUE</CMPNAME>
     <LANGU>1</LANGU>
     <DESCRIPT>Single-Character Flag</DESCRIPT>
    </SEOCOMPOTX>
    <SEOCOMPOTX>
     <CLSNAME>ZCL_EXCEL_GRAPH</CLSNAME>
     <CMPNAME>C_SHOW_TRUE</CMPNAME>
     <LANGU>E</LANGU>
     <DESCRIPT>Single-Character Flag</DESCRIPT>
    </SEOCOMPOTX>
   </DESCRIPTIONS>
  </asx:values>
 </asx:abap>
</abapGit>
