﻿<?xml version="1.0" encoding="utf-8"?>
<abapGit version="v1.0.0" serializer="LCL_OBJECT_CLAS" serializer_version="v1.0.0">
 <asx:abap xmlns:asx="http://www.sap.com/abapxml" version="1.0">
  <asx:values>
   <VSEOCLASS>
    <CLSNAME>ZCL_EXCEL_RANGE</CLSNAME>
    <VERSION>1</VERSION>
    <LANGU>1</LANGU>
    <DESCRIPT>Excel range</DESCRIPT>
    <STATE>1</STATE>
    <CLSCCINCL>X</CLSCCINCL>
    <FIXPT>X</FIXPT>
    <UNICODE>X</UNICODE>
   </VSEOCLASS>
   <DESCRIPTIONS>
    <SEOCOMPOTX>
     <CLSNAME>ZCL_EXCEL_RANGE</CLSNAME>
     <CMPNAME>GET_GUID</CMPNAME>
     <LANGU>1</LANGU>
     <DESCRIPT>Get Guid</DESCRIPT>
    </SEOCOMPOTX>
    <SEOCOMPOTX>
     <CLSNAME>ZCL_EXCEL_RANGE</CLSNAME>
     <CMPNAME>GET_GUID</CMPNAME>
     <LANGU>E</LANGU>
     <DESCRIPT>Get Guid</DESCRIPT>
    </SEOCOMPOTX>
    <SEOCOMPOTX>
     <CLSNAME>ZCL_EXCEL_RANGE</CLSNAME>
     <CMPNAME>GET_VALUE</CMPNAME>
     <LANGU>1</LANGU>
     <DESCRIPT>Get value</DESCRIPT>
    </SEOCOMPOTX>
    <SEOCOMPOTX>
     <CLSNAME>ZCL_EXCEL_RANGE</CLSNAME>
     <CMPNAME>GET_VALUE</CMPNAME>
     <LANGU>E</LANGU>
     <DESCRIPT>Get value</DESCRIPT>
    </SEOCOMPOTX>
    <SEOCOMPOTX>
     <CLSNAME>ZCL_EXCEL_RANGE</CLSNAME>
     <CMPNAME>GUID</CMPNAME>
     <LANGU>1</LANGU>
     <DESCRIPT>GUID for the OLTP System (RAW16)</DESCRIPT>
    </SEOCOMPOTX>
    <SEOCOMPOTX>
     <CLSNAME>ZCL_EXCEL_RANGE</CLSNAME>
     <CMPNAME>GUID</CMPNAME>
     <LANGU>E</LANGU>
     <DESCRIPT>GUID for the OLTP System (RAW16)</DESCRIPT>
    </SEOCOMPOTX>
    <SEOCOMPOTX>
     <CLSNAME>ZCL_EXCEL_RANGE</CLSNAME>
     <CMPNAME>NAME</CMPNAME>
     <LANGU>1</LANGU>
     <DESCRIPT>Range Name</DESCRIPT>
    </SEOCOMPOTX>
    <SEOCOMPOTX>
     <CLSNAME>ZCL_EXCEL_RANGE</CLSNAME>
     <CMPNAME>NAME</CMPNAME>
     <LANGU>E</LANGU>
     <DESCRIPT>Range Name</DESCRIPT>
    </SEOCOMPOTX>
    <SEOCOMPOTX>
     <CLSNAME>ZCL_EXCEL_RANGE</CLSNAME>
     <CMPNAME>SET_VALUE</CMPNAME>
     <LANGU>1</LANGU>
     <DESCRIPT>Set Range value</DESCRIPT>
    </SEOCOMPOTX>
    <SEOCOMPOTX>
     <CLSNAME>ZCL_EXCEL_RANGE</CLSNAME>
     <CMPNAME>SET_VALUE</CMPNAME>
     <LANGU>E</LANGU>
     <DESCRIPT>Set Range value</DESCRIPT>
    </SEOCOMPOTX>
    <SEOCOMPOTX>
     <CLSNAME>ZCL_EXCEL_RANGE</CLSNAME>
     <CMPNAME>VALUE</CMPNAME>
     <LANGU>1</LANGU>
     <DESCRIPT>Cell Value</DESCRIPT>
    </SEOCOMPOTX>
    <SEOCOMPOTX>
     <CLSNAME>ZCL_EXCEL_RANGE</CLSNAME>
     <CMPNAME>VALUE</CMPNAME>
     <LANGU>E</LANGU>
     <DESCRIPT>Cell Value</DESCRIPT>
    </SEOCOMPOTX>
   </DESCRIPTIONS>
  </asx:values>
 </asx:abap>
</abapGit>
