﻿<?xml version="1.0" encoding="utf-8"?>
<abapGit version="v1.0.0" serializer="LCL_OBJECT_CLAS" serializer_version="v1.0.0">
 <asx:abap xmlns:asx="http://www.sap.com/abapxml" version="1.0">
  <asx:values>
   <VSEOCLASS>
    <CLSNAME>ZCL_EXCEL_SHEET_SETUP</CLSNAME>
    <VERSION>1</VERSION>
    <LANGU>1</LANGU>
    <DESCRIPT>Sheet setup</DESCRIPT>
    <STATE>1</STATE>
    <CLSCCINCL>X</CLSCCINCL>
    <FIXPT>X</FIXPT>
    <UNICODE>X</UNICODE>
   </VSEOCLASS>
   <DESCRIPTIONS>
    <SEOCOMPOTX>
     <CLSNAME>ZCL_EXCEL_SHEET_SETUP</CLSNAME>
     <CMPNAME>BLACK_AND_WHITE</CMPNAME>
     <LANGU>1</LANGU>
     <DESCRIPT>Print black and white</DESCRIPT>
    </SEOCOMPOTX>
    <SEOCOMPOTX>
     <CLSNAME>ZCL_EXCEL_SHEET_SETUP</CLSNAME>
     <CMPNAME>BLACK_AND_WHITE</CMPNAME>
     <LANGU>E</LANGU>
     <DESCRIPT>Print black and white</DESCRIPT>
    </SEOCOMPOTX>
    <SEOCOMPOTX>
     <CLSNAME>ZCL_EXCEL_SHEET_SETUP</CLSNAME>
     <CMPNAME>CELL_COMMENTS</CMPNAME>
     <LANGU>1</LANGU>
     <DESCRIPT>This attribute specifies how to print cell comments</DESCRIPT>
    </SEOCOMPOTX>
    <SEOCOMPOTX>
     <CLSNAME>ZCL_EXCEL_SHEET_SETUP</CLSNAME>
     <CMPNAME>CELL_COMMENTS</CMPNAME>
     <LANGU>E</LANGU>
     <DESCRIPT>This attribute specifies how to print cell comments</DESCRIPT>
    </SEOCOMPOTX>
    <SEOCOMPOTX>
     <CLSNAME>ZCL_EXCEL_SHEET_SETUP</CLSNAME>
     <CMPNAME>CONSTRUCTOR</CMPNAME>
     <LANGU>1</LANGU>
     <DESCRIPT>CONSTRUCTOR</DESCRIPT>
    </SEOCOMPOTX>
    <SEOCOMPOTX>
     <CLSNAME>ZCL_EXCEL_SHEET_SETUP</CLSNAME>
     <CMPNAME>CONSTRUCTOR</CMPNAME>
     <LANGU>E</LANGU>
     <DESCRIPT>CONSTRUCTOR</DESCRIPT>
    </SEOCOMPOTX>
    <SEOCOMPOTX>
     <CLSNAME>ZCL_EXCEL_SHEET_SETUP</CLSNAME>
     <CMPNAME>COPIES</CMPNAME>
     <LANGU>1</LANGU>
     <DESCRIPT>Number of copies to print</DESCRIPT>
    </SEOCOMPOTX>
    <SEOCOMPOTX>
     <CLSNAME>ZCL_EXCEL_SHEET_SETUP</CLSNAME>
     <CMPNAME>COPIES</CMPNAME>
     <LANGU>E</LANGU>
     <DESCRIPT>Number of copies to print</DESCRIPT>
    </SEOCOMPOTX>
    <SEOCOMPOTX>
     <CLSNAME>ZCL_EXCEL_SHEET_SETUP</CLSNAME>
     <CMPNAME>C_BREAK_COLUMN</CMPNAME>
     <LANGU>1</LANGU>
     <DESCRIPT>Worksheet Break</DESCRIPT>
    </SEOCOMPOTX>
    <SEOCOMPOTX>
     <CLSNAME>ZCL_EXCEL_SHEET_SETUP</CLSNAME>
     <CMPNAME>C_BREAK_COLUMN</CMPNAME>
     <LANGU>E</LANGU>
     <DESCRIPT>Worksheet Break</DESCRIPT>
    </SEOCOMPOTX>
    <SEOCOMPOTX>
     <CLSNAME>ZCL_EXCEL_SHEET_SETUP</CLSNAME>
     <CMPNAME>C_BREAK_NONE</CMPNAME>
     <LANGU>1</LANGU>
     <DESCRIPT>Worksheet Break</DESCRIPT>
    </SEOCOMPOTX>
    <SEOCOMPOTX>
     <CLSNAME>ZCL_EXCEL_SHEET_SETUP</CLSNAME>
     <CMPNAME>C_BREAK_NONE</CMPNAME>
     <LANGU>E</LANGU>
     <DESCRIPT>Worksheet Break</DESCRIPT>
    </SEOCOMPOTX>
    <SEOCOMPOTX>
     <CLSNAME>ZCL_EXCEL_SHEET_SETUP</CLSNAME>
     <CMPNAME>C_BREAK_ROW</CMPNAME>
     <LANGU>1</LANGU>
     <DESCRIPT>Worksheet Break</DESCRIPT>
    </SEOCOMPOTX>
    <SEOCOMPOTX>
     <CLSNAME>ZCL_EXCEL_SHEET_SETUP</CLSNAME>
     <CMPNAME>C_BREAK_ROW</CMPNAME>
     <LANGU>E</LANGU>
     <DESCRIPT>Worksheet Break</DESCRIPT>
    </SEOCOMPOTX>
    <SEOCOMPOTX>
     <CLSNAME>ZCL_EXCEL_SHEET_SETUP</CLSNAME>
     <CMPNAME>C_CC_AS_DISPLAYED</CMPNAME>
     <LANGU>1</LANGU>
     <DESCRIPT>Cell comments</DESCRIPT>
    </SEOCOMPOTX>
    <SEOCOMPOTX>
     <CLSNAME>ZCL_EXCEL_SHEET_SETUP</CLSNAME>
     <CMPNAME>C_CC_AS_DISPLAYED</CMPNAME>
     <LANGU>E</LANGU>
     <DESCRIPT>Cell comments</DESCRIPT>
    </SEOCOMPOTX>
    <SEOCOMPOTX>
     <CLSNAME>ZCL_EXCEL_SHEET_SETUP</CLSNAME>
     <CMPNAME>C_CC_AT_END</CMPNAME>
     <LANGU>1</LANGU>
     <DESCRIPT>Cell comments</DESCRIPT>
    </SEOCOMPOTX>
    <SEOCOMPOTX>
     <CLSNAME>ZCL_EXCEL_SHEET_SETUP</CLSNAME>
     <CMPNAME>C_CC_AT_END</CMPNAME>
     <LANGU>E</LANGU>
     <DESCRIPT>Cell comments</DESCRIPT>
    </SEOCOMPOTX>
    <SEOCOMPOTX>
     <CLSNAME>ZCL_EXCEL_SHEET_SETUP</CLSNAME>
     <CMPNAME>C_CC_NONE</CMPNAME>
     <LANGU>1</LANGU>
     <DESCRIPT>Cell commenct</DESCRIPT>
    </SEOCOMPOTX>
    <SEOCOMPOTX>
     <CLSNAME>ZCL_EXCEL_SHEET_SETUP</CLSNAME>
     <CMPNAME>C_CC_NONE</CMPNAME>
     <LANGU>E</LANGU>
     <DESCRIPT>Cell commenct</DESCRIPT>
    </SEOCOMPOTX>
    <SEOCOMPOTX>
     <CLSNAME>ZCL_EXCEL_SHEET_SETUP</CLSNAME>
     <CMPNAME>C_ORD_DOWNTHENOVER</CMPNAME>
     <LANGU>1</LANGU>
     <DESCRIPT>Page order</DESCRIPT>
    </SEOCOMPOTX>
    <SEOCOMPOTX>
     <CLSNAME>ZCL_EXCEL_SHEET_SETUP</CLSNAME>
     <CMPNAME>C_ORD_DOWNTHENOVER</CMPNAME>
     <LANGU>E</LANGU>
     <DESCRIPT>Page order</DESCRIPT>
    </SEOCOMPOTX>
    <SEOCOMPOTX>
     <CLSNAME>ZCL_EXCEL_SHEET_SETUP</CLSNAME>
     <CMPNAME>C_ORD_OVERTHENDOWN</CMPNAME>
     <LANGU>1</LANGU>
     <DESCRIPT>Page order</DESCRIPT>
    </SEOCOMPOTX>
    <SEOCOMPOTX>
     <CLSNAME>ZCL_EXCEL_SHEET_SETUP</CLSNAME>
     <CMPNAME>C_ORD_OVERTHENDOWN</CMPNAME>
     <LANGU>E</LANGU>
     <DESCRIPT>Page order</DESCRIPT>
    </SEOCOMPOTX>
    <SEOCOMPOTX>
     <CLSNAME>ZCL_EXCEL_SHEET_SETUP</CLSNAME>
     <CMPNAME>C_ORIENTATION_DEFAULT</CMPNAME>
     <LANGU>1</LANGU>
     <DESCRIPT>Sheet orientation</DESCRIPT>
    </SEOCOMPOTX>
    <SEOCOMPOTX>
     <CLSNAME>ZCL_EXCEL_SHEET_SETUP</CLSNAME>
     <CMPNAME>C_ORIENTATION_DEFAULT</CMPNAME>
     <LANGU>E</LANGU>
     <DESCRIPT>Sheet orientation</DESCRIPT>
    </SEOCOMPOTX>
    <SEOCOMPOTX>
     <CLSNAME>ZCL_EXCEL_SHEET_SETUP</CLSNAME>
     <CMPNAME>C_ORIENTATION_LANDSCAPE</CMPNAME>
     <LANGU>1</LANGU>
     <DESCRIPT>Sheet orientation</DESCRIPT>
    </SEOCOMPOTX>
    <SEOCOMPOTX>
     <CLSNAME>ZCL_EXCEL_SHEET_SETUP</CLSNAME>
     <CMPNAME>C_ORIENTATION_LANDSCAPE</CMPNAME>
     <LANGU>E</LANGU>
     <DESCRIPT>Sheet orientation</DESCRIPT>
    </SEOCOMPOTX>
    <SEOCOMPOTX>
     <CLSNAME>ZCL_EXCEL_SHEET_SETUP</CLSNAME>
     <CMPNAME>C_ORIENTATION_PORTRAIT</CMPNAME>
     <LANGU>1</LANGU>
     <DESCRIPT>Sheet orientation</DESCRIPT>
    </SEOCOMPOTX>
    <SEOCOMPOTX>
     <CLSNAME>ZCL_EXCEL_SHEET_SETUP</CLSNAME>
     <CMPNAME>C_ORIENTATION_PORTRAIT</CMPNAME>
     <LANGU>E</LANGU>
     <DESCRIPT>Sheet orientation</DESCRIPT>
    </SEOCOMPOTX>
    <SEOCOMPOTX>
     <CLSNAME>ZCL_EXCEL_SHEET_SETUP</CLSNAME>
     <CMPNAME>C_PAPERSIZE_6_3_4_ENVELOPE</CMPNAME>
     <LANGU>1</LANGU>
     <DESCRIPT>Fill Type</DESCRIPT>
    </SEOCOMPOTX>
    <SEOCOMPOTX>
     <CLSNAME>ZCL_EXCEL_SHEET_SETUP</CLSNAME>
     <CMPNAME>C_PAPERSIZE_6_3_4_ENVELOPE</CMPNAME>
     <LANGU>E</LANGU>
     <DESCRIPT>Fill Type</DESCRIPT>
    </SEOCOMPOTX>
    <SEOCOMPOTX>
     <CLSNAME>ZCL_EXCEL_SHEET_SETUP</CLSNAME>
     <CMPNAME>C_PAPERSIZE_A2_PAPER</CMPNAME>
     <LANGU>1</LANGU>
     <DESCRIPT>Fill Type</DESCRIPT>
    </SEOCOMPOTX>
    <SEOCOMPOTX>
     <CLSNAME>ZCL_EXCEL_SHEET_SETUP</CLSNAME>
     <CMPNAME>C_PAPERSIZE_A2_PAPER</CMPNAME>
     <LANGU>E</LANGU>
     <DESCRIPT>Fill Type</DESCRIPT>
    </SEOCOMPOTX>
    <SEOCOMPOTX>
     <CLSNAME>ZCL_EXCEL_SHEET_SETUP</CLSNAME>
     <CMPNAME>C_PAPERSIZE_A3</CMPNAME>
     <LANGU>1</LANGU>
     <DESCRIPT>Fill Type</DESCRIPT>
    </SEOCOMPOTX>
    <SEOCOMPOTX>
     <CLSNAME>ZCL_EXCEL_SHEET_SETUP</CLSNAME>
     <CMPNAME>C_PAPERSIZE_A3</CMPNAME>
     <LANGU>E</LANGU>
     <DESCRIPT>Fill Type</DESCRIPT>
    </SEOCOMPOTX>
    <SEOCOMPOTX>
     <CLSNAME>ZCL_EXCEL_SHEET_SETUP</CLSNAME>
     <CMPNAME>C_PAPERSIZE_A3_EXTRA_PAPER</CMPNAME>
     <LANGU>1</LANGU>
     <DESCRIPT>Fill Type</DESCRIPT>
    </SEOCOMPOTX>
    <SEOCOMPOTX>
     <CLSNAME>ZCL_EXCEL_SHEET_SETUP</CLSNAME>
     <CMPNAME>C_PAPERSIZE_A3_EXTRA_PAPER</CMPNAME>
     <LANGU>E</LANGU>
     <DESCRIPT>Fill Type</DESCRIPT>
    </SEOCOMPOTX>
    <SEOCOMPOTX>
     <CLSNAME>ZCL_EXCEL_SHEET_SETUP</CLSNAME>
     <CMPNAME>C_PAPERSIZE_A3_EXTRA_TV_PAPER</CMPNAME>
     <LANGU>1</LANGU>
     <DESCRIPT>Fill Type</DESCRIPT>
    </SEOCOMPOTX>
    <SEOCOMPOTX>
     <CLSNAME>ZCL_EXCEL_SHEET_SETUP</CLSNAME>
     <CMPNAME>C_PAPERSIZE_A3_EXTRA_TV_PAPER</CMPNAME>
     <LANGU>E</LANGU>
     <DESCRIPT>Fill Type</DESCRIPT>
    </SEOCOMPOTX>
    <SEOCOMPOTX>
     <CLSNAME>ZCL_EXCEL_SHEET_SETUP</CLSNAME>
     <CMPNAME>C_PAPERSIZE_A3_TV_PAPER</CMPNAME>
     <LANGU>1</LANGU>
     <DESCRIPT>Fill Type</DESCRIPT>
    </SEOCOMPOTX>
    <SEOCOMPOTX>
     <CLSNAME>ZCL_EXCEL_SHEET_SETUP</CLSNAME>
     <CMPNAME>C_PAPERSIZE_A3_TV_PAPER</CMPNAME>
     <LANGU>E</LANGU>
     <DESCRIPT>Fill Type</DESCRIPT>
    </SEOCOMPOTX>
    <SEOCOMPOTX>
     <CLSNAME>ZCL_EXCEL_SHEET_SETUP</CLSNAME>
     <CMPNAME>C_PAPERSIZE_A4</CMPNAME>
     <LANGU>1</LANGU>
     <DESCRIPT>Fill Type</DESCRIPT>
    </SEOCOMPOTX>
    <SEOCOMPOTX>
     <CLSNAME>ZCL_EXCEL_SHEET_SETUP</CLSNAME>
     <CMPNAME>C_PAPERSIZE_A4</CMPNAME>
     <LANGU>E</LANGU>
     <DESCRIPT>Fill Type</DESCRIPT>
    </SEOCOMPOTX>
    <SEOCOMPOTX>
     <CLSNAME>ZCL_EXCEL_SHEET_SETUP</CLSNAME>
     <CMPNAME>C_PAPERSIZE_A4_EXTRA_PAPER</CMPNAME>
     <LANGU>1</LANGU>
     <DESCRIPT>Fill Type</DESCRIPT>
    </SEOCOMPOTX>
    <SEOCOMPOTX>
     <CLSNAME>ZCL_EXCEL_SHEET_SETUP</CLSNAME>
     <CMPNAME>C_PAPERSIZE_A4_EXTRA_PAPER</CMPNAME>
     <LANGU>E</LANGU>
     <DESCRIPT>Fill Type</DESCRIPT>
    </SEOCOMPOTX>
    <SEOCOMPOTX>
     <CLSNAME>ZCL_EXCEL_SHEET_SETUP</CLSNAME>
     <CMPNAME>C_PAPERSIZE_A4_PLUS_PAPER</CMPNAME>
     <LANGU>1</LANGU>
     <DESCRIPT>Fill Type</DESCRIPT>
    </SEOCOMPOTX>
    <SEOCOMPOTX>
     <CLSNAME>ZCL_EXCEL_SHEET_SETUP</CLSNAME>
     <CMPNAME>C_PAPERSIZE_A4_PLUS_PAPER</CMPNAME>
     <LANGU>E</LANGU>
     <DESCRIPT>Fill Type</DESCRIPT>
    </SEOCOMPOTX>
    <SEOCOMPOTX>
     <CLSNAME>ZCL_EXCEL_SHEET_SETUP</CLSNAME>
     <CMPNAME>C_PAPERSIZE_A4_SMALL</CMPNAME>
     <LANGU>1</LANGU>
     <DESCRIPT>Fill Type</DESCRIPT>
    </SEOCOMPOTX>
    <SEOCOMPOTX>
     <CLSNAME>ZCL_EXCEL_SHEET_SETUP</CLSNAME>
     <CMPNAME>C_PAPERSIZE_A4_SMALL</CMPNAME>
     <LANGU>E</LANGU>
     <DESCRIPT>Fill Type</DESCRIPT>
    </SEOCOMPOTX>
    <SEOCOMPOTX>
     <CLSNAME>ZCL_EXCEL_SHEET_SETUP</CLSNAME>
     <CMPNAME>C_PAPERSIZE_A4_TV_PAPER</CMPNAME>
     <LANGU>1</LANGU>
     <DESCRIPT>Fill Type</DESCRIPT>
    </SEOCOMPOTX>
    <SEOCOMPOTX>
     <CLSNAME>ZCL_EXCEL_SHEET_SETUP</CLSNAME>
     <CMPNAME>C_PAPERSIZE_A4_TV_PAPER</CMPNAME>
     <LANGU>E</LANGU>
     <DESCRIPT>Fill Type</DESCRIPT>
    </SEOCOMPOTX>
    <SEOCOMPOTX>
     <CLSNAME>ZCL_EXCEL_SHEET_SETUP</CLSNAME>
     <CMPNAME>C_PAPERSIZE_A5</CMPNAME>
     <LANGU>1</LANGU>
     <DESCRIPT>Fill Type</DESCRIPT>
    </SEOCOMPOTX>
    <SEOCOMPOTX>
     <CLSNAME>ZCL_EXCEL_SHEET_SETUP</CLSNAME>
     <CMPNAME>C_PAPERSIZE_A5</CMPNAME>
     <LANGU>E</LANGU>
     <DESCRIPT>Fill Type</DESCRIPT>
    </SEOCOMPOTX>
    <SEOCOMPOTX>
     <CLSNAME>ZCL_EXCEL_SHEET_SETUP</CLSNAME>
     <CMPNAME>C_PAPERSIZE_A5_EXTRA_PAPER</CMPNAME>
     <LANGU>1</LANGU>
     <DESCRIPT>Fill Type</DESCRIPT>
    </SEOCOMPOTX>
    <SEOCOMPOTX>
     <CLSNAME>ZCL_EXCEL_SHEET_SETUP</CLSNAME>
     <CMPNAME>C_PAPERSIZE_A5_EXTRA_PAPER</CMPNAME>
     <LANGU>E</LANGU>
     <DESCRIPT>Fill Type</DESCRIPT>
    </SEOCOMPOTX>
    <SEOCOMPOTX>
     <CLSNAME>ZCL_EXCEL_SHEET_SETUP</CLSNAME>
     <CMPNAME>C_PAPERSIZE_A5_TV_PAPER</CMPNAME>
     <LANGU>1</LANGU>
     <DESCRIPT>Fill Type</DESCRIPT>
    </SEOCOMPOTX>
    <SEOCOMPOTX>
     <CLSNAME>ZCL_EXCEL_SHEET_SETUP</CLSNAME>
     <CMPNAME>C_PAPERSIZE_A5_TV_PAPER</CMPNAME>
     <LANGU>E</LANGU>
     <DESCRIPT>Fill Type</DESCRIPT>
    </SEOCOMPOTX>
    <SEOCOMPOTX>
     <CLSNAME>ZCL_EXCEL_SHEET_SETUP</CLSNAME>
     <CMPNAME>C_PAPERSIZE_B4</CMPNAME>
     <LANGU>1</LANGU>
     <DESCRIPT>Fill Type</DESCRIPT>
    </SEOCOMPOTX>
    <SEOCOMPOTX>
     <CLSNAME>ZCL_EXCEL_SHEET_SETUP</CLSNAME>
     <CMPNAME>C_PAPERSIZE_B4</CMPNAME>
     <LANGU>E</LANGU>
     <DESCRIPT>Fill Type</DESCRIPT>
    </SEOCOMPOTX>
    <SEOCOMPOTX>
     <CLSNAME>ZCL_EXCEL_SHEET_SETUP</CLSNAME>
     <CMPNAME>C_PAPERSIZE_B4_ENVELOPE</CMPNAME>
     <LANGU>1</LANGU>
     <DESCRIPT>Fill Type</DESCRIPT>
    </SEOCOMPOTX>
    <SEOCOMPOTX>
     <CLSNAME>ZCL_EXCEL_SHEET_SETUP</CLSNAME>
     <CMPNAME>C_PAPERSIZE_B4_ENVELOPE</CMPNAME>
     <LANGU>E</LANGU>
     <DESCRIPT>Fill Type</DESCRIPT>
    </SEOCOMPOTX>
    <SEOCOMPOTX>
     <CLSNAME>ZCL_EXCEL_SHEET_SETUP</CLSNAME>
     <CMPNAME>C_PAPERSIZE_B5</CMPNAME>
     <LANGU>1</LANGU>
     <DESCRIPT>Fill Type</DESCRIPT>
    </SEOCOMPOTX>
    <SEOCOMPOTX>
     <CLSNAME>ZCL_EXCEL_SHEET_SETUP</CLSNAME>
     <CMPNAME>C_PAPERSIZE_B5</CMPNAME>
     <LANGU>E</LANGU>
     <DESCRIPT>Fill Type</DESCRIPT>
    </SEOCOMPOTX>
    <SEOCOMPOTX>
     <CLSNAME>ZCL_EXCEL_SHEET_SETUP</CLSNAME>
     <CMPNAME>C_PAPERSIZE_B5_ENVELOPE</CMPNAME>
     <LANGU>1</LANGU>
     <DESCRIPT>Fill Type</DESCRIPT>
    </SEOCOMPOTX>
    <SEOCOMPOTX>
     <CLSNAME>ZCL_EXCEL_SHEET_SETUP</CLSNAME>
     <CMPNAME>C_PAPERSIZE_B5_ENVELOPE</CMPNAME>
     <LANGU>E</LANGU>
     <DESCRIPT>Fill Type</DESCRIPT>
    </SEOCOMPOTX>
    <SEOCOMPOTX>
     <CLSNAME>ZCL_EXCEL_SHEET_SETUP</CLSNAME>
     <CMPNAME>C_PAPERSIZE_B6_ENVELOPE</CMPNAME>
     <LANGU>1</LANGU>
     <DESCRIPT>Fill Type</DESCRIPT>
    </SEOCOMPOTX>
    <SEOCOMPOTX>
     <CLSNAME>ZCL_EXCEL_SHEET_SETUP</CLSNAME>
     <CMPNAME>C_PAPERSIZE_B6_ENVELOPE</CMPNAME>
     <LANGU>E</LANGU>
     <DESCRIPT>Fill Type</DESCRIPT>
    </SEOCOMPOTX>
    <SEOCOMPOTX>
     <CLSNAME>ZCL_EXCEL_SHEET_SETUP</CLSNAME>
     <CMPNAME>C_PAPERSIZE_C</CMPNAME>
     <LANGU>1</LANGU>
     <DESCRIPT>Fill Type</DESCRIPT>
    </SEOCOMPOTX>
    <SEOCOMPOTX>
     <CLSNAME>ZCL_EXCEL_SHEET_SETUP</CLSNAME>
     <CMPNAME>C_PAPERSIZE_C</CMPNAME>
     <LANGU>E</LANGU>
     <DESCRIPT>Fill Type</DESCRIPT>
    </SEOCOMPOTX>
    <SEOCOMPOTX>
     <CLSNAME>ZCL_EXCEL_SHEET_SETUP</CLSNAME>
     <CMPNAME>C_PAPERSIZE_C3_ENVELOPE</CMPNAME>
     <LANGU>1</LANGU>
     <DESCRIPT>Fill Type</DESCRIPT>
    </SEOCOMPOTX>
    <SEOCOMPOTX>
     <CLSNAME>ZCL_EXCEL_SHEET_SETUP</CLSNAME>
     <CMPNAME>C_PAPERSIZE_C3_ENVELOPE</CMPNAME>
     <LANGU>E</LANGU>
     <DESCRIPT>Fill Type</DESCRIPT>
    </SEOCOMPOTX>
    <SEOCOMPOTX>
     <CLSNAME>ZCL_EXCEL_SHEET_SETUP</CLSNAME>
     <CMPNAME>C_PAPERSIZE_C4_ENVELOPE</CMPNAME>
     <LANGU>1</LANGU>
     <DESCRIPT>Fill Type</DESCRIPT>
    </SEOCOMPOTX>
    <SEOCOMPOTX>
     <CLSNAME>ZCL_EXCEL_SHEET_SETUP</CLSNAME>
     <CMPNAME>C_PAPERSIZE_C4_ENVELOPE</CMPNAME>
     <LANGU>E</LANGU>
     <DESCRIPT>Fill Type</DESCRIPT>
    </SEOCOMPOTX>
    <SEOCOMPOTX>
     <CLSNAME>ZCL_EXCEL_SHEET_SETUP</CLSNAME>
     <CMPNAME>C_PAPERSIZE_C5_ENVELOPE</CMPNAME>
     <LANGU>1</LANGU>
     <DESCRIPT>Fill Type</DESCRIPT>
    </SEOCOMPOTX>
    <SEOCOMPOTX>
     <CLSNAME>ZCL_EXCEL_SHEET_SETUP</CLSNAME>
     <CMPNAME>C_PAPERSIZE_C5_ENVELOPE</CMPNAME>
     <LANGU>E</LANGU>
     <DESCRIPT>Fill Type</DESCRIPT>
    </SEOCOMPOTX>
    <SEOCOMPOTX>
     <CLSNAME>ZCL_EXCEL_SHEET_SETUP</CLSNAME>
     <CMPNAME>C_PAPERSIZE_C65_ENVELOPE</CMPNAME>
     <LANGU>1</LANGU>
     <DESCRIPT>Fill Type</DESCRIPT>
    </SEOCOMPOTX>
    <SEOCOMPOTX>
     <CLSNAME>ZCL_EXCEL_SHEET_SETUP</CLSNAME>
     <CMPNAME>C_PAPERSIZE_C65_ENVELOPE</CMPNAME>
     <LANGU>E</LANGU>
     <DESCRIPT>Fill Type</DESCRIPT>
    </SEOCOMPOTX>
    <SEOCOMPOTX>
     <CLSNAME>ZCL_EXCEL_SHEET_SETUP</CLSNAME>
     <CMPNAME>C_PAPERSIZE_C6_ENVELOPE</CMPNAME>
     <LANGU>1</LANGU>
     <DESCRIPT>Fill Type</DESCRIPT>
    </SEOCOMPOTX>
    <SEOCOMPOTX>
     <CLSNAME>ZCL_EXCEL_SHEET_SETUP</CLSNAME>
     <CMPNAME>C_PAPERSIZE_C6_ENVELOPE</CMPNAME>
     <LANGU>E</LANGU>
     <DESCRIPT>Fill Type</DESCRIPT>
    </SEOCOMPOTX>
    <SEOCOMPOTX>
     <CLSNAME>ZCL_EXCEL_SHEET_SETUP</CLSNAME>
     <CMPNAME>C_PAPERSIZE_D</CMPNAME>
     <LANGU>1</LANGU>
     <DESCRIPT>Fill Type</DESCRIPT>
    </SEOCOMPOTX>
    <SEOCOMPOTX>
     <CLSNAME>ZCL_EXCEL_SHEET_SETUP</CLSNAME>
     <CMPNAME>C_PAPERSIZE_D</CMPNAME>
     <LANGU>E</LANGU>
     <DESCRIPT>Fill Type</DESCRIPT>
    </SEOCOMPOTX>
    <SEOCOMPOTX>
     <CLSNAME>ZCL_EXCEL_SHEET_SETUP</CLSNAME>
     <CMPNAME>C_PAPERSIZE_DE_LEG_FANFOLD</CMPNAME>
     <LANGU>1</LANGU>
     <DESCRIPT>Fill Type</DESCRIPT>
    </SEOCOMPOTX>
    <SEOCOMPOTX>
     <CLSNAME>ZCL_EXCEL_SHEET_SETUP</CLSNAME>
     <CMPNAME>C_PAPERSIZE_DE_LEG_FANFOLD</CMPNAME>
     <LANGU>E</LANGU>
     <DESCRIPT>Fill Type</DESCRIPT>
    </SEOCOMPOTX>
    <SEOCOMPOTX>
     <CLSNAME>ZCL_EXCEL_SHEET_SETUP</CLSNAME>
     <CMPNAME>C_PAPERSIZE_DE_STD_FANFOLD</CMPNAME>
     <LANGU>1</LANGU>
     <DESCRIPT>Fill Type</DESCRIPT>
    </SEOCOMPOTX>
    <SEOCOMPOTX>
     <CLSNAME>ZCL_EXCEL_SHEET_SETUP</CLSNAME>
     <CMPNAME>C_PAPERSIZE_DE_STD_FANFOLD</CMPNAME>
     <LANGU>E</LANGU>
     <DESCRIPT>Fill Type</DESCRIPT>
    </SEOCOMPOTX>
    <SEOCOMPOTX>
     <CLSNAME>ZCL_EXCEL_SHEET_SETUP</CLSNAME>
     <CMPNAME>C_PAPERSIZE_DL_ENVELOPE</CMPNAME>
     <LANGU>1</LANGU>
     <DESCRIPT>Fill Type</DESCRIPT>
    </SEOCOMPOTX>
    <SEOCOMPOTX>
     <CLSNAME>ZCL_EXCEL_SHEET_SETUP</CLSNAME>
     <CMPNAME>C_PAPERSIZE_DL_ENVELOPE</CMPNAME>
     <LANGU>E</LANGU>
     <DESCRIPT>Fill Type</DESCRIPT>
    </SEOCOMPOTX>
    <SEOCOMPOTX>
     <CLSNAME>ZCL_EXCEL_SHEET_SETUP</CLSNAME>
     <CMPNAME>C_PAPERSIZE_E</CMPNAME>
     <LANGU>1</LANGU>
     <DESCRIPT>Fill Type</DESCRIPT>
    </SEOCOMPOTX>
    <SEOCOMPOTX>
     <CLSNAME>ZCL_EXCEL_SHEET_SETUP</CLSNAME>
     <CMPNAME>C_PAPERSIZE_E</CMPNAME>
     <LANGU>E</LANGU>
     <DESCRIPT>Fill Type</DESCRIPT>
    </SEOCOMPOTX>
    <SEOCOMPOTX>
     <CLSNAME>ZCL_EXCEL_SHEET_SETUP</CLSNAME>
     <CMPNAME>C_PAPERSIZE_EXECUTIVE</CMPNAME>
     <LANGU>1</LANGU>
     <DESCRIPT>Fill Type</DESCRIPT>
    </SEOCOMPOTX>
    <SEOCOMPOTX>
     <CLSNAME>ZCL_EXCEL_SHEET_SETUP</CLSNAME>
     <CMPNAME>C_PAPERSIZE_EXECUTIVE</CMPNAME>
     <LANGU>E</LANGU>
     <DESCRIPT>Fill Type</DESCRIPT>
    </SEOCOMPOTX>
    <SEOCOMPOTX>
     <CLSNAME>ZCL_EXCEL_SHEET_SETUP</CLSNAME>
     <CMPNAME>C_PAPERSIZE_FOLIO</CMPNAME>
     <LANGU>1</LANGU>
     <DESCRIPT>Fill Type</DESCRIPT>
    </SEOCOMPOTX>
    <SEOCOMPOTX>
     <CLSNAME>ZCL_EXCEL_SHEET_SETUP</CLSNAME>
     <CMPNAME>C_PAPERSIZE_FOLIO</CMPNAME>
     <LANGU>E</LANGU>
     <DESCRIPT>Fill Type</DESCRIPT>
    </SEOCOMPOTX>
    <SEOCOMPOTX>
     <CLSNAME>ZCL_EXCEL_SHEET_SETUP</CLSNAME>
     <CMPNAME>C_PAPERSIZE_INVITE_ENVELOPE</CMPNAME>
     <LANGU>1</LANGU>
     <DESCRIPT>Fill Type</DESCRIPT>
    </SEOCOMPOTX>
    <SEOCOMPOTX>
     <CLSNAME>ZCL_EXCEL_SHEET_SETUP</CLSNAME>
     <CMPNAME>C_PAPERSIZE_INVITE_ENVELOPE</CMPNAME>
     <LANGU>E</LANGU>
     <DESCRIPT>Fill Type</DESCRIPT>
    </SEOCOMPOTX>
    <SEOCOMPOTX>
     <CLSNAME>ZCL_EXCEL_SHEET_SETUP</CLSNAME>
     <CMPNAME>C_PAPERSIZE_ISO_B4</CMPNAME>
     <LANGU>1</LANGU>
     <DESCRIPT>Fill Type</DESCRIPT>
    </SEOCOMPOTX>
    <SEOCOMPOTX>
     <CLSNAME>ZCL_EXCEL_SHEET_SETUP</CLSNAME>
     <CMPNAME>C_PAPERSIZE_ISO_B4</CMPNAME>
     <LANGU>E</LANGU>
     <DESCRIPT>Fill Type</DESCRIPT>
    </SEOCOMPOTX>
    <SEOCOMPOTX>
     <CLSNAME>ZCL_EXCEL_SHEET_SETUP</CLSNAME>
     <CMPNAME>C_PAPERSIZE_ISO_B5_EXTRA_PAPER</CMPNAME>
     <LANGU>1</LANGU>
     <DESCRIPT>Fill Type</DESCRIPT>
    </SEOCOMPOTX>
    <SEOCOMPOTX>
     <CLSNAME>ZCL_EXCEL_SHEET_SETUP</CLSNAME>
     <CMPNAME>C_PAPERSIZE_ISO_B5_EXTRA_PAPER</CMPNAME>
     <LANGU>E</LANGU>
     <DESCRIPT>Fill Type</DESCRIPT>
    </SEOCOMPOTX>
    <SEOCOMPOTX>
     <CLSNAME>ZCL_EXCEL_SHEET_SETUP</CLSNAME>
     <CMPNAME>C_PAPERSIZE_ITALY_ENVELOPE</CMPNAME>
     <LANGU>1</LANGU>
     <DESCRIPT>Fill Type</DESCRIPT>
    </SEOCOMPOTX>
    <SEOCOMPOTX>
     <CLSNAME>ZCL_EXCEL_SHEET_SETUP</CLSNAME>
     <CMPNAME>C_PAPERSIZE_ITALY_ENVELOPE</CMPNAME>
     <LANGU>E</LANGU>
     <DESCRIPT>Fill Type</DESCRIPT>
    </SEOCOMPOTX>
    <SEOCOMPOTX>
     <CLSNAME>ZCL_EXCEL_SHEET_SETUP</CLSNAME>
     <CMPNAME>C_PAPERSIZE_JIS_B5_TV_PAPER</CMPNAME>
     <LANGU>1</LANGU>
     <DESCRIPT>Fill Type</DESCRIPT>
    </SEOCOMPOTX>
    <SEOCOMPOTX>
     <CLSNAME>ZCL_EXCEL_SHEET_SETUP</CLSNAME>
     <CMPNAME>C_PAPERSIZE_JIS_B5_TV_PAPER</CMPNAME>
     <LANGU>E</LANGU>
     <DESCRIPT>Fill Type</DESCRIPT>
    </SEOCOMPOTX>
    <SEOCOMPOTX>
     <CLSNAME>ZCL_EXCEL_SHEET_SETUP</CLSNAME>
     <CMPNAME>C_PAPERSIZE_JPN_DBL_POSTCARD</CMPNAME>
     <LANGU>1</LANGU>
     <DESCRIPT>Fill Type</DESCRIPT>
    </SEOCOMPOTX>
    <SEOCOMPOTX>
     <CLSNAME>ZCL_EXCEL_SHEET_SETUP</CLSNAME>
     <CMPNAME>C_PAPERSIZE_JPN_DBL_POSTCARD</CMPNAME>
     <LANGU>E</LANGU>
     <DESCRIPT>Fill Type</DESCRIPT>
    </SEOCOMPOTX>
    <SEOCOMPOTX>
     <CLSNAME>ZCL_EXCEL_SHEET_SETUP</CLSNAME>
     <CMPNAME>C_PAPERSIZE_LEDGER</CMPNAME>
     <LANGU>1</LANGU>
     <DESCRIPT>Fill Type</DESCRIPT>
    </SEOCOMPOTX>
    <SEOCOMPOTX>
     <CLSNAME>ZCL_EXCEL_SHEET_SETUP</CLSNAME>
     <CMPNAME>C_PAPERSIZE_LEDGER</CMPNAME>
     <LANGU>E</LANGU>
     <DESCRIPT>Fill Type</DESCRIPT>
    </SEOCOMPOTX>
    <SEOCOMPOTX>
     <CLSNAME>ZCL_EXCEL_SHEET_SETUP</CLSNAME>
     <CMPNAME>C_PAPERSIZE_LEGAL</CMPNAME>
     <LANGU>1</LANGU>
     <DESCRIPT>Fill Type</DESCRIPT>
    </SEOCOMPOTX>
    <SEOCOMPOTX>
     <CLSNAME>ZCL_EXCEL_SHEET_SETUP</CLSNAME>
     <CMPNAME>C_PAPERSIZE_LEGAL</CMPNAME>
     <LANGU>E</LANGU>
     <DESCRIPT>Fill Type</DESCRIPT>
    </SEOCOMPOTX>
    <SEOCOMPOTX>
     <CLSNAME>ZCL_EXCEL_SHEET_SETUP</CLSNAME>
     <CMPNAME>C_PAPERSIZE_LEGAL_EXTRA_PAPER</CMPNAME>
     <LANGU>1</LANGU>
     <DESCRIPT>Fill Type</DESCRIPT>
    </SEOCOMPOTX>
    <SEOCOMPOTX>
     <CLSNAME>ZCL_EXCEL_SHEET_SETUP</CLSNAME>
     <CMPNAME>C_PAPERSIZE_LEGAL_EXTRA_PAPER</CMPNAME>
     <LANGU>E</LANGU>
     <DESCRIPT>Fill Type</DESCRIPT>
    </SEOCOMPOTX>
    <SEOCOMPOTX>
     <CLSNAME>ZCL_EXCEL_SHEET_SETUP</CLSNAME>
     <CMPNAME>C_PAPERSIZE_LETTER</CMPNAME>
     <LANGU>1</LANGU>
     <DESCRIPT>Fill Type</DESCRIPT>
    </SEOCOMPOTX>
    <SEOCOMPOTX>
     <CLSNAME>ZCL_EXCEL_SHEET_SETUP</CLSNAME>
     <CMPNAME>C_PAPERSIZE_LETTER</CMPNAME>
     <LANGU>E</LANGU>
     <DESCRIPT>Fill Type</DESCRIPT>
    </SEOCOMPOTX>
    <SEOCOMPOTX>
     <CLSNAME>ZCL_EXCEL_SHEET_SETUP</CLSNAME>
     <CMPNAME>C_PAPERSIZE_LETTER_EXTRA_PAPER</CMPNAME>
     <LANGU>1</LANGU>
     <DESCRIPT>Fill Type</DESCRIPT>
    </SEOCOMPOTX>
    <SEOCOMPOTX>
     <CLSNAME>ZCL_EXCEL_SHEET_SETUP</CLSNAME>
     <CMPNAME>C_PAPERSIZE_LETTER_EXTRA_PAPER</CMPNAME>
     <LANGU>E</LANGU>
     <DESCRIPT>Fill Type</DESCRIPT>
    </SEOCOMPOTX>
    <SEOCOMPOTX>
     <CLSNAME>ZCL_EXCEL_SHEET_SETUP</CLSNAME>
     <CMPNAME>C_PAPERSIZE_LETTER_EXTV_PAPER</CMPNAME>
     <LANGU>1</LANGU>
     <DESCRIPT>Fill Type</DESCRIPT>
    </SEOCOMPOTX>
    <SEOCOMPOTX>
     <CLSNAME>ZCL_EXCEL_SHEET_SETUP</CLSNAME>
     <CMPNAME>C_PAPERSIZE_LETTER_EXTV_PAPER</CMPNAME>
     <LANGU>E</LANGU>
     <DESCRIPT>Fill Type</DESCRIPT>
    </SEOCOMPOTX>
    <SEOCOMPOTX>
     <CLSNAME>ZCL_EXCEL_SHEET_SETUP</CLSNAME>
     <CMPNAME>C_PAPERSIZE_LETTER_PLUS_PAPER</CMPNAME>
     <LANGU>1</LANGU>
     <DESCRIPT>Fill Type</DESCRIPT>
    </SEOCOMPOTX>
    <SEOCOMPOTX>
     <CLSNAME>ZCL_EXCEL_SHEET_SETUP</CLSNAME>
     <CMPNAME>C_PAPERSIZE_LETTER_PLUS_PAPER</CMPNAME>
     <LANGU>E</LANGU>
     <DESCRIPT>Fill Type</DESCRIPT>
    </SEOCOMPOTX>
    <SEOCOMPOTX>
     <CLSNAME>ZCL_EXCEL_SHEET_SETUP</CLSNAME>
     <CMPNAME>C_PAPERSIZE_LETTER_SMALL</CMPNAME>
     <LANGU>1</LANGU>
     <DESCRIPT>Fill Type</DESCRIPT>
    </SEOCOMPOTX>
    <SEOCOMPOTX>
     <CLSNAME>ZCL_EXCEL_SHEET_SETUP</CLSNAME>
     <CMPNAME>C_PAPERSIZE_LETTER_SMALL</CMPNAME>
     <LANGU>E</LANGU>
     <DESCRIPT>Fill Type</DESCRIPT>
    </SEOCOMPOTX>
    <SEOCOMPOTX>
     <CLSNAME>ZCL_EXCEL_SHEET_SETUP</CLSNAME>
     <CMPNAME>C_PAPERSIZE_LETTER_TV_PAPER</CMPNAME>
     <LANGU>1</LANGU>
     <DESCRIPT>Fill Type</DESCRIPT>
    </SEOCOMPOTX>
    <SEOCOMPOTX>
     <CLSNAME>ZCL_EXCEL_SHEET_SETUP</CLSNAME>
     <CMPNAME>C_PAPERSIZE_LETTER_TV_PAPER</CMPNAME>
     <LANGU>E</LANGU>
     <DESCRIPT>Fill Type</DESCRIPT>
    </SEOCOMPOTX>
    <SEOCOMPOTX>
     <CLSNAME>ZCL_EXCEL_SHEET_SETUP</CLSNAME>
     <CMPNAME>C_PAPERSIZE_MONARCH_ENVELOPE</CMPNAME>
     <LANGU>1</LANGU>
     <DESCRIPT>Fill Type</DESCRIPT>
    </SEOCOMPOTX>
    <SEOCOMPOTX>
     <CLSNAME>ZCL_EXCEL_SHEET_SETUP</CLSNAME>
     <CMPNAME>C_PAPERSIZE_MONARCH_ENVELOPE</CMPNAME>
     <LANGU>E</LANGU>
     <DESCRIPT>Fill Type</DESCRIPT>
    </SEOCOMPOTX>
    <SEOCOMPOTX>
     <CLSNAME>ZCL_EXCEL_SHEET_SETUP</CLSNAME>
     <CMPNAME>C_PAPERSIZE_NO10_ENVELOPE</CMPNAME>
     <LANGU>1</LANGU>
     <DESCRIPT>Fill Type</DESCRIPT>
    </SEOCOMPOTX>
    <SEOCOMPOTX>
     <CLSNAME>ZCL_EXCEL_SHEET_SETUP</CLSNAME>
     <CMPNAME>C_PAPERSIZE_NO10_ENVELOPE</CMPNAME>
     <LANGU>E</LANGU>
     <DESCRIPT>Fill Type</DESCRIPT>
    </SEOCOMPOTX>
    <SEOCOMPOTX>
     <CLSNAME>ZCL_EXCEL_SHEET_SETUP</CLSNAME>
     <CMPNAME>C_PAPERSIZE_NO11_ENVELOPE</CMPNAME>
     <LANGU>1</LANGU>
     <DESCRIPT>Fill Type</DESCRIPT>
    </SEOCOMPOTX>
    <SEOCOMPOTX>
     <CLSNAME>ZCL_EXCEL_SHEET_SETUP</CLSNAME>
     <CMPNAME>C_PAPERSIZE_NO11_ENVELOPE</CMPNAME>
     <LANGU>E</LANGU>
     <DESCRIPT>Fill Type</DESCRIPT>
    </SEOCOMPOTX>
    <SEOCOMPOTX>
     <CLSNAME>ZCL_EXCEL_SHEET_SETUP</CLSNAME>
     <CMPNAME>C_PAPERSIZE_NO12_ENVELOPE</CMPNAME>
     <LANGU>1</LANGU>
     <DESCRIPT>Fill Type</DESCRIPT>
    </SEOCOMPOTX>
    <SEOCOMPOTX>
     <CLSNAME>ZCL_EXCEL_SHEET_SETUP</CLSNAME>
     <CMPNAME>C_PAPERSIZE_NO12_ENVELOPE</CMPNAME>
     <LANGU>E</LANGU>
     <DESCRIPT>Fill Type</DESCRIPT>
    </SEOCOMPOTX>
    <SEOCOMPOTX>
     <CLSNAME>ZCL_EXCEL_SHEET_SETUP</CLSNAME>
     <CMPNAME>C_PAPERSIZE_NO14_ENVELOPE</CMPNAME>
     <LANGU>1</LANGU>
     <DESCRIPT>Fill Type</DESCRIPT>
    </SEOCOMPOTX>
    <SEOCOMPOTX>
     <CLSNAME>ZCL_EXCEL_SHEET_SETUP</CLSNAME>
     <CMPNAME>C_PAPERSIZE_NO14_ENVELOPE</CMPNAME>
     <LANGU>E</LANGU>
     <DESCRIPT>Fill Type</DESCRIPT>
    </SEOCOMPOTX>
    <SEOCOMPOTX>
     <CLSNAME>ZCL_EXCEL_SHEET_SETUP</CLSNAME>
     <CMPNAME>C_PAPERSIZE_NO9_ENVELOPE</CMPNAME>
     <LANGU>1</LANGU>
     <DESCRIPT>Fill Type</DESCRIPT>
    </SEOCOMPOTX>
    <SEOCOMPOTX>
     <CLSNAME>ZCL_EXCEL_SHEET_SETUP</CLSNAME>
     <CMPNAME>C_PAPERSIZE_NO9_ENVELOPE</CMPNAME>
     <LANGU>E</LANGU>
     <DESCRIPT>Fill Type</DESCRIPT>
    </SEOCOMPOTX>
    <SEOCOMPOTX>
     <CLSNAME>ZCL_EXCEL_SHEET_SETUP</CLSNAME>
     <CMPNAME>C_PAPERSIZE_NOTE</CMPNAME>
     <LANGU>1</LANGU>
     <DESCRIPT>Fill Type</DESCRIPT>
    </SEOCOMPOTX>
    <SEOCOMPOTX>
     <CLSNAME>ZCL_EXCEL_SHEET_SETUP</CLSNAME>
     <CMPNAME>C_PAPERSIZE_NOTE</CMPNAME>
     <LANGU>E</LANGU>
     <DESCRIPT>Fill Type</DESCRIPT>
    </SEOCOMPOTX>
    <SEOCOMPOTX>
     <CLSNAME>ZCL_EXCEL_SHEET_SETUP</CLSNAME>
     <CMPNAME>C_PAPERSIZE_QUARTO</CMPNAME>
     <LANGU>1</LANGU>
     <DESCRIPT>Fill Type</DESCRIPT>
    </SEOCOMPOTX>
    <SEOCOMPOTX>
     <CLSNAME>ZCL_EXCEL_SHEET_SETUP</CLSNAME>
     <CMPNAME>C_PAPERSIZE_QUARTO</CMPNAME>
     <LANGU>E</LANGU>
     <DESCRIPT>Fill Type</DESCRIPT>
    </SEOCOMPOTX>
    <SEOCOMPOTX>
     <CLSNAME>ZCL_EXCEL_SHEET_SETUP</CLSNAME>
     <CMPNAME>C_PAPERSIZE_STANDARD_1</CMPNAME>
     <LANGU>1</LANGU>
     <DESCRIPT>Fill Type</DESCRIPT>
    </SEOCOMPOTX>
    <SEOCOMPOTX>
     <CLSNAME>ZCL_EXCEL_SHEET_SETUP</CLSNAME>
     <CMPNAME>C_PAPERSIZE_STANDARD_1</CMPNAME>
     <LANGU>E</LANGU>
     <DESCRIPT>Fill Type</DESCRIPT>
    </SEOCOMPOTX>
    <SEOCOMPOTX>
     <CLSNAME>ZCL_EXCEL_SHEET_SETUP</CLSNAME>
     <CMPNAME>C_PAPERSIZE_STANDARD_2</CMPNAME>
     <LANGU>1</LANGU>
     <DESCRIPT>Fill Type</DESCRIPT>
    </SEOCOMPOTX>
    <SEOCOMPOTX>
     <CLSNAME>ZCL_EXCEL_SHEET_SETUP</CLSNAME>
     <CMPNAME>C_PAPERSIZE_STANDARD_2</CMPNAME>
     <LANGU>E</LANGU>
     <DESCRIPT>Fill Type</DESCRIPT>
    </SEOCOMPOTX>
    <SEOCOMPOTX>
     <CLSNAME>ZCL_EXCEL_SHEET_SETUP</CLSNAME>
     <CMPNAME>C_PAPERSIZE_STANDARD_PAPER_1</CMPNAME>
     <LANGU>1</LANGU>
     <DESCRIPT>Fill Type</DESCRIPT>
    </SEOCOMPOTX>
    <SEOCOMPOTX>
     <CLSNAME>ZCL_EXCEL_SHEET_SETUP</CLSNAME>
     <CMPNAME>C_PAPERSIZE_STANDARD_PAPER_1</CMPNAME>
     <LANGU>E</LANGU>
     <DESCRIPT>Fill Type</DESCRIPT>
    </SEOCOMPOTX>
    <SEOCOMPOTX>
     <CLSNAME>ZCL_EXCEL_SHEET_SETUP</CLSNAME>
     <CMPNAME>C_PAPERSIZE_STANDARD_PAPER_2</CMPNAME>
     <LANGU>1</LANGU>
     <DESCRIPT>Fill Type</DESCRIPT>
    </SEOCOMPOTX>
    <SEOCOMPOTX>
     <CLSNAME>ZCL_EXCEL_SHEET_SETUP</CLSNAME>
     <CMPNAME>C_PAPERSIZE_STANDARD_PAPER_2</CMPNAME>
     <LANGU>E</LANGU>
     <DESCRIPT>Fill Type</DESCRIPT>
    </SEOCOMPOTX>
    <SEOCOMPOTX>
     <CLSNAME>ZCL_EXCEL_SHEET_SETUP</CLSNAME>
     <CMPNAME>C_PAPERSIZE_STANDARD_PAPER_3</CMPNAME>
     <LANGU>1</LANGU>
     <DESCRIPT>Fill Type</DESCRIPT>
    </SEOCOMPOTX>
    <SEOCOMPOTX>
     <CLSNAME>ZCL_EXCEL_SHEET_SETUP</CLSNAME>
     <CMPNAME>C_PAPERSIZE_STANDARD_PAPER_3</CMPNAME>
     <LANGU>E</LANGU>
     <DESCRIPT>Fill Type</DESCRIPT>
    </SEOCOMPOTX>
    <SEOCOMPOTX>
     <CLSNAME>ZCL_EXCEL_SHEET_SETUP</CLSNAME>
     <CMPNAME>C_PAPERSIZE_STATEMENT</CMPNAME>
     <LANGU>1</LANGU>
     <DESCRIPT>Fill Type</DESCRIPT>
    </SEOCOMPOTX>
    <SEOCOMPOTX>
     <CLSNAME>ZCL_EXCEL_SHEET_SETUP</CLSNAME>
     <CMPNAME>C_PAPERSIZE_STATEMENT</CMPNAME>
     <LANGU>E</LANGU>
     <DESCRIPT>Fill Type</DESCRIPT>
    </SEOCOMPOTX>
    <SEOCOMPOTX>
     <CLSNAME>ZCL_EXCEL_SHEET_SETUP</CLSNAME>
     <CMPNAME>C_PAPERSIZE_SUPERA_A4_PAPER</CMPNAME>
     <LANGU>1</LANGU>
     <DESCRIPT>Fill Type</DESCRIPT>
    </SEOCOMPOTX>
    <SEOCOMPOTX>
     <CLSNAME>ZCL_EXCEL_SHEET_SETUP</CLSNAME>
     <CMPNAME>C_PAPERSIZE_SUPERA_A4_PAPER</CMPNAME>
     <LANGU>E</LANGU>
     <DESCRIPT>Fill Type</DESCRIPT>
    </SEOCOMPOTX>
    <SEOCOMPOTX>
     <CLSNAME>ZCL_EXCEL_SHEET_SETUP</CLSNAME>
     <CMPNAME>C_PAPERSIZE_SUPERB_A3_PAPER</CMPNAME>
     <LANGU>1</LANGU>
     <DESCRIPT>Fill Type</DESCRIPT>
    </SEOCOMPOTX>
    <SEOCOMPOTX>
     <CLSNAME>ZCL_EXCEL_SHEET_SETUP</CLSNAME>
     <CMPNAME>C_PAPERSIZE_SUPERB_A3_PAPER</CMPNAME>
     <LANGU>E</LANGU>
     <DESCRIPT>Fill Type</DESCRIPT>
    </SEOCOMPOTX>
    <SEOCOMPOTX>
     <CLSNAME>ZCL_EXCEL_SHEET_SETUP</CLSNAME>
     <CMPNAME>C_PAPERSIZE_TABLOID</CMPNAME>
     <LANGU>1</LANGU>
     <DESCRIPT>Fill Type</DESCRIPT>
    </SEOCOMPOTX>
    <SEOCOMPOTX>
     <CLSNAME>ZCL_EXCEL_SHEET_SETUP</CLSNAME>
     <CMPNAME>C_PAPERSIZE_TABLOID</CMPNAME>
     <LANGU>E</LANGU>
     <DESCRIPT>Fill Type</DESCRIPT>
    </SEOCOMPOTX>
    <SEOCOMPOTX>
     <CLSNAME>ZCL_EXCEL_SHEET_SETUP</CLSNAME>
     <CMPNAME>C_PAPERSIZE_TABL_EXTRA_PAPER</CMPNAME>
     <LANGU>1</LANGU>
     <DESCRIPT>Fill Type</DESCRIPT>
    </SEOCOMPOTX>
    <SEOCOMPOTX>
     <CLSNAME>ZCL_EXCEL_SHEET_SETUP</CLSNAME>
     <CMPNAME>C_PAPERSIZE_TABL_EXTRA_PAPER</CMPNAME>
     <LANGU>E</LANGU>
     <DESCRIPT>Fill Type</DESCRIPT>
    </SEOCOMPOTX>
    <SEOCOMPOTX>
     <CLSNAME>ZCL_EXCEL_SHEET_SETUP</CLSNAME>
     <CMPNAME>C_PAPERSIZE_US_STD_FANFOLD</CMPNAME>
     <LANGU>1</LANGU>
     <DESCRIPT>Fill Type</DESCRIPT>
    </SEOCOMPOTX>
    <SEOCOMPOTX>
     <CLSNAME>ZCL_EXCEL_SHEET_SETUP</CLSNAME>
     <CMPNAME>C_PAPERSIZE_US_STD_FANFOLD</CMPNAME>
     <LANGU>E</LANGU>
     <DESCRIPT>Fill Type</DESCRIPT>
    </SEOCOMPOTX>
    <SEOCOMPOTX>
     <CLSNAME>ZCL_EXCEL_SHEET_SETUP</CLSNAME>
     <CMPNAME>C_PE_BLANK</CMPNAME>
     <LANGU>1</LANGU>
     <DESCRIPT>Print error</DESCRIPT>
    </SEOCOMPOTX>
    <SEOCOMPOTX>
     <CLSNAME>ZCL_EXCEL_SHEET_SETUP</CLSNAME>
     <CMPNAME>C_PE_BLANK</CMPNAME>
     <LANGU>E</LANGU>
     <DESCRIPT>Print error</DESCRIPT>
    </SEOCOMPOTX>
    <SEOCOMPOTX>
     <CLSNAME>ZCL_EXCEL_SHEET_SETUP</CLSNAME>
     <CMPNAME>C_PE_DASH</CMPNAME>
     <LANGU>1</LANGU>
     <DESCRIPT>Print error</DESCRIPT>
    </SEOCOMPOTX>
    <SEOCOMPOTX>
     <CLSNAME>ZCL_EXCEL_SHEET_SETUP</CLSNAME>
     <CMPNAME>C_PE_DASH</CMPNAME>
     <LANGU>E</LANGU>
     <DESCRIPT>Print error</DESCRIPT>
    </SEOCOMPOTX>
    <SEOCOMPOTX>
     <CLSNAME>ZCL_EXCEL_SHEET_SETUP</CLSNAME>
     <CMPNAME>C_PE_DISPLAYED</CMPNAME>
     <LANGU>1</LANGU>
     <DESCRIPT>Print error</DESCRIPT>
    </SEOCOMPOTX>
    <SEOCOMPOTX>
     <CLSNAME>ZCL_EXCEL_SHEET_SETUP</CLSNAME>
     <CMPNAME>C_PE_DISPLAYED</CMPNAME>
     <LANGU>E</LANGU>
     <DESCRIPT>Print error</DESCRIPT>
    </SEOCOMPOTX>
    <SEOCOMPOTX>
     <CLSNAME>ZCL_EXCEL_SHEET_SETUP</CLSNAME>
     <CMPNAME>C_PE_NA</CMPNAME>
     <LANGU>1</LANGU>
     <DESCRIPT>Print error</DESCRIPT>
    </SEOCOMPOTX>
    <SEOCOMPOTX>
     <CLSNAME>ZCL_EXCEL_SHEET_SETUP</CLSNAME>
     <CMPNAME>C_PE_NA</CMPNAME>
     <LANGU>E</LANGU>
     <DESCRIPT>Print error</DESCRIPT>
    </SEOCOMPOTX>
    <SEOCOMPOTX>
     <CLSNAME>ZCL_EXCEL_SHEET_SETUP</CLSNAME>
     <CMPNAME>DIFF_ODDEVEN_HEADERFOOTER</CMPNAME>
     <LANGU>1</LANGU>
     <DESCRIPT>Different Header/Footer for odd/even pages</DESCRIPT>
    </SEOCOMPOTX>
    <SEOCOMPOTX>
     <CLSNAME>ZCL_EXCEL_SHEET_SETUP</CLSNAME>
     <CMPNAME>DIFF_ODDEVEN_HEADERFOOTER</CMPNAME>
     <LANGU>E</LANGU>
     <DESCRIPT>Different Header/Footer for odd/even pages</DESCRIPT>
    </SEOCOMPOTX>
    <SEOCOMPOTX>
     <CLSNAME>ZCL_EXCEL_SHEET_SETUP</CLSNAME>
     <CMPNAME>DRAFT</CMPNAME>
     <LANGU>1</LANGU>
     <DESCRIPT>Print without graphics</DESCRIPT>
    </SEOCOMPOTX>
    <SEOCOMPOTX>
     <CLSNAME>ZCL_EXCEL_SHEET_SETUP</CLSNAME>
     <CMPNAME>DRAFT</CMPNAME>
     <LANGU>E</LANGU>
     <DESCRIPT>Print without graphics</DESCRIPT>
    </SEOCOMPOTX>
    <SEOCOMPOTX>
     <CLSNAME>ZCL_EXCEL_SHEET_SETUP</CLSNAME>
     <CMPNAME>ERRORS</CMPNAME>
     <LANGU>1</LANGU>
     <DESCRIPT>Specifies how to print cell values for cells with errors</DESCRIPT>
    </SEOCOMPOTX>
    <SEOCOMPOTX>
     <CLSNAME>ZCL_EXCEL_SHEET_SETUP</CLSNAME>
     <CMPNAME>ERRORS</CMPNAME>
     <LANGU>E</LANGU>
     <DESCRIPT>Specifies how to print cell values for cells with errors</DESCRIPT>
    </SEOCOMPOTX>
    <SEOCOMPOTX>
     <CLSNAME>ZCL_EXCEL_SHEET_SETUP</CLSNAME>
     <CMPNAME>EVEN_FOOTER</CMPNAME>
     <LANGU>1</LANGU>
     <DESCRIPT>Footer for even pages</DESCRIPT>
    </SEOCOMPOTX>
    <SEOCOMPOTX>
     <CLSNAME>ZCL_EXCEL_SHEET_SETUP</CLSNAME>
     <CMPNAME>EVEN_FOOTER</CMPNAME>
     <LANGU>E</LANGU>
     <DESCRIPT>Footer for even pages</DESCRIPT>
    </SEOCOMPOTX>
    <SEOCOMPOTX>
     <CLSNAME>ZCL_EXCEL_SHEET_SETUP</CLSNAME>
     <CMPNAME>EVEN_HEADER</CMPNAME>
     <LANGU>1</LANGU>
     <DESCRIPT>Header for even pages</DESCRIPT>
    </SEOCOMPOTX>
    <SEOCOMPOTX>
     <CLSNAME>ZCL_EXCEL_SHEET_SETUP</CLSNAME>
     <CMPNAME>EVEN_HEADER</CMPNAME>
     <LANGU>E</LANGU>
     <DESCRIPT>Header for even pages</DESCRIPT>
    </SEOCOMPOTX>
    <SEOCOMPOTX>
     <CLSNAME>ZCL_EXCEL_SHEET_SETUP</CLSNAME>
     <CMPNAME>FIRST_PAGE_NUMBER</CMPNAME>
     <LANGU>1</LANGU>
     <DESCRIPT>Page number for first printed page</DESCRIPT>
    </SEOCOMPOTX>
    <SEOCOMPOTX>
     <CLSNAME>ZCL_EXCEL_SHEET_SETUP</CLSNAME>
     <CMPNAME>FIRST_PAGE_NUMBER</CMPNAME>
     <LANGU>E</LANGU>
     <DESCRIPT>Page number for first printed page</DESCRIPT>
    </SEOCOMPOTX>
    <SEOCOMPOTX>
     <CLSNAME>ZCL_EXCEL_SHEET_SETUP</CLSNAME>
     <CMPNAME>FIT_TO_HEIGHT</CMPNAME>
     <LANGU>1</LANGU>
     <DESCRIPT>Flag indicating whether the Fit to Page print option is enab</DESCRIPT>
    </SEOCOMPOTX>
    <SEOCOMPOTX>
     <CLSNAME>ZCL_EXCEL_SHEET_SETUP</CLSNAME>
     <CMPNAME>FIT_TO_HEIGHT</CMPNAME>
     <LANGU>E</LANGU>
     <DESCRIPT>Flag indicating whether the Fit to Page print option is enab</DESCRIPT>
    </SEOCOMPOTX>
    <SEOCOMPOTX>
     <CLSNAME>ZCL_EXCEL_SHEET_SETUP</CLSNAME>
     <CMPNAME>FIT_TO_PAGE</CMPNAME>
     <LANGU>1</LANGU>
     <DESCRIPT>Number of vertical pages to fit on</DESCRIPT>
    </SEOCOMPOTX>
    <SEOCOMPOTX>
     <CLSNAME>ZCL_EXCEL_SHEET_SETUP</CLSNAME>
     <CMPNAME>FIT_TO_PAGE</CMPNAME>
     <LANGU>E</LANGU>
     <DESCRIPT>Number of vertical pages to fit on</DESCRIPT>
    </SEOCOMPOTX>
    <SEOCOMPOTX>
     <CLSNAME>ZCL_EXCEL_SHEET_SETUP</CLSNAME>
     <CMPNAME>FIT_TO_WIDTH</CMPNAME>
     <LANGU>1</LANGU>
     <DESCRIPT>Number of horizontal pages to fit on</DESCRIPT>
    </SEOCOMPOTX>
    <SEOCOMPOTX>
     <CLSNAME>ZCL_EXCEL_SHEET_SETUP</CLSNAME>
     <CMPNAME>FIT_TO_WIDTH</CMPNAME>
     <LANGU>E</LANGU>
     <DESCRIPT>Number of horizontal pages to fit on</DESCRIPT>
    </SEOCOMPOTX>
    <SEOCOMPOTX>
     <CLSNAME>ZCL_EXCEL_SHEET_SETUP</CLSNAME>
     <CMPNAME>GET_HEADER_FOOTER_STRING</CMPNAME>
     <LANGU>1</LANGU>
     <DESCRIPT>Get processed Header/Footer value strings</DESCRIPT>
    </SEOCOMPOTX>
    <SEOCOMPOTX>
     <CLSNAME>ZCL_EXCEL_SHEET_SETUP</CLSNAME>
     <CMPNAME>GET_HEADER_FOOTER_STRING</CMPNAME>
     <LANGU>E</LANGU>
     <DESCRIPT>Get processed Header/Footer value strings</DESCRIPT>
    </SEOCOMPOTX>
    <SEOCOMPOTX>
     <CLSNAME>ZCL_EXCEL_SHEET_SETUP</CLSNAME>
     <CMPNAME>HORIZONTAL_CENTERED</CMPNAME>
     <LANGU>1</LANGU>
     <DESCRIPT>horizontal Centered</DESCRIPT>
    </SEOCOMPOTX>
    <SEOCOMPOTX>
     <CLSNAME>ZCL_EXCEL_SHEET_SETUP</CLSNAME>
     <CMPNAME>HORIZONTAL_CENTERED</CMPNAME>
     <LANGU>E</LANGU>
     <DESCRIPT>horizontal Centered</DESCRIPT>
    </SEOCOMPOTX>
    <SEOCOMPOTX>
     <CLSNAME>ZCL_EXCEL_SHEET_SETUP</CLSNAME>
     <CMPNAME>HORIZONTAL_DPI</CMPNAME>
     <LANGU>1</LANGU>
     <DESCRIPT>Horizontal print resolution of the device</DESCRIPT>
    </SEOCOMPOTX>
    <SEOCOMPOTX>
     <CLSNAME>ZCL_EXCEL_SHEET_SETUP</CLSNAME>
     <CMPNAME>HORIZONTAL_DPI</CMPNAME>
     <LANGU>E</LANGU>
     <DESCRIPT>Horizontal print resolution of the device</DESCRIPT>
    </SEOCOMPOTX>
    <SEOCOMPOTX>
     <CLSNAME>ZCL_EXCEL_SHEET_SETUP</CLSNAME>
     <CMPNAME>MARGIN_BOTTOM</CMPNAME>
     <LANGU>1</LANGU>
     <DESCRIPT>Margin bottom</DESCRIPT>
    </SEOCOMPOTX>
    <SEOCOMPOTX>
     <CLSNAME>ZCL_EXCEL_SHEET_SETUP</CLSNAME>
     <CMPNAME>MARGIN_BOTTOM</CMPNAME>
     <LANGU>E</LANGU>
     <DESCRIPT>Margin bottom</DESCRIPT>
    </SEOCOMPOTX>
    <SEOCOMPOTX>
     <CLSNAME>ZCL_EXCEL_SHEET_SETUP</CLSNAME>
     <CMPNAME>MARGIN_FOOTER</CMPNAME>
     <LANGU>1</LANGU>
     <DESCRIPT>Margin footer</DESCRIPT>
    </SEOCOMPOTX>
    <SEOCOMPOTX>
     <CLSNAME>ZCL_EXCEL_SHEET_SETUP</CLSNAME>
     <CMPNAME>MARGIN_FOOTER</CMPNAME>
     <LANGU>E</LANGU>
     <DESCRIPT>Margin footer</DESCRIPT>
    </SEOCOMPOTX>
    <SEOCOMPOTX>
     <CLSNAME>ZCL_EXCEL_SHEET_SETUP</CLSNAME>
     <CMPNAME>MARGIN_HEADER</CMPNAME>
     <LANGU>1</LANGU>
     <DESCRIPT>Margin header</DESCRIPT>
    </SEOCOMPOTX>
    <SEOCOMPOTX>
     <CLSNAME>ZCL_EXCEL_SHEET_SETUP</CLSNAME>
     <CMPNAME>MARGIN_HEADER</CMPNAME>
     <LANGU>E</LANGU>
     <DESCRIPT>Margin header</DESCRIPT>
    </SEOCOMPOTX>
    <SEOCOMPOTX>
     <CLSNAME>ZCL_EXCEL_SHEET_SETUP</CLSNAME>
     <CMPNAME>MARGIN_LEFT</CMPNAME>
     <LANGU>1</LANGU>
     <DESCRIPT>Margin left</DESCRIPT>
    </SEOCOMPOTX>
    <SEOCOMPOTX>
     <CLSNAME>ZCL_EXCEL_SHEET_SETUP</CLSNAME>
     <CMPNAME>MARGIN_LEFT</CMPNAME>
     <LANGU>E</LANGU>
     <DESCRIPT>Margin left</DESCRIPT>
    </SEOCOMPOTX>
    <SEOCOMPOTX>
     <CLSNAME>ZCL_EXCEL_SHEET_SETUP</CLSNAME>
     <CMPNAME>MARGIN_RIGHT</CMPNAME>
     <LANGU>1</LANGU>
     <DESCRIPT>Margin right</DESCRIPT>
    </SEOCOMPOTX>
    <SEOCOMPOTX>
     <CLSNAME>ZCL_EXCEL_SHEET_SETUP</CLSNAME>
     <CMPNAME>MARGIN_RIGHT</CMPNAME>
     <LANGU>E</LANGU>
     <DESCRIPT>Margin right</DESCRIPT>
    </SEOCOMPOTX>
    <SEOCOMPOTX>
     <CLSNAME>ZCL_EXCEL_SHEET_SETUP</CLSNAME>
     <CMPNAME>MARGIN_TOP</CMPNAME>
     <LANGU>1</LANGU>
     <DESCRIPT>Margin top</DESCRIPT>
    </SEOCOMPOTX>
    <SEOCOMPOTX>
     <CLSNAME>ZCL_EXCEL_SHEET_SETUP</CLSNAME>
     <CMPNAME>MARGIN_TOP</CMPNAME>
     <LANGU>E</LANGU>
     <DESCRIPT>Margin top</DESCRIPT>
    </SEOCOMPOTX>
    <SEOCOMPOTX>
     <CLSNAME>ZCL_EXCEL_SHEET_SETUP</CLSNAME>
     <CMPNAME>ODD_FOOTER</CMPNAME>
     <LANGU>1</LANGU>
     <DESCRIPT>Footer for all OR odd Pages</DESCRIPT>
    </SEOCOMPOTX>
    <SEOCOMPOTX>
     <CLSNAME>ZCL_EXCEL_SHEET_SETUP</CLSNAME>
     <CMPNAME>ODD_FOOTER</CMPNAME>
     <LANGU>E</LANGU>
     <DESCRIPT>Footer for all OR odd Pages</DESCRIPT>
    </SEOCOMPOTX>
    <SEOCOMPOTX>
     <CLSNAME>ZCL_EXCEL_SHEET_SETUP</CLSNAME>
     <CMPNAME>ODD_HEADER</CMPNAME>
     <LANGU>1</LANGU>
     <DESCRIPT>Header for all OR odd Pages</DESCRIPT>
    </SEOCOMPOTX>
    <SEOCOMPOTX>
     <CLSNAME>ZCL_EXCEL_SHEET_SETUP</CLSNAME>
     <CMPNAME>ODD_HEADER</CMPNAME>
     <LANGU>E</LANGU>
     <DESCRIPT>Header for all OR odd Pages</DESCRIPT>
    </SEOCOMPOTX>
    <SEOCOMPOTX>
     <CLSNAME>ZCL_EXCEL_SHEET_SETUP</CLSNAME>
     <CMPNAME>ORIENTATION</CMPNAME>
     <LANGU>1</LANGU>
     <DESCRIPT>Sheet orientation</DESCRIPT>
    </SEOCOMPOTX>
    <SEOCOMPOTX>
     <CLSNAME>ZCL_EXCEL_SHEET_SETUP</CLSNAME>
     <CMPNAME>ORIENTATION</CMPNAME>
     <LANGU>E</LANGU>
     <DESCRIPT>Sheet orientation</DESCRIPT>
    </SEOCOMPOTX>
    <SEOCOMPOTX>
     <CLSNAME>ZCL_EXCEL_SHEET_SETUP</CLSNAME>
     <CMPNAME>PAGE_ORDER</CMPNAME>
     <LANGU>1</LANGU>
     <DESCRIPT>Order of printed pages</DESCRIPT>
    </SEOCOMPOTX>
    <SEOCOMPOTX>
     <CLSNAME>ZCL_EXCEL_SHEET_SETUP</CLSNAME>
     <CMPNAME>PAGE_ORDER</CMPNAME>
     <LANGU>E</LANGU>
     <DESCRIPT>Order of printed pages</DESCRIPT>
    </SEOCOMPOTX>
    <SEOCOMPOTX>
     <CLSNAME>ZCL_EXCEL_SHEET_SETUP</CLSNAME>
     <CMPNAME>PAPER_HEIGHT</CMPNAME>
     <LANGU>1</LANGU>
     <DESCRIPT>Height of custom paper as a number followed by a unit id</DESCRIPT>
    </SEOCOMPOTX>
    <SEOCOMPOTX>
     <CLSNAME>ZCL_EXCEL_SHEET_SETUP</CLSNAME>
     <CMPNAME>PAPER_HEIGHT</CMPNAME>
     <LANGU>E</LANGU>
     <DESCRIPT>Height of custom paper as a number followed by a unit id</DESCRIPT>
    </SEOCOMPOTX>
    <SEOCOMPOTX>
     <CLSNAME>ZCL_EXCEL_SHEET_SETUP</CLSNAME>
     <CMPNAME>PAPER_SIZE</CMPNAME>
     <LANGU>1</LANGU>
     <DESCRIPT>Paper size</DESCRIPT>
    </SEOCOMPOTX>
    <SEOCOMPOTX>
     <CLSNAME>ZCL_EXCEL_SHEET_SETUP</CLSNAME>
     <CMPNAME>PAPER_SIZE</CMPNAME>
     <LANGU>E</LANGU>
     <DESCRIPT>Paper size</DESCRIPT>
    </SEOCOMPOTX>
    <SEOCOMPOTX>
     <CLSNAME>ZCL_EXCEL_SHEET_SETUP</CLSNAME>
     <CMPNAME>PAPER_WIDTH</CMPNAME>
     <LANGU>1</LANGU>
     <DESCRIPT>Width of custom paper as a number followed by a unit id</DESCRIPT>
    </SEOCOMPOTX>
    <SEOCOMPOTX>
     <CLSNAME>ZCL_EXCEL_SHEET_SETUP</CLSNAME>
     <CMPNAME>PAPER_WIDTH</CMPNAME>
     <LANGU>E</LANGU>
     <DESCRIPT>Width of custom paper as a number followed by a unit id</DESCRIPT>
    </SEOCOMPOTX>
    <SEOCOMPOTX>
     <CLSNAME>ZCL_EXCEL_SHEET_SETUP</CLSNAME>
     <CMPNAME>PROCESS_HEADER_FOOTER</CMPNAME>
     <LANGU>1</LANGU>
     <DESCRIPT>Process (formating / editing) Header/Footer</DESCRIPT>
    </SEOCOMPOTX>
    <SEOCOMPOTX>
     <CLSNAME>ZCL_EXCEL_SHEET_SETUP</CLSNAME>
     <CMPNAME>PROCESS_HEADER_FOOTER</CMPNAME>
     <LANGU>E</LANGU>
     <DESCRIPT>Process (formating / editing) Header/Footer</DESCRIPT>
    </SEOCOMPOTX>
    <SEOCOMPOTX>
     <CLSNAME>ZCL_EXCEL_SHEET_SETUP</CLSNAME>
     <CMPNAME>SCALE</CMPNAME>
     <LANGU>1</LANGU>
     <DESCRIPT>Scale 10 - 400 (percent)</DESCRIPT>
    </SEOCOMPOTX>
    <SEOCOMPOTX>
     <CLSNAME>ZCL_EXCEL_SHEET_SETUP</CLSNAME>
     <CMPNAME>SCALE</CMPNAME>
     <LANGU>E</LANGU>
     <DESCRIPT>Scale 10 - 400 (percent)</DESCRIPT>
    </SEOCOMPOTX>
    <SEOCOMPOTX>
     <CLSNAME>ZCL_EXCEL_SHEET_SETUP</CLSNAME>
     <CMPNAME>SET_HEADER_FOOTER</CMPNAME>
     <LANGU>1</LANGU>
     <DESCRIPT>set page header and footer</DESCRIPT>
    </SEOCOMPOTX>
    <SEOCOMPOTX>
     <CLSNAME>ZCL_EXCEL_SHEET_SETUP</CLSNAME>
     <CMPNAME>SET_HEADER_FOOTER</CMPNAME>
     <LANGU>E</LANGU>
     <DESCRIPT>set page header and footer</DESCRIPT>
    </SEOCOMPOTX>
    <SEOCOMPOTX>
     <CLSNAME>ZCL_EXCEL_SHEET_SETUP</CLSNAME>
     <CMPNAME>SET_PAGE_MARGINS</CMPNAME>
     <LANGU>1</LANGU>
     <DESCRIPT>Set page margins</DESCRIPT>
    </SEOCOMPOTX>
    <SEOCOMPOTX>
     <CLSNAME>ZCL_EXCEL_SHEET_SETUP</CLSNAME>
     <CMPNAME>SET_PAGE_MARGINS</CMPNAME>
     <LANGU>E</LANGU>
     <DESCRIPT>Set page margins</DESCRIPT>
    </SEOCOMPOTX>
    <SEOCOMPOTX>
     <CLSNAME>ZCL_EXCEL_SHEET_SETUP</CLSNAME>
     <CMPNAME>USE_FIRST_PAGE_NUM</CMPNAME>
     <LANGU>1</LANGU>
     <DESCRIPT>Use firstPageNumber value for first page number</DESCRIPT>
    </SEOCOMPOTX>
    <SEOCOMPOTX>
     <CLSNAME>ZCL_EXCEL_SHEET_SETUP</CLSNAME>
     <CMPNAME>USE_FIRST_PAGE_NUM</CMPNAME>
     <LANGU>E</LANGU>
     <DESCRIPT>Use firstPageNumber value for first page number</DESCRIPT>
    </SEOCOMPOTX>
    <SEOCOMPOTX>
     <CLSNAME>ZCL_EXCEL_SHEET_SETUP</CLSNAME>
     <CMPNAME>USE_PRINTER_DEFAULTS</CMPNAME>
     <LANGU>1</LANGU>
     <DESCRIPT>Use the printerâ€™s defaults settings for page setup values</DESCRIPT>
    </SEOCOMPOTX>
    <SEOCOMPOTX>
     <CLSNAME>ZCL_EXCEL_SHEET_SETUP</CLSNAME>
     <CMPNAME>USE_PRINTER_DEFAULTS</CMPNAME>
     <LANGU>E</LANGU>
     <DESCRIPT>Use the printerâ€™s defaults settings for page setup values</DESCRIPT>
    </SEOCOMPOTX>
    <SEOCOMPOTX>
     <CLSNAME>ZCL_EXCEL_SHEET_SETUP</CLSNAME>
     <CMPNAME>VERTICAL_CENTERED</CMPNAME>
     <LANGU>1</LANGU>
     <DESCRIPT>vertical Centered</DESCRIPT>
    </SEOCOMPOTX>
    <SEOCOMPOTX>
     <CLSNAME>ZCL_EXCEL_SHEET_SETUP</CLSNAME>
     <CMPNAME>VERTICAL_CENTERED</CMPNAME>
     <LANGU>E</LANGU>
     <DESCRIPT>vertical Centered</DESCRIPT>
    </SEOCOMPOTX>
    <SEOCOMPOTX>
     <CLSNAME>ZCL_EXCEL_SHEET_SETUP</CLSNAME>
     <CMPNAME>VERTICAL_DPI</CMPNAME>
     <LANGU>1</LANGU>
     <DESCRIPT>Vertical print resolution of the device</DESCRIPT>
    </SEOCOMPOTX>
    <SEOCOMPOTX>
     <CLSNAME>ZCL_EXCEL_SHEET_SETUP</CLSNAME>
     <CMPNAME>VERTICAL_DPI</CMPNAME>
     <LANGU>E</LANGU>
     <DESCRIPT>Vertical print resolution of the device</DESCRIPT>
    </SEOCOMPOTX>
   </DESCRIPTIONS>
  </asx:values>
 </asx:abap>
</abapGit>
