﻿<?xml version="1.0" encoding="utf-8"?>
<abapGit version="v1.0.0" serializer="LCL_OBJECT_CLAS" serializer_version="v1.0.0">
 <asx:abap xmlns:asx="http://www.sap.com/abapxml" version="1.0">
  <asx:values>
   <VSEOCLASS>
    <CLSNAME>ZCL_EXCEL_DRAWING</CLSNAME>
    <VERSION>1</VERSION>
    <LANGU>1</LANGU>
    <DESCRIPT>Drawing</DESCRIPT>
    <STATE>1</STATE>
    <CLSCCINCL>X</CLSCCINCL>
    <FIXPT>X</FIXPT>
    <UNICODE>X</UNICODE>
   </VSEOCLASS>
   <DESCRIPTIONS>
    <SEOCOMPOTX>
     <CLSNAME>ZCL_EXCEL_DRAWING</CLSNAME>
     <CMPNAME>ANCHOR</CMPNAME>
     <LANGU>1</LANGU>
     <DESCRIPT>Excel Drawing anchor</DESCRIPT>
    </SEOCOMPOTX>
    <SEOCOMPOTX>
     <CLSNAME>ZCL_EXCEL_DRAWING</CLSNAME>
     <CMPNAME>ANCHOR</CMPNAME>
     <LANGU>E</LANGU>
     <DESCRIPT>Excel Drawing anchor</DESCRIPT>
    </SEOCOMPOTX>
    <SEOCOMPOTX>
     <CLSNAME>ZCL_EXCEL_DRAWING</CLSNAME>
     <CMPNAME>ANCHOR_ABSOLUTE</CMPNAME>
     <LANGU>1</LANGU>
     <DESCRIPT>Excel Drawing anchor</DESCRIPT>
    </SEOCOMPOTX>
    <SEOCOMPOTX>
     <CLSNAME>ZCL_EXCEL_DRAWING</CLSNAME>
     <CMPNAME>ANCHOR_ABSOLUTE</CMPNAME>
     <LANGU>E</LANGU>
     <DESCRIPT>Excel Drawing anchor</DESCRIPT>
    </SEOCOMPOTX>
    <SEOCOMPOTX>
     <CLSNAME>ZCL_EXCEL_DRAWING</CLSNAME>
     <CMPNAME>ANCHOR_ONE_CELL</CMPNAME>
     <LANGU>1</LANGU>
     <DESCRIPT>Excel Drawing anchor</DESCRIPT>
    </SEOCOMPOTX>
    <SEOCOMPOTX>
     <CLSNAME>ZCL_EXCEL_DRAWING</CLSNAME>
     <CMPNAME>ANCHOR_ONE_CELL</CMPNAME>
     <LANGU>E</LANGU>
     <DESCRIPT>Excel Drawing anchor</DESCRIPT>
    </SEOCOMPOTX>
    <SEOCOMPOTX>
     <CLSNAME>ZCL_EXCEL_DRAWING</CLSNAME>
     <CMPNAME>ANCHOR_TWO_CELL</CMPNAME>
     <LANGU>1</LANGU>
     <DESCRIPT>Excel Drawing anchor</DESCRIPT>
    </SEOCOMPOTX>
    <SEOCOMPOTX>
     <CLSNAME>ZCL_EXCEL_DRAWING</CLSNAME>
     <CMPNAME>ANCHOR_TWO_CELL</CMPNAME>
     <LANGU>E</LANGU>
     <DESCRIPT>Excel Drawing anchor</DESCRIPT>
    </SEOCOMPOTX>
    <SEOCOMPOTX>
     <CLSNAME>ZCL_EXCEL_DRAWING</CLSNAME>
     <CMPNAME>CONSTRUCTOR</CMPNAME>
     <LANGU>1</LANGU>
     <DESCRIPT>CONSTRUCTOR</DESCRIPT>
    </SEOCOMPOTX>
    <SEOCOMPOTX>
     <CLSNAME>ZCL_EXCEL_DRAWING</CLSNAME>
     <CMPNAME>CONSTRUCTOR</CMPNAME>
     <LANGU>E</LANGU>
     <DESCRIPT>CONSTRUCTOR</DESCRIPT>
    </SEOCOMPOTX>
    <SEOCOMPOTX>
     <CLSNAME>ZCL_EXCEL_DRAWING</CLSNAME>
     <CMPNAME>CREATE_MEDIA_NAME</CMPNAME>
     <LANGU>1</LANGU>
     <DESCRIPT>Generate media name image#.ext</DESCRIPT>
    </SEOCOMPOTX>
    <SEOCOMPOTX>
     <CLSNAME>ZCL_EXCEL_DRAWING</CLSNAME>
     <CMPNAME>CREATE_MEDIA_NAME</CMPNAME>
     <LANGU>E</LANGU>
     <DESCRIPT>Generate media name image#.ext</DESCRIPT>
    </SEOCOMPOTX>
    <SEOCOMPOTX>
     <CLSNAME>ZCL_EXCEL_DRAWING</CLSNAME>
     <CMPNAME>C_GRAPH_BARS</CMPNAME>
     <LANGU>1</LANGU>
     <DESCRIPT>Graph type</DESCRIPT>
    </SEOCOMPOTX>
    <SEOCOMPOTX>
     <CLSNAME>ZCL_EXCEL_DRAWING</CLSNAME>
     <CMPNAME>C_GRAPH_BARS</CMPNAME>
     <LANGU>E</LANGU>
     <DESCRIPT>Graph type</DESCRIPT>
    </SEOCOMPOTX>
    <SEOCOMPOTX>
     <CLSNAME>ZCL_EXCEL_DRAWING</CLSNAME>
     <CMPNAME>C_GRAPH_LINE</CMPNAME>
     <LANGU>1</LANGU>
     <DESCRIPT>Graph type</DESCRIPT>
    </SEOCOMPOTX>
    <SEOCOMPOTX>
     <CLSNAME>ZCL_EXCEL_DRAWING</CLSNAME>
     <CMPNAME>C_GRAPH_LINE</CMPNAME>
     <LANGU>E</LANGU>
     <DESCRIPT>Graph type</DESCRIPT>
    </SEOCOMPOTX>
    <SEOCOMPOTX>
     <CLSNAME>ZCL_EXCEL_DRAWING</CLSNAME>
     <CMPNAME>C_GRAPH_PIE</CMPNAME>
     <LANGU>1</LANGU>
     <DESCRIPT>Graph type</DESCRIPT>
    </SEOCOMPOTX>
    <SEOCOMPOTX>
     <CLSNAME>ZCL_EXCEL_DRAWING</CLSNAME>
     <CMPNAME>C_GRAPH_PIE</CMPNAME>
     <LANGU>E</LANGU>
     <DESCRIPT>Graph type</DESCRIPT>
    </SEOCOMPOTX>
    <SEOCOMPOTX>
     <CLSNAME>ZCL_EXCEL_DRAWING</CLSNAME>
     <CMPNAME>C_MEDIA_SOURCE_MIME</CMPNAME>
     <LANGU>1</LANGU>
     <DESCRIPT>miem repository</DESCRIPT>
    </SEOCOMPOTX>
    <SEOCOMPOTX>
     <CLSNAME>ZCL_EXCEL_DRAWING</CLSNAME>
     <CMPNAME>C_MEDIA_SOURCE_MIME</CMPNAME>
     <LANGU>E</LANGU>
     <DESCRIPT>miem repository</DESCRIPT>
    </SEOCOMPOTX>
    <SEOCOMPOTX>
     <CLSNAME>ZCL_EXCEL_DRAWING</CLSNAME>
     <CMPNAME>C_MEDIA_SOURCE_WWW</CMPNAME>
     <LANGU>1</LANGU>
     <DESCRIPT>www repository SMW0</DESCRIPT>
    </SEOCOMPOTX>
    <SEOCOMPOTX>
     <CLSNAME>ZCL_EXCEL_DRAWING</CLSNAME>
     <CMPNAME>C_MEDIA_SOURCE_WWW</CMPNAME>
     <LANGU>E</LANGU>
     <DESCRIPT>www repository SMW0</DESCRIPT>
    </SEOCOMPOTX>
    <SEOCOMPOTX>
     <CLSNAME>ZCL_EXCEL_DRAWING</CLSNAME>
     <CMPNAME>C_MEDIA_SOURCE_XSTRING</CMPNAME>
     <LANGU>1</LANGU>
     <DESCRIPT>Binary data as XSTRING</DESCRIPT>
    </SEOCOMPOTX>
    <SEOCOMPOTX>
     <CLSNAME>ZCL_EXCEL_DRAWING</CLSNAME>
     <CMPNAME>C_MEDIA_SOURCE_XSTRING</CMPNAME>
     <LANGU>E</LANGU>
     <DESCRIPT>Binary data as XSTRING</DESCRIPT>
    </SEOCOMPOTX>
    <SEOCOMPOTX>
     <CLSNAME>ZCL_EXCEL_DRAWING</CLSNAME>
     <CMPNAME>EMU2PIXEL</CMPNAME>
     <LANGU>1</LANGU>
     <DESCRIPT>Convert EMU to pixel</DESCRIPT>
    </SEOCOMPOTX>
    <SEOCOMPOTX>
     <CLSNAME>ZCL_EXCEL_DRAWING</CLSNAME>
     <CMPNAME>EMU2PIXEL</CMPNAME>
     <LANGU>E</LANGU>
     <DESCRIPT>Convert EMU to pixel</DESCRIPT>
    </SEOCOMPOTX>
    <SEOCOMPOTX>
     <CLSNAME>ZCL_EXCEL_DRAWING</CLSNAME>
     <CMPNAME>FROM_LOC</CMPNAME>
     <LANGU>1</LANGU>
     <DESCRIPT>Drawing location for Excel</DESCRIPT>
    </SEOCOMPOTX>
    <SEOCOMPOTX>
     <CLSNAME>ZCL_EXCEL_DRAWING</CLSNAME>
     <CMPNAME>FROM_LOC</CMPNAME>
     <LANGU>E</LANGU>
     <DESCRIPT>Drawing location for Excel</DESCRIPT>
    </SEOCOMPOTX>
    <SEOCOMPOTX>
     <CLSNAME>ZCL_EXCEL_DRAWING</CLSNAME>
     <CMPNAME>GET_FROM_COL</CMPNAME>
     <LANGU>1</LANGU>
     <DESCRIPT>From col</DESCRIPT>
    </SEOCOMPOTX>
    <SEOCOMPOTX>
     <CLSNAME>ZCL_EXCEL_DRAWING</CLSNAME>
     <CMPNAME>GET_FROM_COL</CMPNAME>
     <LANGU>E</LANGU>
     <DESCRIPT>From col</DESCRIPT>
    </SEOCOMPOTX>
    <SEOCOMPOTX>
     <CLSNAME>ZCL_EXCEL_DRAWING</CLSNAME>
     <CMPNAME>GET_FROM_ROW</CMPNAME>
     <LANGU>1</LANGU>
     <DESCRIPT>From row</DESCRIPT>
    </SEOCOMPOTX>
    <SEOCOMPOTX>
     <CLSNAME>ZCL_EXCEL_DRAWING</CLSNAME>
     <CMPNAME>GET_FROM_ROW</CMPNAME>
     <LANGU>E</LANGU>
     <DESCRIPT>From row</DESCRIPT>
    </SEOCOMPOTX>
    <SEOCOMPOTX>
     <CLSNAME>ZCL_EXCEL_DRAWING</CLSNAME>
     <CMPNAME>GET_GUID</CMPNAME>
     <LANGU>1</LANGU>
     <DESCRIPT>Get sheet guid</DESCRIPT>
    </SEOCOMPOTX>
    <SEOCOMPOTX>
     <CLSNAME>ZCL_EXCEL_DRAWING</CLSNAME>
     <CMPNAME>GET_GUID</CMPNAME>
     <LANGU>E</LANGU>
     <DESCRIPT>Get sheet guid</DESCRIPT>
    </SEOCOMPOTX>
    <SEOCOMPOTX>
     <CLSNAME>ZCL_EXCEL_DRAWING</CLSNAME>
     <CMPNAME>GET_HEIGHT_EMU_STR</CMPNAME>
     <LANGU>1</LANGU>
     <DESCRIPT>Height of bitmap in EMU as string</DESCRIPT>
    </SEOCOMPOTX>
    <SEOCOMPOTX>
     <CLSNAME>ZCL_EXCEL_DRAWING</CLSNAME>
     <CMPNAME>GET_HEIGHT_EMU_STR</CMPNAME>
     <LANGU>E</LANGU>
     <DESCRIPT>Height of bitmap in EMU as string</DESCRIPT>
    </SEOCOMPOTX>
    <SEOCOMPOTX>
     <CLSNAME>ZCL_EXCEL_DRAWING</CLSNAME>
     <CMPNAME>GET_INDEX</CMPNAME>
     <LANGU>1</LANGU>
     <DESCRIPT>Get index</DESCRIPT>
    </SEOCOMPOTX>
    <SEOCOMPOTX>
     <CLSNAME>ZCL_EXCEL_DRAWING</CLSNAME>
     <CMPNAME>GET_INDEX</CMPNAME>
     <LANGU>E</LANGU>
     <DESCRIPT>Get index</DESCRIPT>
    </SEOCOMPOTX>
    <SEOCOMPOTX>
     <CLSNAME>ZCL_EXCEL_DRAWING</CLSNAME>
     <CMPNAME>GET_MEDIA</CMPNAME>
     <LANGU>1</LANGU>
     <DESCRIPT>Returns media as XSTRING</DESCRIPT>
    </SEOCOMPOTX>
    <SEOCOMPOTX>
     <CLSNAME>ZCL_EXCEL_DRAWING</CLSNAME>
     <CMPNAME>GET_MEDIA</CMPNAME>
     <LANGU>E</LANGU>
     <DESCRIPT>Returns media as XSTRING</DESCRIPT>
    </SEOCOMPOTX>
    <SEOCOMPOTX>
     <CLSNAME>ZCL_EXCEL_DRAWING</CLSNAME>
     <CMPNAME>GET_POSITION</CMPNAME>
     <LANGU>1</LANGU>
     <DESCRIPT>Get position of drawing</DESCRIPT>
    </SEOCOMPOTX>
    <SEOCOMPOTX>
     <CLSNAME>ZCL_EXCEL_DRAWING</CLSNAME>
     <CMPNAME>GET_POSITION</CMPNAME>
     <LANGU>E</LANGU>
     <DESCRIPT>Get position of drawing</DESCRIPT>
    </SEOCOMPOTX>
    <SEOCOMPOTX>
     <CLSNAME>ZCL_EXCEL_DRAWING</CLSNAME>
     <CMPNAME>GET_TO_COL</CMPNAME>
     <LANGU>1</LANGU>
     <DESCRIPT>To col</DESCRIPT>
    </SEOCOMPOTX>
    <SEOCOMPOTX>
     <CLSNAME>ZCL_EXCEL_DRAWING</CLSNAME>
     <CMPNAME>GET_TO_COL</CMPNAME>
     <LANGU>E</LANGU>
     <DESCRIPT>To col</DESCRIPT>
    </SEOCOMPOTX>
    <SEOCOMPOTX>
     <CLSNAME>ZCL_EXCEL_DRAWING</CLSNAME>
     <CMPNAME>GET_TO_ROW</CMPNAME>
     <LANGU>1</LANGU>
     <DESCRIPT>To row</DESCRIPT>
    </SEOCOMPOTX>
    <SEOCOMPOTX>
     <CLSNAME>ZCL_EXCEL_DRAWING</CLSNAME>
     <CMPNAME>GET_TO_ROW</CMPNAME>
     <LANGU>E</LANGU>
     <DESCRIPT>To row</DESCRIPT>
    </SEOCOMPOTX>
    <SEOCOMPOTX>
     <CLSNAME>ZCL_EXCEL_DRAWING</CLSNAME>
     <CMPNAME>GET_TYPE</CMPNAME>
     <LANGU>1</LANGU>
     <DESCRIPT>Get drawing type</DESCRIPT>
    </SEOCOMPOTX>
    <SEOCOMPOTX>
     <CLSNAME>ZCL_EXCEL_DRAWING</CLSNAME>
     <CMPNAME>GET_TYPE</CMPNAME>
     <LANGU>E</LANGU>
     <DESCRIPT>Get drawing type</DESCRIPT>
    </SEOCOMPOTX>
    <SEOCOMPOTX>
     <CLSNAME>ZCL_EXCEL_DRAWING</CLSNAME>
     <CMPNAME>GET_WIDTH_EMU_STR</CMPNAME>
     <LANGU>1</LANGU>
     <DESCRIPT>Width of bitmap in EMU as string</DESCRIPT>
    </SEOCOMPOTX>
    <SEOCOMPOTX>
     <CLSNAME>ZCL_EXCEL_DRAWING</CLSNAME>
     <CMPNAME>GET_WIDTH_EMU_STR</CMPNAME>
     <LANGU>E</LANGU>
     <DESCRIPT>Width of bitmap in EMU as string</DESCRIPT>
    </SEOCOMPOTX>
    <SEOCOMPOTX>
     <CLSNAME>ZCL_EXCEL_DRAWING</CLSNAME>
     <CMPNAME>GRAPH</CMPNAME>
     <LANGU>1</LANGU>
     <DESCRIPT>Graphic</DESCRIPT>
    </SEOCOMPOTX>
    <SEOCOMPOTX>
     <CLSNAME>ZCL_EXCEL_DRAWING</CLSNAME>
     <CMPNAME>GRAPH</CMPNAME>
     <LANGU>E</LANGU>
     <DESCRIPT>Graphic</DESCRIPT>
    </SEOCOMPOTX>
    <SEOCOMPOTX>
     <CLSNAME>ZCL_EXCEL_DRAWING</CLSNAME>
     <CMPNAME>GRAPH_TYPE</CMPNAME>
     <LANGU>1</LANGU>
     <DESCRIPT>Graph type</DESCRIPT>
    </SEOCOMPOTX>
    <SEOCOMPOTX>
     <CLSNAME>ZCL_EXCEL_DRAWING</CLSNAME>
     <CMPNAME>GRAPH_TYPE</CMPNAME>
     <LANGU>E</LANGU>
     <DESCRIPT>Graph type</DESCRIPT>
    </SEOCOMPOTX>
    <SEOCOMPOTX>
     <CLSNAME>ZCL_EXCEL_DRAWING</CLSNAME>
     <CMPNAME>GUID</CMPNAME>
     <LANGU>1</LANGU>
     <DESCRIPT>GUID in &apos;RAW&apos; format</DESCRIPT>
    </SEOCOMPOTX>
    <SEOCOMPOTX>
     <CLSNAME>ZCL_EXCEL_DRAWING</CLSNAME>
     <CMPNAME>GUID</CMPNAME>
     <LANGU>E</LANGU>
     <DESCRIPT>GUID in &apos;RAW&apos; format</DESCRIPT>
    </SEOCOMPOTX>
    <SEOCOMPOTX>
     <CLSNAME>ZCL_EXCEL_DRAWING</CLSNAME>
     <CMPNAME>INDEX</CMPNAME>
     <LANGU>1</LANGU>
     <DESCRIPT>Index in collection</DESCRIPT>
    </SEOCOMPOTX>
    <SEOCOMPOTX>
     <CLSNAME>ZCL_EXCEL_DRAWING</CLSNAME>
     <CMPNAME>INDEX</CMPNAME>
     <LANGU>E</LANGU>
     <DESCRIPT>Index in collection</DESCRIPT>
    </SEOCOMPOTX>
    <SEOCOMPOTX>
     <CLSNAME>ZCL_EXCEL_DRAWING</CLSNAME>
     <CMPNAME>IO</CMPNAME>
     <LANGU>1</LANGU>
     <DESCRIPT>KW Framework: Object Key</DESCRIPT>
    </SEOCOMPOTX>
    <SEOCOMPOTX>
     <CLSNAME>ZCL_EXCEL_DRAWING</CLSNAME>
     <CMPNAME>IO</CMPNAME>
     <LANGU>E</LANGU>
     <DESCRIPT>KW Framework: Object Key</DESCRIPT>
    </SEOCOMPOTX>
    <SEOCOMPOTX>
     <CLSNAME>ZCL_EXCEL_DRAWING</CLSNAME>
     <CMPNAME>LOAD_CHART_ATTRIBUTES</CMPNAME>
     <LANGU>1</LANGU>
     <DESCRIPT>Load chart attributes</DESCRIPT>
    </SEOCOMPOTX>
    <SEOCOMPOTX>
     <CLSNAME>ZCL_EXCEL_DRAWING</CLSNAME>
     <CMPNAME>LOAD_CHART_ATTRIBUTES</CMPNAME>
     <LANGU>E</LANGU>
     <DESCRIPT>Load chart attributes</DESCRIPT>
    </SEOCOMPOTX>
    <SEOCOMPOTX>
     <CLSNAME>ZCL_EXCEL_DRAWING</CLSNAME>
     <CMPNAME>MEDIA_KEY_WWW</CMPNAME>
     <LANGU>1</LANGU>
     <DESCRIPT>Contents of table WWWDATA</DESCRIPT>
    </SEOCOMPOTX>
    <SEOCOMPOTX>
     <CLSNAME>ZCL_EXCEL_DRAWING</CLSNAME>
     <CMPNAME>MEDIA_KEY_WWW</CMPNAME>
     <LANGU>E</LANGU>
     <DESCRIPT>Contents of table WWWDATA</DESCRIPT>
    </SEOCOMPOTX>
    <SEOCOMPOTX>
     <CLSNAME>ZCL_EXCEL_DRAWING</CLSNAME>
     <CMPNAME>MEDIA_NAME</CMPNAME>
     <LANGU>1</LANGU>
     <DESCRIPT>Generated file name</DESCRIPT>
    </SEOCOMPOTX>
    <SEOCOMPOTX>
     <CLSNAME>ZCL_EXCEL_DRAWING</CLSNAME>
     <CMPNAME>MEDIA_NAME</CMPNAME>
     <LANGU>E</LANGU>
     <DESCRIPT>Generated file name</DESCRIPT>
    </SEOCOMPOTX>
    <SEOCOMPOTX>
     <CLSNAME>ZCL_EXCEL_DRAWING</CLSNAME>
     <CMPNAME>MEDIA_SOURCE</CMPNAME>
     <LANGU>1</LANGU>
     <DESCRIPT>0=XSTRING, 1=WWW</DESCRIPT>
    </SEOCOMPOTX>
    <SEOCOMPOTX>
     <CLSNAME>ZCL_EXCEL_DRAWING</CLSNAME>
     <CMPNAME>MEDIA_SOURCE</CMPNAME>
     <LANGU>E</LANGU>
     <DESCRIPT>0=XSTRING, 1=WWW</DESCRIPT>
    </SEOCOMPOTX>
    <SEOCOMPOTX>
     <CLSNAME>ZCL_EXCEL_DRAWING</CLSNAME>
     <CMPNAME>MEDIA_TYPE</CMPNAME>
     <LANGU>1</LANGU>
     <DESCRIPT>Type of media, file extension</DESCRIPT>
    </SEOCOMPOTX>
    <SEOCOMPOTX>
     <CLSNAME>ZCL_EXCEL_DRAWING</CLSNAME>
     <CMPNAME>MEDIA_TYPE</CMPNAME>
     <LANGU>E</LANGU>
     <DESCRIPT>Type of media, file extension</DESCRIPT>
    </SEOCOMPOTX>
    <SEOCOMPOTX>
     <CLSNAME>ZCL_EXCEL_DRAWING</CLSNAME>
     <CMPNAME>PIXEL2EMU</CMPNAME>
     <LANGU>1</LANGU>
     <DESCRIPT>Convert pixel to EMU</DESCRIPT>
    </SEOCOMPOTX>
    <SEOCOMPOTX>
     <CLSNAME>ZCL_EXCEL_DRAWING</CLSNAME>
     <CMPNAME>PIXEL2EMU</CMPNAME>
     <LANGU>E</LANGU>
     <DESCRIPT>Convert pixel to EMU</DESCRIPT>
    </SEOCOMPOTX>
    <SEOCOMPOTX>
     <CLSNAME>ZCL_EXCEL_DRAWING</CLSNAME>
     <CMPNAME>SET_MEDIA</CMPNAME>
     <LANGU>1</LANGU>
     <DESCRIPT>Add media to drawing as XSTRING</DESCRIPT>
    </SEOCOMPOTX>
    <SEOCOMPOTX>
     <CLSNAME>ZCL_EXCEL_DRAWING</CLSNAME>
     <CMPNAME>SET_MEDIA</CMPNAME>
     <LANGU>E</LANGU>
     <DESCRIPT>Add media to drawing as XSTRING</DESCRIPT>
    </SEOCOMPOTX>
    <SEOCOMPOTX>
     <CLSNAME>ZCL_EXCEL_DRAWING</CLSNAME>
     <CMPNAME>SET_MEDIA_MIME</CMPNAME>
     <LANGU>1</LANGU>
     <DESCRIPT>Add media from mime repository</DESCRIPT>
    </SEOCOMPOTX>
    <SEOCOMPOTX>
     <CLSNAME>ZCL_EXCEL_DRAWING</CLSNAME>
     <CMPNAME>SET_MEDIA_MIME</CMPNAME>
     <LANGU>E</LANGU>
     <DESCRIPT>Add media from mime repository</DESCRIPT>
    </SEOCOMPOTX>
    <SEOCOMPOTX>
     <CLSNAME>ZCL_EXCEL_DRAWING</CLSNAME>
     <CMPNAME>SET_MEDIA_WWW</CMPNAME>
     <LANGU>1</LANGU>
     <DESCRIPT>Add media from www repository SMW0</DESCRIPT>
    </SEOCOMPOTX>
    <SEOCOMPOTX>
     <CLSNAME>ZCL_EXCEL_DRAWING</CLSNAME>
     <CMPNAME>SET_MEDIA_WWW</CMPNAME>
     <LANGU>E</LANGU>
     <DESCRIPT>Add media from www repository SMW0</DESCRIPT>
    </SEOCOMPOTX>
    <SEOCOMPOTX>
     <CLSNAME>ZCL_EXCEL_DRAWING</CLSNAME>
     <CMPNAME>SET_POSITION</CMPNAME>
     <LANGU>1</LANGU>
     <DESCRIPT>Set position of drawing</DESCRIPT>
    </SEOCOMPOTX>
    <SEOCOMPOTX>
     <CLSNAME>ZCL_EXCEL_DRAWING</CLSNAME>
     <CMPNAME>SET_POSITION</CMPNAME>
     <LANGU>E</LANGU>
     <DESCRIPT>Set position of drawing</DESCRIPT>
    </SEOCOMPOTX>
    <SEOCOMPOTX>
     <CLSNAME>ZCL_EXCEL_DRAWING</CLSNAME>
     <CMPNAME>SET_POSITION2</CMPNAME>
     <LANGU>1</LANGU>
     <DESCRIPT>Set position of drawing</DESCRIPT>
    </SEOCOMPOTX>
    <SEOCOMPOTX>
     <CLSNAME>ZCL_EXCEL_DRAWING</CLSNAME>
     <CMPNAME>SET_POSITION2</CMPNAME>
     <LANGU>E</LANGU>
     <DESCRIPT>Set position of drawing</DESCRIPT>
    </SEOCOMPOTX>
    <SEOCOMPOTX>
     <CLSNAME>ZCL_EXCEL_DRAWING</CLSNAME>
     <CMPNAME>SIZE</CMPNAME>
     <LANGU>1</LANGU>
     <DESCRIPT>Drawing size for Excel</DESCRIPT>
    </SEOCOMPOTX>
    <SEOCOMPOTX>
     <CLSNAME>ZCL_EXCEL_DRAWING</CLSNAME>
     <CMPNAME>SIZE</CMPNAME>
     <LANGU>E</LANGU>
     <DESCRIPT>Drawing size for Excel</DESCRIPT>
    </SEOCOMPOTX>
    <SEOCOMPOTX>
     <CLSNAME>ZCL_EXCEL_DRAWING</CLSNAME>
     <CMPNAME>TITLE</CMPNAME>
     <LANGU>1</LANGU>
     <DESCRIPT>Title</DESCRIPT>
    </SEOCOMPOTX>
    <SEOCOMPOTX>
     <CLSNAME>ZCL_EXCEL_DRAWING</CLSNAME>
     <CMPNAME>TITLE</CMPNAME>
     <LANGU>E</LANGU>
     <DESCRIPT>Title</DESCRIPT>
    </SEOCOMPOTX>
    <SEOCOMPOTX>
     <CLSNAME>ZCL_EXCEL_DRAWING</CLSNAME>
     <CMPNAME>TO_LOC</CMPNAME>
     <LANGU>1</LANGU>
     <DESCRIPT>Drawing location for Excel</DESCRIPT>
    </SEOCOMPOTX>
    <SEOCOMPOTX>
     <CLSNAME>ZCL_EXCEL_DRAWING</CLSNAME>
     <CMPNAME>TO_LOC</CMPNAME>
     <LANGU>E</LANGU>
     <DESCRIPT>Drawing location for Excel</DESCRIPT>
    </SEOCOMPOTX>
    <SEOCOMPOTX>
     <CLSNAME>ZCL_EXCEL_DRAWING</CLSNAME>
     <CMPNAME>TYPE</CMPNAME>
     <LANGU>1</LANGU>
     <DESCRIPT>Drawing type: image|chart</DESCRIPT>
    </SEOCOMPOTX>
    <SEOCOMPOTX>
     <CLSNAME>ZCL_EXCEL_DRAWING</CLSNAME>
     <CMPNAME>TYPE</CMPNAME>
     <LANGU>E</LANGU>
     <DESCRIPT>Drawing type: image|chart</DESCRIPT>
    </SEOCOMPOTX>
    <SEOCOMPOTX>
     <CLSNAME>ZCL_EXCEL_DRAWING</CLSNAME>
     <CMPNAME>TYPE_CHART</CMPNAME>
     <LANGU>1</LANGU>
     <DESCRIPT>Excel Drawing type</DESCRIPT>
    </SEOCOMPOTX>
    <SEOCOMPOTX>
     <CLSNAME>ZCL_EXCEL_DRAWING</CLSNAME>
     <CMPNAME>TYPE_CHART</CMPNAME>
     <LANGU>E</LANGU>
     <DESCRIPT>Excel Drawing type</DESCRIPT>
    </SEOCOMPOTX>
    <SEOCOMPOTX>
     <CLSNAME>ZCL_EXCEL_DRAWING</CLSNAME>
     <CMPNAME>TYPE_IMAGE</CMPNAME>
     <LANGU>1</LANGU>
     <DESCRIPT>Excel Drawing type</DESCRIPT>
    </SEOCOMPOTX>
    <SEOCOMPOTX>
     <CLSNAME>ZCL_EXCEL_DRAWING</CLSNAME>
     <CMPNAME>TYPE_IMAGE</CMPNAME>
     <LANGU>E</LANGU>
     <DESCRIPT>Excel Drawing type</DESCRIPT>
    </SEOCOMPOTX>
    <SEOCOMPOTX>
     <CLSNAME>ZCL_EXCEL_DRAWING</CLSNAME>
     <CMPNAME>X_REFERENCES</CMPNAME>
     <LANGU>1</LANGU>
     <DESCRIPT>Single-Character Indicator</DESCRIPT>
    </SEOCOMPOTX>
    <SEOCOMPOTX>
     <CLSNAME>ZCL_EXCEL_DRAWING</CLSNAME>
     <CMPNAME>X_REFERENCES</CMPNAME>
     <LANGU>E</LANGU>
     <DESCRIPT>Single-Character Indicator</DESCRIPT>
    </SEOCOMPOTX>
    <SEOCOMPOTX>
     <CLSNAME>ZCL_EXCEL_DRAWING</CLSNAME>
     <CMPNAME>Y_REFERENCES</CMPNAME>
     <LANGU>1</LANGU>
     <DESCRIPT>Single-Character Indicator</DESCRIPT>
    </SEOCOMPOTX>
    <SEOCOMPOTX>
     <CLSNAME>ZCL_EXCEL_DRAWING</CLSNAME>
     <CMPNAME>Y_REFERENCES</CMPNAME>
     <LANGU>E</LANGU>
     <DESCRIPT>Single-Character Indicator</DESCRIPT>
    </SEOCOMPOTX>
   </DESCRIPTIONS>
  </asx:values>
 </asx:abap>
</abapGit>
