﻿<?xml version="1.0" encoding="utf-8"?>
<abapGit version="v1.0.0" serializer="LCL_OBJECT_CLAS" serializer_version="v1.0.0">
 <asx:abap xmlns:asx="http://www.sap.com/abapxml" version="1.0">
  <asx:values>
   <VSEOCLASS>
    <CLSNAME>ZCL_EXCEL_STYLE_BORDER</CLSNAME>
    <VERSION>1</VERSION>
    <LANGU>1</LANGU>
    <DESCRIPT>Border</DESCRIPT>
    <STATE>1</STATE>
    <CLSCCINCL>X</CLSCCINCL>
    <FIXPT>X</FIXPT>
    <UNICODE>X</UNICODE>
   </VSEOCLASS>
   <DESCRIPTIONS>
    <SEOCOMPOTX>
     <CLSNAME>ZCL_EXCEL_STYLE_BORDER</CLSNAME>
     <CMPNAME>BORDER_COLOR</CMPNAME>
     <LANGU>1</LANGU>
     <DESCRIPT>Color ARGB</DESCRIPT>
    </SEOCOMPOTX>
    <SEOCOMPOTX>
     <CLSNAME>ZCL_EXCEL_STYLE_BORDER</CLSNAME>
     <CMPNAME>BORDER_COLOR</CMPNAME>
     <LANGU>E</LANGU>
     <DESCRIPT>Color ARGB</DESCRIPT>
    </SEOCOMPOTX>
    <SEOCOMPOTX>
     <CLSNAME>ZCL_EXCEL_STYLE_BORDER</CLSNAME>
     <CMPNAME>BORDER_STYLE</CMPNAME>
     <LANGU>1</LANGU>
     <DESCRIPT>Border style</DESCRIPT>
    </SEOCOMPOTX>
    <SEOCOMPOTX>
     <CLSNAME>ZCL_EXCEL_STYLE_BORDER</CLSNAME>
     <CMPNAME>BORDER_STYLE</CMPNAME>
     <LANGU>E</LANGU>
     <DESCRIPT>Border style</DESCRIPT>
    </SEOCOMPOTX>
    <SEOCOMPOTX>
     <CLSNAME>ZCL_EXCEL_STYLE_BORDER</CLSNAME>
     <CMPNAME>CONSTRUCTOR</CMPNAME>
     <LANGU>1</LANGU>
     <DESCRIPT>CONSTRUCTOR</DESCRIPT>
    </SEOCOMPOTX>
    <SEOCOMPOTX>
     <CLSNAME>ZCL_EXCEL_STYLE_BORDER</CLSNAME>
     <CMPNAME>CONSTRUCTOR</CMPNAME>
     <LANGU>E</LANGU>
     <DESCRIPT>CONSTRUCTOR</DESCRIPT>
    </SEOCOMPOTX>
    <SEOCOMPOTX>
     <CLSNAME>ZCL_EXCEL_STYLE_BORDER</CLSNAME>
     <CMPNAME>C_BORDER_DASHDOT</CMPNAME>
     <LANGU>1</LANGU>
     <DESCRIPT>Border style</DESCRIPT>
    </SEOCOMPOTX>
    <SEOCOMPOTX>
     <CLSNAME>ZCL_EXCEL_STYLE_BORDER</CLSNAME>
     <CMPNAME>C_BORDER_DASHDOT</CMPNAME>
     <LANGU>E</LANGU>
     <DESCRIPT>Border style</DESCRIPT>
    </SEOCOMPOTX>
    <SEOCOMPOTX>
     <CLSNAME>ZCL_EXCEL_STYLE_BORDER</CLSNAME>
     <CMPNAME>C_BORDER_DASHDOTDOT</CMPNAME>
     <LANGU>1</LANGU>
     <DESCRIPT>Border style</DESCRIPT>
    </SEOCOMPOTX>
    <SEOCOMPOTX>
     <CLSNAME>ZCL_EXCEL_STYLE_BORDER</CLSNAME>
     <CMPNAME>C_BORDER_DASHDOTDOT</CMPNAME>
     <LANGU>E</LANGU>
     <DESCRIPT>Border style</DESCRIPT>
    </SEOCOMPOTX>
    <SEOCOMPOTX>
     <CLSNAME>ZCL_EXCEL_STYLE_BORDER</CLSNAME>
     <CMPNAME>C_BORDER_DASHED</CMPNAME>
     <LANGU>1</LANGU>
     <DESCRIPT>Border style</DESCRIPT>
    </SEOCOMPOTX>
    <SEOCOMPOTX>
     <CLSNAME>ZCL_EXCEL_STYLE_BORDER</CLSNAME>
     <CMPNAME>C_BORDER_DASHED</CMPNAME>
     <LANGU>E</LANGU>
     <DESCRIPT>Border style</DESCRIPT>
    </SEOCOMPOTX>
    <SEOCOMPOTX>
     <CLSNAME>ZCL_EXCEL_STYLE_BORDER</CLSNAME>
     <CMPNAME>C_BORDER_DOTTED</CMPNAME>
     <LANGU>1</LANGU>
     <DESCRIPT>Border style</DESCRIPT>
    </SEOCOMPOTX>
    <SEOCOMPOTX>
     <CLSNAME>ZCL_EXCEL_STYLE_BORDER</CLSNAME>
     <CMPNAME>C_BORDER_DOTTED</CMPNAME>
     <LANGU>E</LANGU>
     <DESCRIPT>Border style</DESCRIPT>
    </SEOCOMPOTX>
    <SEOCOMPOTX>
     <CLSNAME>ZCL_EXCEL_STYLE_BORDER</CLSNAME>
     <CMPNAME>C_BORDER_DOUBLE</CMPNAME>
     <LANGU>1</LANGU>
     <DESCRIPT>Border style</DESCRIPT>
    </SEOCOMPOTX>
    <SEOCOMPOTX>
     <CLSNAME>ZCL_EXCEL_STYLE_BORDER</CLSNAME>
     <CMPNAME>C_BORDER_DOUBLE</CMPNAME>
     <LANGU>E</LANGU>
     <DESCRIPT>Border style</DESCRIPT>
    </SEOCOMPOTX>
    <SEOCOMPOTX>
     <CLSNAME>ZCL_EXCEL_STYLE_BORDER</CLSNAME>
     <CMPNAME>C_BORDER_HAIR</CMPNAME>
     <LANGU>1</LANGU>
     <DESCRIPT>Border style</DESCRIPT>
    </SEOCOMPOTX>
    <SEOCOMPOTX>
     <CLSNAME>ZCL_EXCEL_STYLE_BORDER</CLSNAME>
     <CMPNAME>C_BORDER_HAIR</CMPNAME>
     <LANGU>E</LANGU>
     <DESCRIPT>Border style</DESCRIPT>
    </SEOCOMPOTX>
    <SEOCOMPOTX>
     <CLSNAME>ZCL_EXCEL_STYLE_BORDER</CLSNAME>
     <CMPNAME>C_BORDER_MEDIUM</CMPNAME>
     <LANGU>1</LANGU>
     <DESCRIPT>Border style</DESCRIPT>
    </SEOCOMPOTX>
    <SEOCOMPOTX>
     <CLSNAME>ZCL_EXCEL_STYLE_BORDER</CLSNAME>
     <CMPNAME>C_BORDER_MEDIUM</CMPNAME>
     <LANGU>E</LANGU>
     <DESCRIPT>Border style</DESCRIPT>
    </SEOCOMPOTX>
    <SEOCOMPOTX>
     <CLSNAME>ZCL_EXCEL_STYLE_BORDER</CLSNAME>
     <CMPNAME>C_BORDER_MEDIUMDASHDOT</CMPNAME>
     <LANGU>1</LANGU>
     <DESCRIPT>Border style</DESCRIPT>
    </SEOCOMPOTX>
    <SEOCOMPOTX>
     <CLSNAME>ZCL_EXCEL_STYLE_BORDER</CLSNAME>
     <CMPNAME>C_BORDER_MEDIUMDASHDOT</CMPNAME>
     <LANGU>E</LANGU>
     <DESCRIPT>Border style</DESCRIPT>
    </SEOCOMPOTX>
    <SEOCOMPOTX>
     <CLSNAME>ZCL_EXCEL_STYLE_BORDER</CLSNAME>
     <CMPNAME>C_BORDER_MEDIUMDASHDOTDOT</CMPNAME>
     <LANGU>1</LANGU>
     <DESCRIPT>Border style</DESCRIPT>
    </SEOCOMPOTX>
    <SEOCOMPOTX>
     <CLSNAME>ZCL_EXCEL_STYLE_BORDER</CLSNAME>
     <CMPNAME>C_BORDER_MEDIUMDASHDOTDOT</CMPNAME>
     <LANGU>E</LANGU>
     <DESCRIPT>Border style</DESCRIPT>
    </SEOCOMPOTX>
    <SEOCOMPOTX>
     <CLSNAME>ZCL_EXCEL_STYLE_BORDER</CLSNAME>
     <CMPNAME>C_BORDER_MEDIUMDASHED</CMPNAME>
     <LANGU>1</LANGU>
     <DESCRIPT>Border style</DESCRIPT>
    </SEOCOMPOTX>
    <SEOCOMPOTX>
     <CLSNAME>ZCL_EXCEL_STYLE_BORDER</CLSNAME>
     <CMPNAME>C_BORDER_MEDIUMDASHED</CMPNAME>
     <LANGU>E</LANGU>
     <DESCRIPT>Border style</DESCRIPT>
    </SEOCOMPOTX>
    <SEOCOMPOTX>
     <CLSNAME>ZCL_EXCEL_STYLE_BORDER</CLSNAME>
     <CMPNAME>C_BORDER_NONE</CMPNAME>
     <LANGU>1</LANGU>
     <DESCRIPT>Border style</DESCRIPT>
    </SEOCOMPOTX>
    <SEOCOMPOTX>
     <CLSNAME>ZCL_EXCEL_STYLE_BORDER</CLSNAME>
     <CMPNAME>C_BORDER_NONE</CMPNAME>
     <LANGU>E</LANGU>
     <DESCRIPT>Border style</DESCRIPT>
    </SEOCOMPOTX>
    <SEOCOMPOTX>
     <CLSNAME>ZCL_EXCEL_STYLE_BORDER</CLSNAME>
     <CMPNAME>C_BORDER_SLANTDASHDOT</CMPNAME>
     <LANGU>1</LANGU>
     <DESCRIPT>Border style</DESCRIPT>
    </SEOCOMPOTX>
    <SEOCOMPOTX>
     <CLSNAME>ZCL_EXCEL_STYLE_BORDER</CLSNAME>
     <CMPNAME>C_BORDER_SLANTDASHDOT</CMPNAME>
     <LANGU>E</LANGU>
     <DESCRIPT>Border style</DESCRIPT>
    </SEOCOMPOTX>
    <SEOCOMPOTX>
     <CLSNAME>ZCL_EXCEL_STYLE_BORDER</CLSNAME>
     <CMPNAME>C_BORDER_THICK</CMPNAME>
     <LANGU>1</LANGU>
     <DESCRIPT>Border style</DESCRIPT>
    </SEOCOMPOTX>
    <SEOCOMPOTX>
     <CLSNAME>ZCL_EXCEL_STYLE_BORDER</CLSNAME>
     <CMPNAME>C_BORDER_THICK</CMPNAME>
     <LANGU>E</LANGU>
     <DESCRIPT>Border style</DESCRIPT>
    </SEOCOMPOTX>
    <SEOCOMPOTX>
     <CLSNAME>ZCL_EXCEL_STYLE_BORDER</CLSNAME>
     <CMPNAME>C_BORDER_THIN</CMPNAME>
     <LANGU>1</LANGU>
     <DESCRIPT>Border style</DESCRIPT>
    </SEOCOMPOTX>
    <SEOCOMPOTX>
     <CLSNAME>ZCL_EXCEL_STYLE_BORDER</CLSNAME>
     <CMPNAME>C_BORDER_THIN</CMPNAME>
     <LANGU>E</LANGU>
     <DESCRIPT>Border style</DESCRIPT>
    </SEOCOMPOTX>
   </DESCRIPTIONS>
  </asx:values>
 </asx:abap>
</abapGit>
