﻿<?xml version="1.0" encoding="utf-8"?>
<abapGit version="v1.0.0" serializer="LCL_OBJECT_CLAS" serializer_version="v1.0.0">
 <asx:abap xmlns:asx="http://www.sap.com/abapxml" version="1.0">
  <asx:values>
   <VSEOCLASS>
    <CLSNAME>ZCL_EXCEL_STYLE</CLSNAME>
    <VERSION>1</VERSION>
    <LANGU>1</LANGU>
    <DESCRIPT>Style</DESCRIPT>
    <STATE>1</STATE>
    <CLSCCINCL>X</CLSCCINCL>
    <FIXPT>X</FIXPT>
    <UNICODE>X</UNICODE>
   </VSEOCLASS>
   <DESCRIPTIONS>
    <SEOCOMPOTX>
     <CLSNAME>ZCL_EXCEL_STYLE</CLSNAME>
     <CMPNAME>ALIGNMENT</CMPNAME>
     <LANGU>1</LANGU>
     <DESCRIPT>Alignment Style</DESCRIPT>
    </SEOCOMPOTX>
    <SEOCOMPOTX>
     <CLSNAME>ZCL_EXCEL_STYLE</CLSNAME>
     <CMPNAME>ALIGNMENT</CMPNAME>
     <LANGU>E</LANGU>
     <DESCRIPT>Alignment Style</DESCRIPT>
    </SEOCOMPOTX>
    <SEOCOMPOTX>
     <CLSNAME>ZCL_EXCEL_STYLE</CLSNAME>
     <CMPNAME>BORDERS</CMPNAME>
     <LANGU>1</LANGU>
     <DESCRIPT>Border Style</DESCRIPT>
    </SEOCOMPOTX>
    <SEOCOMPOTX>
     <CLSNAME>ZCL_EXCEL_STYLE</CLSNAME>
     <CMPNAME>BORDERS</CMPNAME>
     <LANGU>E</LANGU>
     <DESCRIPT>Border Style</DESCRIPT>
    </SEOCOMPOTX>
    <SEOCOMPOTX>
     <CLSNAME>ZCL_EXCEL_STYLE</CLSNAME>
     <CMPNAME>CONSTRUCTOR</CMPNAME>
     <LANGU>1</LANGU>
     <DESCRIPT>CONSTRUCTOR</DESCRIPT>
    </SEOCOMPOTX>
    <SEOCOMPOTX>
     <CLSNAME>ZCL_EXCEL_STYLE</CLSNAME>
     <CMPNAME>CONSTRUCTOR</CMPNAME>
     <LANGU>E</LANGU>
     <DESCRIPT>CONSTRUCTOR</DESCRIPT>
    </SEOCOMPOTX>
    <SEOCOMPOTX>
     <CLSNAME>ZCL_EXCEL_STYLE</CLSNAME>
     <CMPNAME>FILL</CMPNAME>
     <LANGU>1</LANGU>
     <DESCRIPT>Fill Style</DESCRIPT>
    </SEOCOMPOTX>
    <SEOCOMPOTX>
     <CLSNAME>ZCL_EXCEL_STYLE</CLSNAME>
     <CMPNAME>FILL</CMPNAME>
     <LANGU>E</LANGU>
     <DESCRIPT>Fill Style</DESCRIPT>
    </SEOCOMPOTX>
    <SEOCOMPOTX>
     <CLSNAME>ZCL_EXCEL_STYLE</CLSNAME>
     <CMPNAME>FONT</CMPNAME>
     <LANGU>1</LANGU>
     <DESCRIPT>Font Style</DESCRIPT>
    </SEOCOMPOTX>
    <SEOCOMPOTX>
     <CLSNAME>ZCL_EXCEL_STYLE</CLSNAME>
     <CMPNAME>FONT</CMPNAME>
     <LANGU>E</LANGU>
     <DESCRIPT>Font Style</DESCRIPT>
    </SEOCOMPOTX>
    <SEOCOMPOTX>
     <CLSNAME>ZCL_EXCEL_STYLE</CLSNAME>
     <CMPNAME>GUID</CMPNAME>
     <LANGU>1</LANGU>
     <DESCRIPT>Style identifier</DESCRIPT>
    </SEOCOMPOTX>
    <SEOCOMPOTX>
     <CLSNAME>ZCL_EXCEL_STYLE</CLSNAME>
     <CMPNAME>GUID</CMPNAME>
     <LANGU>E</LANGU>
     <DESCRIPT>Style identifier</DESCRIPT>
    </SEOCOMPOTX>
    <SEOCOMPOTX>
     <CLSNAME>ZCL_EXCEL_STYLE</CLSNAME>
     <CMPNAME>NUMBER_FORMAT</CMPNAME>
     <LANGU>1</LANGU>
     <DESCRIPT>Number Format Style</DESCRIPT>
    </SEOCOMPOTX>
    <SEOCOMPOTX>
     <CLSNAME>ZCL_EXCEL_STYLE</CLSNAME>
     <CMPNAME>NUMBER_FORMAT</CMPNAME>
     <LANGU>E</LANGU>
     <DESCRIPT>Number Format Style</DESCRIPT>
    </SEOCOMPOTX>
    <SEOCOMPOTX>
     <CLSNAME>ZCL_EXCEL_STYLE</CLSNAME>
     <CMPNAME>PROTECTION</CMPNAME>
     <LANGU>1</LANGU>
     <DESCRIPT>Protection Style</DESCRIPT>
    </SEOCOMPOTX>
    <SEOCOMPOTX>
     <CLSNAME>ZCL_EXCEL_STYLE</CLSNAME>
     <CMPNAME>PROTECTION</CMPNAME>
     <LANGU>E</LANGU>
     <DESCRIPT>Protection Style</DESCRIPT>
    </SEOCOMPOTX>
   </DESCRIPTIONS>
  </asx:values>
 </asx:abap>
</abapGit>
