﻿<?xml version="1.0" encoding="utf-8"?>
<abapGit version="v1.0.0" serializer="LCL_OBJECT_CLAS" serializer_version="v1.0.0">
 <asx:abap xmlns:asx="http://www.sap.com/abapxml" version="1.0">
  <asx:values>
   <VSEOCLASS>
    <CLSNAME>ZCL_EXCEL_STYLE_COLOR</CLSNAME>
    <VERSION>1</VERSION>
    <LANGU>1</LANGU>
    <DESCRIPT>Excel Style Color</DESCRIPT>
    <STATE>1</STATE>
    <CLSCCINCL>X</CLSCCINCL>
    <FIXPT>X</FIXPT>
    <UNICODE>X</UNICODE>
   </VSEOCLASS>
   <DESCRIPTIONS>
    <SEOCOMPOTX>
     <CLSNAME>ZCL_EXCEL_STYLE_COLOR</CLSNAME>
     <CMPNAME>CREATE_NEW_ARBG_INT</CMPNAME>
     <LANGU>1</LANGU>
     <DESCRIPT>Create a custom ARGB color from RGB with integers</DESCRIPT>
    </SEOCOMPOTX>
    <SEOCOMPOTX>
     <CLSNAME>ZCL_EXCEL_STYLE_COLOR</CLSNAME>
     <CMPNAME>CREATE_NEW_ARBG_INT</CMPNAME>
     <LANGU>E</LANGU>
     <DESCRIPT>Create a custom ARGB color from RGB with integers</DESCRIPT>
    </SEOCOMPOTX>
    <SEOCOMPOTX>
     <CLSNAME>ZCL_EXCEL_STYLE_COLOR</CLSNAME>
     <CMPNAME>CREATE_NEW_ARGB</CMPNAME>
     <LANGU>1</LANGU>
     <DESCRIPT>Create a custom ARGB color from RGB</DESCRIPT>
    </SEOCOMPOTX>
    <SEOCOMPOTX>
     <CLSNAME>ZCL_EXCEL_STYLE_COLOR</CLSNAME>
     <CMPNAME>CREATE_NEW_ARGB</CMPNAME>
     <LANGU>E</LANGU>
     <DESCRIPT>Create a custom ARGB color from RGB</DESCRIPT>
    </SEOCOMPOTX>
    <SEOCOMPOTX>
     <CLSNAME>ZCL_EXCEL_STYLE_COLOR</CLSNAME>
     <CMPNAME>C_ALPHA</CMPNAME>
     <LANGU>1</LANGU>
     <DESCRIPT>Color Alpha</DESCRIPT>
    </SEOCOMPOTX>
    <SEOCOMPOTX>
     <CLSNAME>ZCL_EXCEL_STYLE_COLOR</CLSNAME>
     <CMPNAME>C_ALPHA</CMPNAME>
     <LANGU>E</LANGU>
     <DESCRIPT>Color Alpha</DESCRIPT>
    </SEOCOMPOTX>
    <SEOCOMPOTX>
     <CLSNAME>ZCL_EXCEL_STYLE_COLOR</CLSNAME>
     <CMPNAME>C_BLACK</CMPNAME>
     <LANGU>1</LANGU>
     <DESCRIPT>Color ARGB</DESCRIPT>
    </SEOCOMPOTX>
    <SEOCOMPOTX>
     <CLSNAME>ZCL_EXCEL_STYLE_COLOR</CLSNAME>
     <CMPNAME>C_BLACK</CMPNAME>
     <LANGU>E</LANGU>
     <DESCRIPT>Color ARGB</DESCRIPT>
    </SEOCOMPOTX>
    <SEOCOMPOTX>
     <CLSNAME>ZCL_EXCEL_STYLE_COLOR</CLSNAME>
     <CMPNAME>C_BLUE</CMPNAME>
     <LANGU>1</LANGU>
     <DESCRIPT>Color ARGB</DESCRIPT>
    </SEOCOMPOTX>
    <SEOCOMPOTX>
     <CLSNAME>ZCL_EXCEL_STYLE_COLOR</CLSNAME>
     <CMPNAME>C_BLUE</CMPNAME>
     <LANGU>E</LANGU>
     <DESCRIPT>Color ARGB</DESCRIPT>
    </SEOCOMPOTX>
    <SEOCOMPOTX>
     <CLSNAME>ZCL_EXCEL_STYLE_COLOR</CLSNAME>
     <CMPNAME>C_DARKBLUE</CMPNAME>
     <LANGU>1</LANGU>
     <DESCRIPT>Color ARGB</DESCRIPT>
    </SEOCOMPOTX>
    <SEOCOMPOTX>
     <CLSNAME>ZCL_EXCEL_STYLE_COLOR</CLSNAME>
     <CMPNAME>C_DARKBLUE</CMPNAME>
     <LANGU>E</LANGU>
     <DESCRIPT>Color ARGB</DESCRIPT>
    </SEOCOMPOTX>
    <SEOCOMPOTX>
     <CLSNAME>ZCL_EXCEL_STYLE_COLOR</CLSNAME>
     <CMPNAME>C_DARKGREEN</CMPNAME>
     <LANGU>1</LANGU>
     <DESCRIPT>Color ARGB</DESCRIPT>
    </SEOCOMPOTX>
    <SEOCOMPOTX>
     <CLSNAME>ZCL_EXCEL_STYLE_COLOR</CLSNAME>
     <CMPNAME>C_DARKGREEN</CMPNAME>
     <LANGU>E</LANGU>
     <DESCRIPT>Color ARGB</DESCRIPT>
    </SEOCOMPOTX>
    <SEOCOMPOTX>
     <CLSNAME>ZCL_EXCEL_STYLE_COLOR</CLSNAME>
     <CMPNAME>C_DARKRED</CMPNAME>
     <LANGU>1</LANGU>
     <DESCRIPT>Color ARGB</DESCRIPT>
    </SEOCOMPOTX>
    <SEOCOMPOTX>
     <CLSNAME>ZCL_EXCEL_STYLE_COLOR</CLSNAME>
     <CMPNAME>C_DARKRED</CMPNAME>
     <LANGU>E</LANGU>
     <DESCRIPT>Color ARGB</DESCRIPT>
    </SEOCOMPOTX>
    <SEOCOMPOTX>
     <CLSNAME>ZCL_EXCEL_STYLE_COLOR</CLSNAME>
     <CMPNAME>C_DARKYELLOW</CMPNAME>
     <LANGU>1</LANGU>
     <DESCRIPT>Color ARGB</DESCRIPT>
    </SEOCOMPOTX>
    <SEOCOMPOTX>
     <CLSNAME>ZCL_EXCEL_STYLE_COLOR</CLSNAME>
     <CMPNAME>C_DARKYELLOW</CMPNAME>
     <LANGU>E</LANGU>
     <DESCRIPT>Color ARGB</DESCRIPT>
    </SEOCOMPOTX>
    <SEOCOMPOTX>
     <CLSNAME>ZCL_EXCEL_STYLE_COLOR</CLSNAME>
     <CMPNAME>C_GRAY</CMPNAME>
     <LANGU>1</LANGU>
     <DESCRIPT>Color ARGB</DESCRIPT>
    </SEOCOMPOTX>
    <SEOCOMPOTX>
     <CLSNAME>ZCL_EXCEL_STYLE_COLOR</CLSNAME>
     <CMPNAME>C_GRAY</CMPNAME>
     <LANGU>E</LANGU>
     <DESCRIPT>Color ARGB</DESCRIPT>
    </SEOCOMPOTX>
    <SEOCOMPOTX>
     <CLSNAME>ZCL_EXCEL_STYLE_COLOR</CLSNAME>
     <CMPNAME>C_GREEN</CMPNAME>
     <LANGU>1</LANGU>
     <DESCRIPT>Color ARGB</DESCRIPT>
    </SEOCOMPOTX>
    <SEOCOMPOTX>
     <CLSNAME>ZCL_EXCEL_STYLE_COLOR</CLSNAME>
     <CMPNAME>C_GREEN</CMPNAME>
     <LANGU>E</LANGU>
     <DESCRIPT>Color ARGB</DESCRIPT>
    </SEOCOMPOTX>
    <SEOCOMPOTX>
     <CLSNAME>ZCL_EXCEL_STYLE_COLOR</CLSNAME>
     <CMPNAME>C_INDEXED_NOT_SET</CMPNAME>
     <LANGU>1</LANGU>
     <DESCRIPT>Indexed color value - Not Set</DESCRIPT>
    </SEOCOMPOTX>
    <SEOCOMPOTX>
     <CLSNAME>ZCL_EXCEL_STYLE_COLOR</CLSNAME>
     <CMPNAME>C_INDEXED_NOT_SET</CMPNAME>
     <LANGU>E</LANGU>
     <DESCRIPT>Indexed color value - Not Set</DESCRIPT>
    </SEOCOMPOTX>
    <SEOCOMPOTX>
     <CLSNAME>ZCL_EXCEL_STYLE_COLOR</CLSNAME>
     <CMPNAME>C_INDEXED_SYS_FOREGROUND</CMPNAME>
     <LANGU>1</LANGU>
     <DESCRIPT>Indexed color value</DESCRIPT>
    </SEOCOMPOTX>
    <SEOCOMPOTX>
     <CLSNAME>ZCL_EXCEL_STYLE_COLOR</CLSNAME>
     <CMPNAME>C_INDEXED_SYS_FOREGROUND</CMPNAME>
     <LANGU>E</LANGU>
     <DESCRIPT>Indexed color value</DESCRIPT>
    </SEOCOMPOTX>
    <SEOCOMPOTX>
     <CLSNAME>ZCL_EXCEL_STYLE_COLOR</CLSNAME>
     <CMPNAME>C_RED</CMPNAME>
     <LANGU>1</LANGU>
     <DESCRIPT>Color ARGB</DESCRIPT>
    </SEOCOMPOTX>
    <SEOCOMPOTX>
     <CLSNAME>ZCL_EXCEL_STYLE_COLOR</CLSNAME>
     <CMPNAME>C_RED</CMPNAME>
     <LANGU>E</LANGU>
     <DESCRIPT>Color ARGB</DESCRIPT>
    </SEOCOMPOTX>
    <SEOCOMPOTX>
     <CLSNAME>ZCL_EXCEL_STYLE_COLOR</CLSNAME>
     <CMPNAME>C_THEME_ACCENT1</CMPNAME>
     <LANGU>1</LANGU>
     <DESCRIPT>Theme Color</DESCRIPT>
    </SEOCOMPOTX>
    <SEOCOMPOTX>
     <CLSNAME>ZCL_EXCEL_STYLE_COLOR</CLSNAME>
     <CMPNAME>C_THEME_ACCENT1</CMPNAME>
     <LANGU>E</LANGU>
     <DESCRIPT>Theme Color</DESCRIPT>
    </SEOCOMPOTX>
    <SEOCOMPOTX>
     <CLSNAME>ZCL_EXCEL_STYLE_COLOR</CLSNAME>
     <CMPNAME>C_THEME_ACCENT2</CMPNAME>
     <LANGU>1</LANGU>
     <DESCRIPT>Theme Color</DESCRIPT>
    </SEOCOMPOTX>
    <SEOCOMPOTX>
     <CLSNAME>ZCL_EXCEL_STYLE_COLOR</CLSNAME>
     <CMPNAME>C_THEME_ACCENT2</CMPNAME>
     <LANGU>E</LANGU>
     <DESCRIPT>Theme Color</DESCRIPT>
    </SEOCOMPOTX>
    <SEOCOMPOTX>
     <CLSNAME>ZCL_EXCEL_STYLE_COLOR</CLSNAME>
     <CMPNAME>C_THEME_ACCENT3</CMPNAME>
     <LANGU>1</LANGU>
     <DESCRIPT>Theme Color</DESCRIPT>
    </SEOCOMPOTX>
    <SEOCOMPOTX>
     <CLSNAME>ZCL_EXCEL_STYLE_COLOR</CLSNAME>
     <CMPNAME>C_THEME_ACCENT3</CMPNAME>
     <LANGU>E</LANGU>
     <DESCRIPT>Theme Color</DESCRIPT>
    </SEOCOMPOTX>
    <SEOCOMPOTX>
     <CLSNAME>ZCL_EXCEL_STYLE_COLOR</CLSNAME>
     <CMPNAME>C_THEME_ACCENT4</CMPNAME>
     <LANGU>1</LANGU>
     <DESCRIPT>Theme Color</DESCRIPT>
    </SEOCOMPOTX>
    <SEOCOMPOTX>
     <CLSNAME>ZCL_EXCEL_STYLE_COLOR</CLSNAME>
     <CMPNAME>C_THEME_ACCENT4</CMPNAME>
     <LANGU>E</LANGU>
     <DESCRIPT>Theme Color</DESCRIPT>
    </SEOCOMPOTX>
    <SEOCOMPOTX>
     <CLSNAME>ZCL_EXCEL_STYLE_COLOR</CLSNAME>
     <CMPNAME>C_THEME_ACCENT5</CMPNAME>
     <LANGU>1</LANGU>
     <DESCRIPT>Theme Color</DESCRIPT>
    </SEOCOMPOTX>
    <SEOCOMPOTX>
     <CLSNAME>ZCL_EXCEL_STYLE_COLOR</CLSNAME>
     <CMPNAME>C_THEME_ACCENT5</CMPNAME>
     <LANGU>E</LANGU>
     <DESCRIPT>Theme Color</DESCRIPT>
    </SEOCOMPOTX>
    <SEOCOMPOTX>
     <CLSNAME>ZCL_EXCEL_STYLE_COLOR</CLSNAME>
     <CMPNAME>C_THEME_ACCENT6</CMPNAME>
     <LANGU>1</LANGU>
     <DESCRIPT>Theme Color</DESCRIPT>
    </SEOCOMPOTX>
    <SEOCOMPOTX>
     <CLSNAME>ZCL_EXCEL_STYLE_COLOR</CLSNAME>
     <CMPNAME>C_THEME_ACCENT6</CMPNAME>
     <LANGU>E</LANGU>
     <DESCRIPT>Theme Color</DESCRIPT>
    </SEOCOMPOTX>
    <SEOCOMPOTX>
     <CLSNAME>ZCL_EXCEL_STYLE_COLOR</CLSNAME>
     <CMPNAME>C_THEME_DARK1</CMPNAME>
     <LANGU>1</LANGU>
     <DESCRIPT>Theme Color</DESCRIPT>
    </SEOCOMPOTX>
    <SEOCOMPOTX>
     <CLSNAME>ZCL_EXCEL_STYLE_COLOR</CLSNAME>
     <CMPNAME>C_THEME_DARK1</CMPNAME>
     <LANGU>E</LANGU>
     <DESCRIPT>Theme Color</DESCRIPT>
    </SEOCOMPOTX>
    <SEOCOMPOTX>
     <CLSNAME>ZCL_EXCEL_STYLE_COLOR</CLSNAME>
     <CMPNAME>C_THEME_DARK2</CMPNAME>
     <LANGU>1</LANGU>
     <DESCRIPT>Theme Color</DESCRIPT>
    </SEOCOMPOTX>
    <SEOCOMPOTX>
     <CLSNAME>ZCL_EXCEL_STYLE_COLOR</CLSNAME>
     <CMPNAME>C_THEME_DARK2</CMPNAME>
     <LANGU>E</LANGU>
     <DESCRIPT>Theme Color</DESCRIPT>
    </SEOCOMPOTX>
    <SEOCOMPOTX>
     <CLSNAME>ZCL_EXCEL_STYLE_COLOR</CLSNAME>
     <CMPNAME>C_THEME_HYPERLINK</CMPNAME>
     <LANGU>1</LANGU>
     <DESCRIPT>Theme Color</DESCRIPT>
    </SEOCOMPOTX>
    <SEOCOMPOTX>
     <CLSNAME>ZCL_EXCEL_STYLE_COLOR</CLSNAME>
     <CMPNAME>C_THEME_HYPERLINK</CMPNAME>
     <LANGU>E</LANGU>
     <DESCRIPT>Theme Color</DESCRIPT>
    </SEOCOMPOTX>
    <SEOCOMPOTX>
     <CLSNAME>ZCL_EXCEL_STYLE_COLOR</CLSNAME>
     <CMPNAME>C_THEME_HYPERLINK_FOLLOWED</CMPNAME>
     <LANGU>1</LANGU>
     <DESCRIPT>Theme Color</DESCRIPT>
    </SEOCOMPOTX>
    <SEOCOMPOTX>
     <CLSNAME>ZCL_EXCEL_STYLE_COLOR</CLSNAME>
     <CMPNAME>C_THEME_HYPERLINK_FOLLOWED</CMPNAME>
     <LANGU>E</LANGU>
     <DESCRIPT>Theme Color</DESCRIPT>
    </SEOCOMPOTX>
    <SEOCOMPOTX>
     <CLSNAME>ZCL_EXCEL_STYLE_COLOR</CLSNAME>
     <CMPNAME>C_THEME_LIGHT1</CMPNAME>
     <LANGU>1</LANGU>
     <DESCRIPT>Theme Color</DESCRIPT>
    </SEOCOMPOTX>
    <SEOCOMPOTX>
     <CLSNAME>ZCL_EXCEL_STYLE_COLOR</CLSNAME>
     <CMPNAME>C_THEME_LIGHT1</CMPNAME>
     <LANGU>E</LANGU>
     <DESCRIPT>Theme Color</DESCRIPT>
    </SEOCOMPOTX>
    <SEOCOMPOTX>
     <CLSNAME>ZCL_EXCEL_STYLE_COLOR</CLSNAME>
     <CMPNAME>C_THEME_LIGHT2</CMPNAME>
     <LANGU>1</LANGU>
     <DESCRIPT>Theme Color</DESCRIPT>
    </SEOCOMPOTX>
    <SEOCOMPOTX>
     <CLSNAME>ZCL_EXCEL_STYLE_COLOR</CLSNAME>
     <CMPNAME>C_THEME_LIGHT2</CMPNAME>
     <LANGU>E</LANGU>
     <DESCRIPT>Theme Color</DESCRIPT>
    </SEOCOMPOTX>
    <SEOCOMPOTX>
     <CLSNAME>ZCL_EXCEL_STYLE_COLOR</CLSNAME>
     <CMPNAME>C_THEME_NOT_SET</CMPNAME>
     <LANGU>1</LANGU>
     <DESCRIPT>Theme Color - Not Set</DESCRIPT>
    </SEOCOMPOTX>
    <SEOCOMPOTX>
     <CLSNAME>ZCL_EXCEL_STYLE_COLOR</CLSNAME>
     <CMPNAME>C_THEME_NOT_SET</CMPNAME>
     <LANGU>E</LANGU>
     <DESCRIPT>Theme Color - Not Set</DESCRIPT>
    </SEOCOMPOTX>
    <SEOCOMPOTX>
     <CLSNAME>ZCL_EXCEL_STYLE_COLOR</CLSNAME>
     <CMPNAME>C_WHITE</CMPNAME>
     <LANGU>1</LANGU>
     <DESCRIPT>Color ARGB</DESCRIPT>
    </SEOCOMPOTX>
    <SEOCOMPOTX>
     <CLSNAME>ZCL_EXCEL_STYLE_COLOR</CLSNAME>
     <CMPNAME>C_WHITE</CMPNAME>
     <LANGU>E</LANGU>
     <DESCRIPT>Color ARGB</DESCRIPT>
    </SEOCOMPOTX>
    <SEOCOMPOTX>
     <CLSNAME>ZCL_EXCEL_STYLE_COLOR</CLSNAME>
     <CMPNAME>C_YELLOW</CMPNAME>
     <LANGU>1</LANGU>
     <DESCRIPT>Color ARGB</DESCRIPT>
    </SEOCOMPOTX>
    <SEOCOMPOTX>
     <CLSNAME>ZCL_EXCEL_STYLE_COLOR</CLSNAME>
     <CMPNAME>C_YELLOW</CMPNAME>
     <LANGU>E</LANGU>
     <DESCRIPT>Color ARGB</DESCRIPT>
    </SEOCOMPOTX>
   </DESCRIPTIONS>
  </asx:values>
 </asx:abap>
</abapGit>
