﻿<?xml version="1.0" encoding="utf-8"?>
<abapGit version="v1.0.0" serializer="LCL_OBJECT_CLAS" serializer_version="v1.0.0">
 <asx:abap xmlns:asx="http://www.sap.com/abapxml" version="1.0">
  <asx:values>
   <VSEOCLASS>
    <CLSNAME>ZCL_EXCEL_STYLE_BORDERS</CLSNAME>
    <VERSION>1</VERSION>
    <LANGU>1</LANGU>
    <DESCRIPT>Border Style</DESCRIPT>
    <STATE>1</STATE>
    <CLSCCINCL>X</CLSCCINCL>
    <FIXPT>X</FIXPT>
    <UNICODE>X</UNICODE>
   </VSEOCLASS>
   <DESCRIPTIONS>
    <SEOCOMPOTX>
     <CLSNAME>ZCL_EXCEL_STYLE_BORDERS</CLSNAME>
     <CMPNAME>ALLBORDERS</CMPNAME>
     <LANGU>1</LANGU>
     <DESCRIPT>Border</DESCRIPT>
    </SEOCOMPOTX>
    <SEOCOMPOTX>
     <CLSNAME>ZCL_EXCEL_STYLE_BORDERS</CLSNAME>
     <CMPNAME>ALLBORDERS</CMPNAME>
     <LANGU>E</LANGU>
     <DESCRIPT>Border</DESCRIPT>
    </SEOCOMPOTX>
    <SEOCOMPOTX>
     <CLSNAME>ZCL_EXCEL_STYLE_BORDERS</CLSNAME>
     <CMPNAME>C_DIAGONAL_BOTH</CMPNAME>
     <LANGU>1</LANGU>
     <DESCRIPT>Diagonal</DESCRIPT>
    </SEOCOMPOTX>
    <SEOCOMPOTX>
     <CLSNAME>ZCL_EXCEL_STYLE_BORDERS</CLSNAME>
     <CMPNAME>C_DIAGONAL_BOTH</CMPNAME>
     <LANGU>E</LANGU>
     <DESCRIPT>Diagonal</DESCRIPT>
    </SEOCOMPOTX>
    <SEOCOMPOTX>
     <CLSNAME>ZCL_EXCEL_STYLE_BORDERS</CLSNAME>
     <CMPNAME>C_DIAGONAL_DOWN</CMPNAME>
     <LANGU>1</LANGU>
     <DESCRIPT>Diagonal</DESCRIPT>
    </SEOCOMPOTX>
    <SEOCOMPOTX>
     <CLSNAME>ZCL_EXCEL_STYLE_BORDERS</CLSNAME>
     <CMPNAME>C_DIAGONAL_DOWN</CMPNAME>
     <LANGU>E</LANGU>
     <DESCRIPT>Diagonal</DESCRIPT>
    </SEOCOMPOTX>
    <SEOCOMPOTX>
     <CLSNAME>ZCL_EXCEL_STYLE_BORDERS</CLSNAME>
     <CMPNAME>C_DIAGONAL_NONE</CMPNAME>
     <LANGU>1</LANGU>
     <DESCRIPT>Diagonal</DESCRIPT>
    </SEOCOMPOTX>
    <SEOCOMPOTX>
     <CLSNAME>ZCL_EXCEL_STYLE_BORDERS</CLSNAME>
     <CMPNAME>C_DIAGONAL_NONE</CMPNAME>
     <LANGU>E</LANGU>
     <DESCRIPT>Diagonal</DESCRIPT>
    </SEOCOMPOTX>
    <SEOCOMPOTX>
     <CLSNAME>ZCL_EXCEL_STYLE_BORDERS</CLSNAME>
     <CMPNAME>C_DIAGONAL_UP</CMPNAME>
     <LANGU>1</LANGU>
     <DESCRIPT>Diagonal</DESCRIPT>
    </SEOCOMPOTX>
    <SEOCOMPOTX>
     <CLSNAME>ZCL_EXCEL_STYLE_BORDERS</CLSNAME>
     <CMPNAME>C_DIAGONAL_UP</CMPNAME>
     <LANGU>E</LANGU>
     <DESCRIPT>Diagonal</DESCRIPT>
    </SEOCOMPOTX>
    <SEOCOMPOTX>
     <CLSNAME>ZCL_EXCEL_STYLE_BORDERS</CLSNAME>
     <CMPNAME>DIAGONAL</CMPNAME>
     <LANGU>1</LANGU>
     <DESCRIPT>Border</DESCRIPT>
    </SEOCOMPOTX>
    <SEOCOMPOTX>
     <CLSNAME>ZCL_EXCEL_STYLE_BORDERS</CLSNAME>
     <CMPNAME>DIAGONAL</CMPNAME>
     <LANGU>E</LANGU>
     <DESCRIPT>Border</DESCRIPT>
    </SEOCOMPOTX>
    <SEOCOMPOTX>
     <CLSNAME>ZCL_EXCEL_STYLE_BORDERS</CLSNAME>
     <CMPNAME>DIAGONAL_MODE</CMPNAME>
     <LANGU>1</LANGU>
     <DESCRIPT>Diagonal</DESCRIPT>
    </SEOCOMPOTX>
    <SEOCOMPOTX>
     <CLSNAME>ZCL_EXCEL_STYLE_BORDERS</CLSNAME>
     <CMPNAME>DIAGONAL_MODE</CMPNAME>
     <LANGU>E</LANGU>
     <DESCRIPT>Diagonal</DESCRIPT>
    </SEOCOMPOTX>
    <SEOCOMPOTX>
     <CLSNAME>ZCL_EXCEL_STYLE_BORDERS</CLSNAME>
     <CMPNAME>DOWN</CMPNAME>
     <LANGU>1</LANGU>
     <DESCRIPT>Border</DESCRIPT>
    </SEOCOMPOTX>
    <SEOCOMPOTX>
     <CLSNAME>ZCL_EXCEL_STYLE_BORDERS</CLSNAME>
     <CMPNAME>DOWN</CMPNAME>
     <LANGU>E</LANGU>
     <DESCRIPT>Border</DESCRIPT>
    </SEOCOMPOTX>
    <SEOCOMPOTX>
     <CLSNAME>ZCL_EXCEL_STYLE_BORDERS</CLSNAME>
     <CMPNAME>GET_STRUCTURE</CMPNAME>
     <LANGU>1</LANGU>
     <DESCRIPT>Get structure</DESCRIPT>
    </SEOCOMPOTX>
    <SEOCOMPOTX>
     <CLSNAME>ZCL_EXCEL_STYLE_BORDERS</CLSNAME>
     <CMPNAME>GET_STRUCTURE</CMPNAME>
     <LANGU>E</LANGU>
     <DESCRIPT>Get structure</DESCRIPT>
    </SEOCOMPOTX>
    <SEOCOMPOTX>
     <CLSNAME>ZCL_EXCEL_STYLE_BORDERS</CLSNAME>
     <CMPNAME>LEFT</CMPNAME>
     <LANGU>1</LANGU>
     <DESCRIPT>Border</DESCRIPT>
    </SEOCOMPOTX>
    <SEOCOMPOTX>
     <CLSNAME>ZCL_EXCEL_STYLE_BORDERS</CLSNAME>
     <CMPNAME>LEFT</CMPNAME>
     <LANGU>E</LANGU>
     <DESCRIPT>Border</DESCRIPT>
    </SEOCOMPOTX>
    <SEOCOMPOTX>
     <CLSNAME>ZCL_EXCEL_STYLE_BORDERS</CLSNAME>
     <CMPNAME>RIGHT</CMPNAME>
     <LANGU>1</LANGU>
     <DESCRIPT>Border</DESCRIPT>
    </SEOCOMPOTX>
    <SEOCOMPOTX>
     <CLSNAME>ZCL_EXCEL_STYLE_BORDERS</CLSNAME>
     <CMPNAME>RIGHT</CMPNAME>
     <LANGU>E</LANGU>
     <DESCRIPT>Border</DESCRIPT>
    </SEOCOMPOTX>
    <SEOCOMPOTX>
     <CLSNAME>ZCL_EXCEL_STYLE_BORDERS</CLSNAME>
     <CMPNAME>TOP</CMPNAME>
     <LANGU>1</LANGU>
     <DESCRIPT>Border</DESCRIPT>
    </SEOCOMPOTX>
    <SEOCOMPOTX>
     <CLSNAME>ZCL_EXCEL_STYLE_BORDERS</CLSNAME>
     <CMPNAME>TOP</CMPNAME>
     <LANGU>E</LANGU>
     <DESCRIPT>Border</DESCRIPT>
    </SEOCOMPOTX>
   </DESCRIPTIONS>
  </asx:values>
 </asx:abap>
</abapGit>
