﻿<?xml version="1.0" encoding="utf-8"?>
<abapGit version="v1.0.0" serializer="LCL_OBJECT_CLAS" serializer_version="v1.0.0">
 <asx:abap xmlns:asx="http://www.sap.com/abapxml" version="1.0">
  <asx:values>
   <VSEOCLASS>
    <CLSNAME>ZCL_EXCEL_WRITER_HUGE_FILE</CLSNAME>
    <VERSION>1</VERSION>
    <LANGU>1</LANGU>
    <DESCRIPT>Create huge XLSX file</DESCRIPT>
    <STATE>1</STATE>
    <CLSCCINCL>X</CLSCCINCL>
    <FIXPT>X</FIXPT>
    <UNICODE>X</UNICODE>
   </VSEOCLASS>
   <DESCRIPTIONS>
    <SEOCOMPOTX>
     <CLSNAME>ZCL_EXCEL_WRITER_HUGE_FILE</CLSNAME>
     <CMPNAME>CELLS</CMPNAME>
     <LANGU>1</LANGU>
     <DESCRIPT>Cell data for callback from transformation</DESCRIPT>
    </SEOCOMPOTX>
    <SEOCOMPOTX>
     <CLSNAME>ZCL_EXCEL_WRITER_HUGE_FILE</CLSNAME>
     <CMPNAME>CELLS</CMPNAME>
     <LANGU>D</LANGU>
     <DESCRIPT>Cell data for callback from transformation</DESCRIPT>
    </SEOCOMPOTX>
    <SEOCOMPOTX>
     <CLSNAME>ZCL_EXCEL_WRITER_HUGE_FILE</CLSNAME>
     <CMPNAME>GET_CELLS</CMPNAME>
     <LANGU>1</LANGU>
     <DESCRIPT>Read the cell data for a single row, called from transform.</DESCRIPT>
    </SEOCOMPOTX>
    <SEOCOMPOTX>
     <CLSNAME>ZCL_EXCEL_WRITER_HUGE_FILE</CLSNAME>
     <CMPNAME>GET_CELLS</CMPNAME>
     <LANGU>D</LANGU>
     <DESCRIPT>Read the cell data for a single row, called from transform.</DESCRIPT>
    </SEOCOMPOTX>
    <SEOCOMPOTX>
     <CLSNAME>ZCL_EXCEL_WRITER_HUGE_FILE</CLSNAME>
     <CMPNAME>TY_CELL</CMPNAME>
     <LANGU>1</LANGU>
     <DESCRIPT>Cell data for callback from transformation</DESCRIPT>
    </SEOCOMPOTX>
    <SEOCOMPOTX>
     <CLSNAME>ZCL_EXCEL_WRITER_HUGE_FILE</CLSNAME>
     <CMPNAME>TY_CELL</CMPNAME>
     <LANGU>D</LANGU>
     <DESCRIPT>Cell data for callback from transformation</DESCRIPT>
    </SEOCOMPOTX>
    <SEOCOMPOTX>
     <CLSNAME>ZCL_EXCEL_WRITER_HUGE_FILE</CLSNAME>
     <CMPNAME>WORKSHEET</CMPNAME>
     <LANGU>1</LANGU>
     <DESCRIPT>Reference needed for GET_CELL</DESCRIPT>
    </SEOCOMPOTX>
    <SEOCOMPOTX>
     <CLSNAME>ZCL_EXCEL_WRITER_HUGE_FILE</CLSNAME>
     <CMPNAME>WORKSHEET</CMPNAME>
     <LANGU>D</LANGU>
     <DESCRIPT>Reference needed for GET_CELL</DESCRIPT>
    </SEOCOMPOTX>
   </DESCRIPTIONS>
  </asx:values>
 </asx:abap>
</abapGit>
