﻿<?xml version="1.0" encoding="utf-8"?>
<abapGit version="v1.0.0" serializer="LCL_OBJECT_CLAS" serializer_version="v1.0.0">
 <asx:abap xmlns:asx="http://www.sap.com/abapxml" version="1.0">
  <asx:values>
   <VSEOCLASS>
    <CLSNAME>ZCL_EXCEL_LEGACY_PALETTE</CLSNAME>
    <VERSION>1</VERSION>
    <LANGU>1</LANGU>
    <DESCRIPT>Excel legacy color palette</DESCRIPT>
    <STATE>1</STATE>
    <CLSCCINCL>X</CLSCCINCL>
    <FIXPT>X</FIXPT>
    <UNICODE>X</UNICODE>
   </VSEOCLASS>
   <DESCRIPTIONS>
    <SEOCOMPOTX>
     <CLSNAME>ZCL_EXCEL_LEGACY_PALETTE</CLSNAME>
     <CMPNAME>COLORS</CMPNAME>
     <LANGU>1</LANGU>
     <DESCRIPT>Table of  RGB colors</DESCRIPT>
    </SEOCOMPOTX>
    <SEOCOMPOTX>
     <CLSNAME>ZCL_EXCEL_LEGACY_PALETTE</CLSNAME>
     <CMPNAME>COLORS</CMPNAME>
     <LANGU>E</LANGU>
     <DESCRIPT>Table of  RGB colors</DESCRIPT>
    </SEOCOMPOTX>
    <SEOCOMPOTX>
     <CLSNAME>ZCL_EXCEL_LEGACY_PALETTE</CLSNAME>
     <CMPNAME>CONSTRUCTOR</CMPNAME>
     <LANGU>1</LANGU>
     <DESCRIPT>CONSTRUCTOR</DESCRIPT>
    </SEOCOMPOTX>
    <SEOCOMPOTX>
     <CLSNAME>ZCL_EXCEL_LEGACY_PALETTE</CLSNAME>
     <CMPNAME>CONSTRUCTOR</CMPNAME>
     <LANGU>E</LANGU>
     <DESCRIPT>CONSTRUCTOR</DESCRIPT>
    </SEOCOMPOTX>
    <SEOCOMPOTX>
     <CLSNAME>ZCL_EXCEL_LEGACY_PALETTE</CLSNAME>
     <CMPNAME>GET_COLOR</CMPNAME>
     <LANGU>1</LANGU>
     <DESCRIPT>Get color</DESCRIPT>
    </SEOCOMPOTX>
    <SEOCOMPOTX>
     <CLSNAME>ZCL_EXCEL_LEGACY_PALETTE</CLSNAME>
     <CMPNAME>GET_COLOR</CMPNAME>
     <LANGU>E</LANGU>
     <DESCRIPT>Get color</DESCRIPT>
    </SEOCOMPOTX>
    <SEOCOMPOTX>
     <CLSNAME>ZCL_EXCEL_LEGACY_PALETTE</CLSNAME>
     <CMPNAME>GET_COLORS</CMPNAME>
     <LANGU>1</LANGU>
     <DESCRIPT>Get all colors</DESCRIPT>
    </SEOCOMPOTX>
    <SEOCOMPOTX>
     <CLSNAME>ZCL_EXCEL_LEGACY_PALETTE</CLSNAME>
     <CMPNAME>GET_COLORS</CMPNAME>
     <LANGU>E</LANGU>
     <DESCRIPT>Get all colors</DESCRIPT>
    </SEOCOMPOTX>
    <SEOCOMPOTX>
     <CLSNAME>ZCL_EXCEL_LEGACY_PALETTE</CLSNAME>
     <CMPNAME>IS_MODIFIED</CMPNAME>
     <LANGU>1</LANGU>
     <DESCRIPT>Is the palette modified from standard?</DESCRIPT>
    </SEOCOMPOTX>
    <SEOCOMPOTX>
     <CLSNAME>ZCL_EXCEL_LEGACY_PALETTE</CLSNAME>
     <CMPNAME>IS_MODIFIED</CMPNAME>
     <LANGU>E</LANGU>
     <DESCRIPT>Is the palette modified from standard?</DESCRIPT>
    </SEOCOMPOTX>
    <SEOCOMPOTX>
     <CLSNAME>ZCL_EXCEL_LEGACY_PALETTE</CLSNAME>
     <CMPNAME>SET_COLOR</CMPNAME>
     <LANGU>1</LANGU>
     <DESCRIPT>Set (replace) color</DESCRIPT>
    </SEOCOMPOTX>
    <SEOCOMPOTX>
     <CLSNAME>ZCL_EXCEL_LEGACY_PALETTE</CLSNAME>
     <CMPNAME>SET_COLOR</CMPNAME>
     <LANGU>E</LANGU>
     <DESCRIPT>Set (replace) color</DESCRIPT>
    </SEOCOMPOTX>
   </DESCRIPTIONS>
  </asx:values>
 </asx:abap>
</abapGit>
