﻿<?xml version="1.0" encoding="utf-8"?>
<abapGit version="v1.0.0" serializer="LCL_OBJECT_CLAS" serializer_version="v1.0.0">
 <asx:abap xmlns:asx="http://www.sap.com/abapxml" version="1.0">
  <asx:values>
   <VSEOCLASS>
    <CLSNAME>ZCL_EXCEL_WRITER_2007</CLSNAME>
    <VERSION>1</VERSION>
    <LANGU>1</LANGU>
    <DESCRIPT>Excel writer 2007</DESCRIPT>
    <STATE>1</STATE>
    <CLSCCINCL>X</CLSCCINCL>
    <FIXPT>X</FIXPT>
    <UNICODE>X</UNICODE>
   </VSEOCLASS>
   <DESCRIPTIONS>
    <SEOCOMPOTX>
     <CLSNAME>ZCL_EXCEL_WRITER_2007</CLSNAME>
     <CMPNAME>ADD_FURTHER_DATA_TO_ZIP</CMPNAME>
     <LANGU>1</LANGU>
     <DESCRIPT>Add further data to zip ( used by child-classes )</DESCRIPT>
    </SEOCOMPOTX>
    <SEOCOMPOTX>
     <CLSNAME>ZCL_EXCEL_WRITER_2007</CLSNAME>
     <CMPNAME>ADD_FURTHER_DATA_TO_ZIP</CMPNAME>
     <LANGU>E</LANGU>
     <DESCRIPT>Add further data to zip ( used by child-classes )</DESCRIPT>
    </SEOCOMPOTX>
    <SEOCOMPOTX>
     <CLSNAME>ZCL_EXCEL_WRITER_2007</CLSNAME>
     <CMPNAME>CREATE</CMPNAME>
     <LANGU>1</LANGU>
     <DESCRIPT>Create Excel</DESCRIPT>
    </SEOCOMPOTX>
    <SEOCOMPOTX>
     <CLSNAME>ZCL_EXCEL_WRITER_2007</CLSNAME>
     <CMPNAME>CREATE</CMPNAME>
     <LANGU>E</LANGU>
     <DESCRIPT>Create Excel</DESCRIPT>
    </SEOCOMPOTX>
    <SEOCOMPOTX>
     <CLSNAME>ZCL_EXCEL_WRITER_2007</CLSNAME>
     <CMPNAME>CREATE_CONTENT_TYPES</CMPNAME>
     <LANGU>1</LANGU>
     <DESCRIPT>Create &apos;[Content_Types].xml&apos;</DESCRIPT>
    </SEOCOMPOTX>
    <SEOCOMPOTX>
     <CLSNAME>ZCL_EXCEL_WRITER_2007</CLSNAME>
     <CMPNAME>CREATE_CONTENT_TYPES</CMPNAME>
     <LANGU>E</LANGU>
     <DESCRIPT>Create &apos;[Content_Types].xml&apos;</DESCRIPT>
    </SEOCOMPOTX>
    <SEOCOMPOTX>
     <CLSNAME>ZCL_EXCEL_WRITER_2007</CLSNAME>
     <CMPNAME>CREATE_DOCPROPS_APP</CMPNAME>
     <LANGU>1</LANGU>
     <DESCRIPT>Create &apos;docProps/app.xml&apos;</DESCRIPT>
    </SEOCOMPOTX>
    <SEOCOMPOTX>
     <CLSNAME>ZCL_EXCEL_WRITER_2007</CLSNAME>
     <CMPNAME>CREATE_DOCPROPS_APP</CMPNAME>
     <LANGU>E</LANGU>
     <DESCRIPT>Create &apos;docProps/app.xml&apos;</DESCRIPT>
    </SEOCOMPOTX>
    <SEOCOMPOTX>
     <CLSNAME>ZCL_EXCEL_WRITER_2007</CLSNAME>
     <CMPNAME>CREATE_DOCPROPS_CORE</CMPNAME>
     <LANGU>1</LANGU>
     <DESCRIPT>Create &apos;docProps/core.xml&apos;</DESCRIPT>
    </SEOCOMPOTX>
    <SEOCOMPOTX>
     <CLSNAME>ZCL_EXCEL_WRITER_2007</CLSNAME>
     <CMPNAME>CREATE_DOCPROPS_CORE</CMPNAME>
     <LANGU>E</LANGU>
     <DESCRIPT>Create &apos;docProps/core.xml&apos;</DESCRIPT>
    </SEOCOMPOTX>
    <SEOCOMPOTX>
     <CLSNAME>ZCL_EXCEL_WRITER_2007</CLSNAME>
     <CMPNAME>CREATE_DXF_STYLE</CMPNAME>
     <LANGU>1</LANGU>
     <DESCRIPT>Add DXF-Style ( conditional formatting )</DESCRIPT>
    </SEOCOMPOTX>
    <SEOCOMPOTX>
     <CLSNAME>ZCL_EXCEL_WRITER_2007</CLSNAME>
     <CMPNAME>CREATE_DXF_STYLE</CMPNAME>
     <LANGU>E</LANGU>
     <DESCRIPT>Add DXF-Style ( conditional formatting )</DESCRIPT>
    </SEOCOMPOTX>
    <SEOCOMPOTX>
     <CLSNAME>ZCL_EXCEL_WRITER_2007</CLSNAME>
     <CMPNAME>CREATE_RELATIONSHIPS</CMPNAME>
     <LANGU>1</LANGU>
     <DESCRIPT>Create &apos;_rels/.rels&apos;</DESCRIPT>
    </SEOCOMPOTX>
    <SEOCOMPOTX>
     <CLSNAME>ZCL_EXCEL_WRITER_2007</CLSNAME>
     <CMPNAME>CREATE_RELATIONSHIPS</CMPNAME>
     <LANGU>E</LANGU>
     <DESCRIPT>Create &apos;_rels/.rels&apos;</DESCRIPT>
    </SEOCOMPOTX>
    <SEOCOMPOTX>
     <CLSNAME>ZCL_EXCEL_WRITER_2007</CLSNAME>
     <CMPNAME>CREATE_XL_CHARTS</CMPNAME>
     <LANGU>1</LANGU>
     <DESCRIPT>Create &apos;xl/charts/chart1.xml&apos;</DESCRIPT>
    </SEOCOMPOTX>
    <SEOCOMPOTX>
     <CLSNAME>ZCL_EXCEL_WRITER_2007</CLSNAME>
     <CMPNAME>CREATE_XL_CHARTS</CMPNAME>
     <LANGU>E</LANGU>
     <DESCRIPT>Create &apos;xl/charts/chart1.xml&apos;</DESCRIPT>
    </SEOCOMPOTX>
    <SEOCOMPOTX>
     <CLSNAME>ZCL_EXCEL_WRITER_2007</CLSNAME>
     <CMPNAME>CREATE_XL_DRAWINGS</CMPNAME>
     <LANGU>1</LANGU>
     <DESCRIPT>Create &apos;xl/drawings/drawing1.xml&apos;</DESCRIPT>
    </SEOCOMPOTX>
    <SEOCOMPOTX>
     <CLSNAME>ZCL_EXCEL_WRITER_2007</CLSNAME>
     <CMPNAME>CREATE_XL_DRAWINGS</CMPNAME>
     <LANGU>E</LANGU>
     <DESCRIPT>Create &apos;xl/drawings/drawing1.xml&apos;</DESCRIPT>
    </SEOCOMPOTX>
    <SEOCOMPOTX>
     <CLSNAME>ZCL_EXCEL_WRITER_2007</CLSNAME>
     <CMPNAME>CREATE_XL_DRAWINGS_RELS</CMPNAME>
     <LANGU>1</LANGU>
     <DESCRIPT>Create &apos;xl/drawings/_rels/drawing1.xml.rels&apos;</DESCRIPT>
    </SEOCOMPOTX>
    <SEOCOMPOTX>
     <CLSNAME>ZCL_EXCEL_WRITER_2007</CLSNAME>
     <CMPNAME>CREATE_XL_DRAWINGS_RELS</CMPNAME>
     <LANGU>E</LANGU>
     <DESCRIPT>Create &apos;xl/drawings/_rels/drawing1.xml.rels&apos;</DESCRIPT>
    </SEOCOMPOTX>
    <SEOCOMPOTX>
     <CLSNAME>ZCL_EXCEL_WRITER_2007</CLSNAME>
     <CMPNAME>CREATE_XL_DRAWING_ANCHOR</CMPNAME>
     <LANGU>1</LANGU>
     <DESCRIPT>Create &apos;xl/drawings/drawing1.xml&apos;</DESCRIPT>
    </SEOCOMPOTX>
    <SEOCOMPOTX>
     <CLSNAME>ZCL_EXCEL_WRITER_2007</CLSNAME>
     <CMPNAME>CREATE_XL_DRAWING_ANCHOR</CMPNAME>
     <LANGU>E</LANGU>
     <DESCRIPT>Create &apos;xl/drawings/drawing1.xml&apos;</DESCRIPT>
    </SEOCOMPOTX>
    <SEOCOMPOTX>
     <CLSNAME>ZCL_EXCEL_WRITER_2007</CLSNAME>
     <CMPNAME>CREATE_XL_RELATIONSHIPS</CMPNAME>
     <LANGU>1</LANGU>
     <DESCRIPT>Create &apos;xl/_rels/workbook.xml.rels&apos;</DESCRIPT>
    </SEOCOMPOTX>
    <SEOCOMPOTX>
     <CLSNAME>ZCL_EXCEL_WRITER_2007</CLSNAME>
     <CMPNAME>CREATE_XL_RELATIONSHIPS</CMPNAME>
     <LANGU>E</LANGU>
     <DESCRIPT>Create &apos;xl/_rels/workbook.xml.rels&apos;</DESCRIPT>
    </SEOCOMPOTX>
    <SEOCOMPOTX>
     <CLSNAME>ZCL_EXCEL_WRITER_2007</CLSNAME>
     <CMPNAME>CREATE_XL_SHAREDSTRINGS</CMPNAME>
     <LANGU>1</LANGU>
     <DESCRIPT>Create &apos;xl/sharedStrings.xml&apos;</DESCRIPT>
    </SEOCOMPOTX>
    <SEOCOMPOTX>
     <CLSNAME>ZCL_EXCEL_WRITER_2007</CLSNAME>
     <CMPNAME>CREATE_XL_SHAREDSTRINGS</CMPNAME>
     <LANGU>E</LANGU>
     <DESCRIPT>Create &apos;xl/sharedStrings.xml&apos;</DESCRIPT>
    </SEOCOMPOTX>
    <SEOCOMPOTX>
     <CLSNAME>ZCL_EXCEL_WRITER_2007</CLSNAME>
     <CMPNAME>CREATE_XL_SHEET</CMPNAME>
     <LANGU>1</LANGU>
     <DESCRIPT>Create &apos;xl/sheet.xml&apos;</DESCRIPT>
    </SEOCOMPOTX>
    <SEOCOMPOTX>
     <CLSNAME>ZCL_EXCEL_WRITER_2007</CLSNAME>
     <CMPNAME>CREATE_XL_SHEET</CMPNAME>
     <LANGU>E</LANGU>
     <DESCRIPT>Create &apos;xl/sheet.xml&apos;</DESCRIPT>
    </SEOCOMPOTX>
    <SEOCOMPOTX>
     <CLSNAME>ZCL_EXCEL_WRITER_2007</CLSNAME>
     <CMPNAME>CREATE_XL_SHEET_PAGEBREAKS</CMPNAME>
     <LANGU>1</LANGU>
     <DESCRIPT>Add pagebreaks if necessary</DESCRIPT>
    </SEOCOMPOTX>
    <SEOCOMPOTX>
     <CLSNAME>ZCL_EXCEL_WRITER_2007</CLSNAME>
     <CMPNAME>CREATE_XL_SHEET_PAGEBREAKS</CMPNAME>
     <LANGU>E</LANGU>
     <DESCRIPT>Add pagebreaks if necessary</DESCRIPT>
    </SEOCOMPOTX>
    <SEOCOMPOTX>
     <CLSNAME>ZCL_EXCEL_WRITER_2007</CLSNAME>
     <CMPNAME>CREATE_XL_SHEET_RELS</CMPNAME>
     <LANGU>1</LANGU>
     <DESCRIPT>Create &apos;xl/workbook/_rels/sheet.xml.rels&apos;</DESCRIPT>
    </SEOCOMPOTX>
    <SEOCOMPOTX>
     <CLSNAME>ZCL_EXCEL_WRITER_2007</CLSNAME>
     <CMPNAME>CREATE_XL_SHEET_RELS</CMPNAME>
     <LANGU>E</LANGU>
     <DESCRIPT>Create &apos;xl/workbook/_rels/sheet.xml.rels&apos;</DESCRIPT>
    </SEOCOMPOTX>
    <SEOCOMPOTX>
     <CLSNAME>ZCL_EXCEL_WRITER_2007</CLSNAME>
     <CMPNAME>CREATE_XL_SHEET_SHEET_DATA</CMPNAME>
     <LANGU>1</LANGU>
     <DESCRIPT>Create sheet-data node ( this is where the data is )</DESCRIPT>
    </SEOCOMPOTX>
    <SEOCOMPOTX>
     <CLSNAME>ZCL_EXCEL_WRITER_2007</CLSNAME>
     <CMPNAME>CREATE_XL_SHEET_SHEET_DATA</CMPNAME>
     <LANGU>E</LANGU>
     <DESCRIPT>Create sheet-data node ( this is where the data is )</DESCRIPT>
    </SEOCOMPOTX>
    <SEOCOMPOTX>
     <CLSNAME>ZCL_EXCEL_WRITER_2007</CLSNAME>
     <CMPNAME>CREATE_XL_STYLES</CMPNAME>
     <LANGU>1</LANGU>
     <DESCRIPT>Create &apos;xl/styles.xml&apos;</DESCRIPT>
    </SEOCOMPOTX>
    <SEOCOMPOTX>
     <CLSNAME>ZCL_EXCEL_WRITER_2007</CLSNAME>
     <CMPNAME>CREATE_XL_STYLES</CMPNAME>
     <LANGU>E</LANGU>
     <DESCRIPT>Create &apos;xl/styles.xml&apos;</DESCRIPT>
    </SEOCOMPOTX>
    <SEOCOMPOTX>
     <CLSNAME>ZCL_EXCEL_WRITER_2007</CLSNAME>
     <CMPNAME>CREATE_XL_STYLES_COLOR_NODE</CMPNAME>
     <LANGU>1</LANGU>
     <DESCRIPT>Create &apos;xl/styles.xml&apos; color node</DESCRIPT>
    </SEOCOMPOTX>
    <SEOCOMPOTX>
     <CLSNAME>ZCL_EXCEL_WRITER_2007</CLSNAME>
     <CMPNAME>CREATE_XL_STYLES_COLOR_NODE</CMPNAME>
     <LANGU>E</LANGU>
     <DESCRIPT>Create &apos;xl/styles.xml&apos; color node</DESCRIPT>
    </SEOCOMPOTX>
    <SEOCOMPOTX>
     <CLSNAME>ZCL_EXCEL_WRITER_2007</CLSNAME>
     <CMPNAME>CREATE_XL_TABLE</CMPNAME>
     <LANGU>1</LANGU>
     <DESCRIPT>Create &apos;xl/tables/____.xml&apos;</DESCRIPT>
    </SEOCOMPOTX>
    <SEOCOMPOTX>
     <CLSNAME>ZCL_EXCEL_WRITER_2007</CLSNAME>
     <CMPNAME>CREATE_XL_TABLE</CMPNAME>
     <LANGU>E</LANGU>
     <DESCRIPT>Create &apos;xl/tables/____.xml&apos;</DESCRIPT>
    </SEOCOMPOTX>
    <SEOCOMPOTX>
     <CLSNAME>ZCL_EXCEL_WRITER_2007</CLSNAME>
     <CMPNAME>CREATE_XL_THEME</CMPNAME>
     <LANGU>1</LANGU>
     <DESCRIPT>Create &apos;xl/theme/theme1.xml&apos;</DESCRIPT>
    </SEOCOMPOTX>
    <SEOCOMPOTX>
     <CLSNAME>ZCL_EXCEL_WRITER_2007</CLSNAME>
     <CMPNAME>CREATE_XL_THEME</CMPNAME>
     <LANGU>E</LANGU>
     <DESCRIPT>Create &apos;xl/theme/theme1.xml&apos;</DESCRIPT>
    </SEOCOMPOTX>
    <SEOCOMPOTX>
     <CLSNAME>ZCL_EXCEL_WRITER_2007</CLSNAME>
     <CMPNAME>CREATE_XL_WORKBOOK</CMPNAME>
     <LANGU>1</LANGU>
     <DESCRIPT>Create &apos;xl/workbook.xml&apos;</DESCRIPT>
    </SEOCOMPOTX>
    <SEOCOMPOTX>
     <CLSNAME>ZCL_EXCEL_WRITER_2007</CLSNAME>
     <CMPNAME>CREATE_XL_WORKBOOK</CMPNAME>
     <LANGU>E</LANGU>
     <DESCRIPT>Create &apos;xl/workbook.xml&apos;</DESCRIPT>
    </SEOCOMPOTX>
    <SEOCOMPOTX>
     <CLSNAME>ZCL_EXCEL_WRITER_2007</CLSNAME>
     <CMPNAME>C_CONTENT_TYPES</CMPNAME>
     <LANGU>1</LANGU>
     <DESCRIPT>Content Type XML File Name</DESCRIPT>
    </SEOCOMPOTX>
    <SEOCOMPOTX>
     <CLSNAME>ZCL_EXCEL_WRITER_2007</CLSNAME>
     <CMPNAME>C_CONTENT_TYPES</CMPNAME>
     <LANGU>E</LANGU>
     <DESCRIPT>Content Type XML File Name</DESCRIPT>
    </SEOCOMPOTX>
    <SEOCOMPOTX>
     <CLSNAME>ZCL_EXCEL_WRITER_2007</CLSNAME>
     <CMPNAME>C_DOCPROPS_APP</CMPNAME>
     <LANGU>1</LANGU>
     <DESCRIPT>App XML File Name</DESCRIPT>
    </SEOCOMPOTX>
    <SEOCOMPOTX>
     <CLSNAME>ZCL_EXCEL_WRITER_2007</CLSNAME>
     <CMPNAME>C_DOCPROPS_APP</CMPNAME>
     <LANGU>E</LANGU>
     <DESCRIPT>App XML File Name</DESCRIPT>
    </SEOCOMPOTX>
    <SEOCOMPOTX>
     <CLSNAME>ZCL_EXCEL_WRITER_2007</CLSNAME>
     <CMPNAME>C_DOCPROPS_CORE</CMPNAME>
     <LANGU>1</LANGU>
     <DESCRIPT>Core XML File Name</DESCRIPT>
    </SEOCOMPOTX>
    <SEOCOMPOTX>
     <CLSNAME>ZCL_EXCEL_WRITER_2007</CLSNAME>
     <CMPNAME>C_DOCPROPS_CORE</CMPNAME>
     <LANGU>E</LANGU>
     <DESCRIPT>Core XML File Name</DESCRIPT>
    </SEOCOMPOTX>
    <SEOCOMPOTX>
     <CLSNAME>ZCL_EXCEL_WRITER_2007</CLSNAME>
     <CMPNAME>C_OFF</CMPNAME>
     <LANGU>1</LANGU>
     <DESCRIPT>Byte Value</DESCRIPT>
    </SEOCOMPOTX>
    <SEOCOMPOTX>
     <CLSNAME>ZCL_EXCEL_WRITER_2007</CLSNAME>
     <CMPNAME>C_OFF</CMPNAME>
     <LANGU>E</LANGU>
     <DESCRIPT>Byte Value</DESCRIPT>
    </SEOCOMPOTX>
    <SEOCOMPOTX>
     <CLSNAME>ZCL_EXCEL_WRITER_2007</CLSNAME>
     <CMPNAME>C_ON</CMPNAME>
     <LANGU>1</LANGU>
     <DESCRIPT>Byte Value</DESCRIPT>
    </SEOCOMPOTX>
    <SEOCOMPOTX>
     <CLSNAME>ZCL_EXCEL_WRITER_2007</CLSNAME>
     <CMPNAME>C_ON</CMPNAME>
     <LANGU>E</LANGU>
     <DESCRIPT>Byte Value</DESCRIPT>
    </SEOCOMPOTX>
    <SEOCOMPOTX>
     <CLSNAME>ZCL_EXCEL_WRITER_2007</CLSNAME>
     <CMPNAME>C_RELATIONSHIPS</CMPNAME>
     <LANGU>1</LANGU>
     <DESCRIPT>Rels XML File Name</DESCRIPT>
    </SEOCOMPOTX>
    <SEOCOMPOTX>
     <CLSNAME>ZCL_EXCEL_WRITER_2007</CLSNAME>
     <CMPNAME>C_RELATIONSHIPS</CMPNAME>
     <LANGU>E</LANGU>
     <DESCRIPT>Rels XML File Name</DESCRIPT>
    </SEOCOMPOTX>
    <SEOCOMPOTX>
     <CLSNAME>ZCL_EXCEL_WRITER_2007</CLSNAME>
     <CMPNAME>C_XL_CALCCHAIN</CMPNAME>
     <LANGU>1</LANGU>
     <DESCRIPT>xlcalcChain XML File Name</DESCRIPT>
    </SEOCOMPOTX>
    <SEOCOMPOTX>
     <CLSNAME>ZCL_EXCEL_WRITER_2007</CLSNAME>
     <CMPNAME>C_XL_CALCCHAIN</CMPNAME>
     <LANGU>E</LANGU>
     <DESCRIPT>xlcalcChain XML File Name</DESCRIPT>
    </SEOCOMPOTX>
    <SEOCOMPOTX>
     <CLSNAME>ZCL_EXCEL_WRITER_2007</CLSNAME>
     <CMPNAME>C_XL_DRAWINGS</CMPNAME>
     <LANGU>1</LANGU>
     <DESCRIPT>xlDrawings XML File Name</DESCRIPT>
    </SEOCOMPOTX>
    <SEOCOMPOTX>
     <CLSNAME>ZCL_EXCEL_WRITER_2007</CLSNAME>
     <CMPNAME>C_XL_DRAWINGS</CMPNAME>
     <LANGU>E</LANGU>
     <DESCRIPT>xlDrawings XML File Name</DESCRIPT>
    </SEOCOMPOTX>
    <SEOCOMPOTX>
     <CLSNAME>ZCL_EXCEL_WRITER_2007</CLSNAME>
     <CMPNAME>C_XL_DRAWINGS_RELS</CMPNAME>
     <LANGU>1</LANGU>
     <DESCRIPT>xlDrawings XML File Name</DESCRIPT>
    </SEOCOMPOTX>
    <SEOCOMPOTX>
     <CLSNAME>ZCL_EXCEL_WRITER_2007</CLSNAME>
     <CMPNAME>C_XL_DRAWINGS_RELS</CMPNAME>
     <LANGU>E</LANGU>
     <DESCRIPT>xlDrawings XML File Name</DESCRIPT>
    </SEOCOMPOTX>
    <SEOCOMPOTX>
     <CLSNAME>ZCL_EXCEL_WRITER_2007</CLSNAME>
     <CMPNAME>C_XL_PRINTERSETTINGS</CMPNAME>
     <LANGU>1</LANGU>
     <DESCRIPT>xlDrawings XML File Name</DESCRIPT>
    </SEOCOMPOTX>
    <SEOCOMPOTX>
     <CLSNAME>ZCL_EXCEL_WRITER_2007</CLSNAME>
     <CMPNAME>C_XL_PRINTERSETTINGS</CMPNAME>
     <LANGU>E</LANGU>
     <DESCRIPT>xlDrawings XML File Name</DESCRIPT>
    </SEOCOMPOTX>
    <SEOCOMPOTX>
     <CLSNAME>ZCL_EXCEL_WRITER_2007</CLSNAME>
     <CMPNAME>C_XL_RELATIONSHIPS</CMPNAME>
     <LANGU>1</LANGU>
     <DESCRIPT>xlRels XML File Name</DESCRIPT>
    </SEOCOMPOTX>
    <SEOCOMPOTX>
     <CLSNAME>ZCL_EXCEL_WRITER_2007</CLSNAME>
     <CMPNAME>C_XL_RELATIONSHIPS</CMPNAME>
     <LANGU>E</LANGU>
     <DESCRIPT>xlRels XML File Name</DESCRIPT>
    </SEOCOMPOTX>
    <SEOCOMPOTX>
     <CLSNAME>ZCL_EXCEL_WRITER_2007</CLSNAME>
     <CMPNAME>C_XL_SHAREDSTRINGS</CMPNAME>
     <LANGU>1</LANGU>
     <DESCRIPT>xlSharedStrings XML File Name</DESCRIPT>
    </SEOCOMPOTX>
    <SEOCOMPOTX>
     <CLSNAME>ZCL_EXCEL_WRITER_2007</CLSNAME>
     <CMPNAME>C_XL_SHAREDSTRINGS</CMPNAME>
     <LANGU>E</LANGU>
     <DESCRIPT>xlSharedStrings XML File Name</DESCRIPT>
    </SEOCOMPOTX>
    <SEOCOMPOTX>
     <CLSNAME>ZCL_EXCEL_WRITER_2007</CLSNAME>
     <CMPNAME>C_XL_SHEET</CMPNAME>
     <LANGU>1</LANGU>
     <DESCRIPT>xlSheet XML File Name Template</DESCRIPT>
    </SEOCOMPOTX>
    <SEOCOMPOTX>
     <CLSNAME>ZCL_EXCEL_WRITER_2007</CLSNAME>
     <CMPNAME>C_XL_SHEET</CMPNAME>
     <LANGU>E</LANGU>
     <DESCRIPT>xlSheet XML File Name Template</DESCRIPT>
    </SEOCOMPOTX>
    <SEOCOMPOTX>
     <CLSNAME>ZCL_EXCEL_WRITER_2007</CLSNAME>
     <CMPNAME>C_XL_SHEET_RELS</CMPNAME>
     <LANGU>1</LANGU>
     <DESCRIPT>xlSheetRels XML File Name Template</DESCRIPT>
    </SEOCOMPOTX>
    <SEOCOMPOTX>
     <CLSNAME>ZCL_EXCEL_WRITER_2007</CLSNAME>
     <CMPNAME>C_XL_SHEET_RELS</CMPNAME>
     <LANGU>E</LANGU>
     <DESCRIPT>xlSheetRels XML File Name Template</DESCRIPT>
    </SEOCOMPOTX>
    <SEOCOMPOTX>
     <CLSNAME>ZCL_EXCEL_WRITER_2007</CLSNAME>
     <CMPNAME>C_XL_STYLES</CMPNAME>
     <LANGU>1</LANGU>
     <DESCRIPT>xlStyles XML File Name</DESCRIPT>
    </SEOCOMPOTX>
    <SEOCOMPOTX>
     <CLSNAME>ZCL_EXCEL_WRITER_2007</CLSNAME>
     <CMPNAME>C_XL_STYLES</CMPNAME>
     <LANGU>E</LANGU>
     <DESCRIPT>xlStyles XML File Name</DESCRIPT>
    </SEOCOMPOTX>
    <SEOCOMPOTX>
     <CLSNAME>ZCL_EXCEL_WRITER_2007</CLSNAME>
     <CMPNAME>C_XL_THEME</CMPNAME>
     <LANGU>1</LANGU>
     <DESCRIPT>xlTheme XML File Name</DESCRIPT>
    </SEOCOMPOTX>
    <SEOCOMPOTX>
     <CLSNAME>ZCL_EXCEL_WRITER_2007</CLSNAME>
     <CMPNAME>C_XL_THEME</CMPNAME>
     <LANGU>E</LANGU>
     <DESCRIPT>xlTheme XML File Name</DESCRIPT>
    </SEOCOMPOTX>
    <SEOCOMPOTX>
     <CLSNAME>ZCL_EXCEL_WRITER_2007</CLSNAME>
     <CMPNAME>C_XL_WORKBOOK</CMPNAME>
     <LANGU>1</LANGU>
     <DESCRIPT>xlWorkbook XML File Name</DESCRIPT>
    </SEOCOMPOTX>
    <SEOCOMPOTX>
     <CLSNAME>ZCL_EXCEL_WRITER_2007</CLSNAME>
     <CMPNAME>C_XL_WORKBOOK</CMPNAME>
     <LANGU>E</LANGU>
     <DESCRIPT>xlWorkbook XML File Name</DESCRIPT>
    </SEOCOMPOTX>
    <SEOCOMPOTX>
     <CLSNAME>ZCL_EXCEL_WRITER_2007</CLSNAME>
     <CMPNAME>EXCEL</CMPNAME>
     <LANGU>1</LANGU>
     <DESCRIPT>Excel creator</DESCRIPT>
    </SEOCOMPOTX>
    <SEOCOMPOTX>
     <CLSNAME>ZCL_EXCEL_WRITER_2007</CLSNAME>
     <CMPNAME>EXCEL</CMPNAME>
     <LANGU>E</LANGU>
     <DESCRIPT>Excel creator</DESCRIPT>
    </SEOCOMPOTX>
    <SEOCOMPOTX>
     <CLSNAME>ZCL_EXCEL_WRITER_2007</CLSNAME>
     <CMPNAME>FLAG2BOOL</CMPNAME>
     <LANGU>1</LANGU>
     <DESCRIPT>Convert a FLAG to BOOLEAN value</DESCRIPT>
    </SEOCOMPOTX>
    <SEOCOMPOTX>
     <CLSNAME>ZCL_EXCEL_WRITER_2007</CLSNAME>
     <CMPNAME>FLAG2BOOL</CMPNAME>
     <LANGU>E</LANGU>
     <DESCRIPT>Convert a FLAG to BOOLEAN value</DESCRIPT>
    </SEOCOMPOTX>
    <SEOCOMPOTX>
     <CLSNAME>ZCL_EXCEL_WRITER_2007</CLSNAME>
     <CMPNAME>GET_SHARED_STRING_INDEX</CMPNAME>
     <LANGU>1</LANGU>
     <DESCRIPT>Get shared string index</DESCRIPT>
    </SEOCOMPOTX>
    <SEOCOMPOTX>
     <CLSNAME>ZCL_EXCEL_WRITER_2007</CLSNAME>
     <CMPNAME>GET_SHARED_STRING_INDEX</CMPNAME>
     <LANGU>E</LANGU>
     <DESCRIPT>Get shared string index</DESCRIPT>
    </SEOCOMPOTX>
    <SEOCOMPOTX>
     <CLSNAME>ZCL_EXCEL_WRITER_2007</CLSNAME>
     <CMPNAME>MV_SHEET_DATA_XSTRING</CMPNAME>
     <LANGU>1</LANGU>
     <DESCRIPT>SheetData as xstring</DESCRIPT>
    </SEOCOMPOTX>
    <SEOCOMPOTX>
     <CLSNAME>ZCL_EXCEL_WRITER_2007</CLSNAME>
     <CMPNAME>MV_SHEET_DATA_XSTRING</CMPNAME>
     <LANGU>E</LANGU>
     <DESCRIPT>SheetData as xstring</DESCRIPT>
    </SEOCOMPOTX>
    <SEOCOMPOTX>
     <CLSNAME>ZCL_EXCEL_WRITER_2007</CLSNAME>
     <CMPNAME>MV_SHEET_DATA_XSTRING_DUMMY</CMPNAME>
     <LANGU>1</LANGU>
     <DESCRIPT>Empty Sheet data - to be replaced later</DESCRIPT>
    </SEOCOMPOTX>
    <SEOCOMPOTX>
     <CLSNAME>ZCL_EXCEL_WRITER_2007</CLSNAME>
     <CMPNAME>MV_SHEET_DATA_XSTRING_DUMMY</CMPNAME>
     <LANGU>E</LANGU>
     <DESCRIPT>Empty Sheet data - to be replaced later</DESCRIPT>
    </SEOCOMPOTX>
    <SEOCOMPOTX>
     <CLSNAME>ZCL_EXCEL_WRITER_2007</CLSNAME>
     <CMPNAME>RENDER_IXML_ELEMENT_NO_HEADER</CMPNAME>
     <LANGU>1</LANGU>
     <DESCRIPT>Render ixml element - no header</DESCRIPT>
    </SEOCOMPOTX>
    <SEOCOMPOTX>
     <CLSNAME>ZCL_EXCEL_WRITER_2007</CLSNAME>
     <CMPNAME>RENDER_IXML_ELEMENT_NO_HEADER</CMPNAME>
     <LANGU>E</LANGU>
     <DESCRIPT>Render ixml element - no header</DESCRIPT>
    </SEOCOMPOTX>
    <SEOCOMPOTX>
     <CLSNAME>ZCL_EXCEL_WRITER_2007</CLSNAME>
     <CMPNAME>SHARED_STRINGS</CMPNAME>
     <LANGU>1</LANGU>
     <DESCRIPT>Shared Strings</DESCRIPT>
    </SEOCOMPOTX>
    <SEOCOMPOTX>
     <CLSNAME>ZCL_EXCEL_WRITER_2007</CLSNAME>
     <CMPNAME>SHARED_STRINGS</CMPNAME>
     <LANGU>E</LANGU>
     <DESCRIPT>Shared Strings</DESCRIPT>
    </SEOCOMPOTX>
    <SEOCOMPOTX>
     <CLSNAME>ZCL_EXCEL_WRITER_2007</CLSNAME>
     <CMPNAME>STYLES_COND_MAPPING</CMPNAME>
     <LANGU>1</LANGU>
     <DESCRIPT>Styles mapping</DESCRIPT>
    </SEOCOMPOTX>
    <SEOCOMPOTX>
     <CLSNAME>ZCL_EXCEL_WRITER_2007</CLSNAME>
     <CMPNAME>STYLES_COND_MAPPING</CMPNAME>
     <LANGU>E</LANGU>
     <DESCRIPT>Styles mapping</DESCRIPT>
    </SEOCOMPOTX>
    <SEOCOMPOTX>
     <CLSNAME>ZCL_EXCEL_WRITER_2007</CLSNAME>
     <CMPNAME>STYLES_MAPPING</CMPNAME>
     <LANGU>1</LANGU>
     <DESCRIPT>Styles mapping</DESCRIPT>
    </SEOCOMPOTX>
    <SEOCOMPOTX>
     <CLSNAME>ZCL_EXCEL_WRITER_2007</CLSNAME>
     <CMPNAME>STYLES_MAPPING</CMPNAME>
     <LANGU>E</LANGU>
     <DESCRIPT>Styles mapping</DESCRIPT>
    </SEOCOMPOTX>
   </DESCRIPTIONS>
  </asx:values>
 </asx:abap>
</abapGit>
