﻿<?xml version="1.0" encoding="utf-8"?>
<abapGit version="v1.0.0" serializer="LCL_OBJECT_PROG" serializer_version="v1.0.0">
 <asx:abap xmlns:asx="http://www.sap.com/abapxml" version="1.0">
  <asx:values>
   <PROGDIR>
    <NAME>ZDEMO_EXCEL32</NAME>
    <STATE>A</STATE>
    <VARCL>X</VARCL>
    <SUBC>1</SUBC>
    <RLOAD>E</RLOAD>
    <FIXPT>X</FIXPT>
    <UCCHECK>X</UCCHECK>
   </PROGDIR>
   <CUA>
    <ADM>
     <ACTCODE>X</ACTCODE>
    </ADM>
    <STA>
     <RSMPE_STAT>
      <CODE>ALV_STATUS</CODE>
      <MODAL>D</MODAL>
      <ACTCODE>000001</ACTCODE>
      <PFKCODE>000001</PFKCODE>
      <BUTCODE>0001</BUTCODE>
      <INT_NOTE>Standard for General List Output</INT_NOTE>
     </RSMPE_STAT>
    </STA>
    <FUN>
     <RSMPE_FUNT>
      <CODE>%ML</CODE>
      <TEXTNO>001</TEXTNO>
      <TEXT_TYPE>S</TEXT_TYPE>
      <FUN_TEXT>Folder</FUN_TEXT>
      <PATH>F</PATH>
     </RSMPE_FUNT>
     <RSMPE_FUNT>
      <CODE>%PC</CODE>
      <TEXTNO>001</TEXTNO>
      <TEXT_TYPE>S</TEXT_TYPE>
      <TEXT_NAME>ICON_EXPORT</TEXT_NAME>
      <ICON_ID>@49@</ICON_ID>
      <FUN_TEXT>Local file...</FUN_TEXT>
      <PATH>L</PATH>
     </RSMPE_FUNT>
     <RSMPE_FUNT>
      <CODE>%SC</CODE>
      <TEXTNO>001</TEXTNO>
      <TEXT_TYPE>S</TEXT_TYPE>
      <TEXT_NAME>ICON_SEARCH</TEXT_NAME>
      <ICON_ID>@13@</ICON_ID>
      <FUN_TEXT>Find</FUN_TEXT>
      <PATH>N</PATH>
     </RSMPE_FUNT>
     <RSMPE_FUNT>
      <CODE>%SC+</CODE>
      <TEXTNO>001</TEXTNO>
      <TEXT_TYPE>S</TEXT_TYPE>
      <TEXT_NAME>ICON_SEARCH_NEXT</TEXT_NAME>
      <ICON_ID>@4E@</ICON_ID>
      <FUN_TEXT>Find next</FUN_TEXT>
     </RSMPE_FUNT>
     <RSMPE_FUNT>
      <CODE>%SL</CODE>
      <TEXTNO>001</TEXTNO>
      <TEXT_TYPE>S</TEXT_TYPE>
      <TEXT_NAME>ICON_MAIL</TEXT_NAME>
      <ICON_ID>@1S@</ICON_ID>
      <FUN_TEXT>Mail recipient</FUN_TEXT>
      <PATH>M</PATH>
     </RSMPE_FUNT>
     <RSMPE_FUNT>
      <CODE>&amp;ABC</CODE>
      <TEXTNO>001</TEXTNO>
      <TEXT_TYPE>S</TEXT_TYPE>
      <TEXT_NAME>ICON_ABC</TEXT_NAME>
      <ICON_ID>@DL@</ICON_ID>
      <FUN_TEXT>ABC Analysis</FUN_TEXT>
      <PATH>A</PATH>
     </RSMPE_FUNT>
     <RSMPE_FUNT>
      <CODE>&amp;ALL</CODE>
      <TEXTNO>001</TEXTNO>
      <TEXT_TYPE>S</TEXT_TYPE>
      <TEXT_NAME>ICON_SELECT_ALL</TEXT_NAME>
      <ICON_ID>@4B@</ICON_ID>
      <FUN_TEXT>Select all</FUN_TEXT>
      <PATH>S</PATH>
     </RSMPE_FUNT>
     <RSMPE_FUNT>
      <CODE>&amp;AQW</CODE>
      <TEXTNO>001</TEXTNO>
      <TEXT_TYPE>S</TEXT_TYPE>
      <TEXT_NAME>ICON_WORD_PROCESSING</TEXT_NAME>
      <ICON_ID>@DK@</ICON_ID>
      <FUN_TEXT>Word processing...</FUN_TEXT>
      <PATH>W</PATH>
     </RSMPE_FUNT>
     <RSMPE_FUNT>
      <CODE>&amp;AUF</CODE>
      <TEXTNO>001</TEXTNO>
      <TEXT_TYPE>S</TEXT_TYPE>
      <FUN_TEXT>Define Breakdown...</FUN_TEXT>
      <PATH>D</PATH>
     </RSMPE_FUNT>
     <RSMPE_FUNT>
      <CODE>&amp;AVE</CODE>
      <TEXTNO>001</TEXTNO>
      <TEXT_TYPE>S</TEXT_TYPE>
      <FUN_TEXT>Saving...</FUN_TEXT>
      <PATH>S</PATH>
     </RSMPE_FUNT>
     <RSMPE_FUNT>
      <CODE>&amp;AVE</CODE>
      <TEXTNO>002</TEXTNO>
      <TEXT_TYPE>S</TEXT_TYPE>
      <TEXT_NAME>ICON_ALV_VARIANT_SAVE</TEXT_NAME>
      <ICON_ID>@DN@</ICON_ID>
      <FUN_TEXT>Save layout...</FUN_TEXT>
     </RSMPE_FUNT>
     <RSMPE_FUNT>
      <CODE>&amp;AVR</CODE>
      <TEXTNO>001</TEXTNO>
      <TEXT_TYPE>S</TEXT_TYPE>
      <FUN_TEXT>Mean value</FUN_TEXT>
      <PATH>M</PATH>
     </RSMPE_FUNT>
     <RSMPE_FUNT>
      <CODE>&amp;CDF</CODE>
      <TEXTNO>001</TEXTNO>
      <TEXT_TYPE>S</TEXT_TYPE>
      <FUN_TEXT>Unfreeze</FUN_TEXT>
      <PATH>U</PATH>
     </RSMPE_FUNT>
     <RSMPE_FUNT>
      <CODE>&amp;CFI</CODE>
      <TEXTNO>001</TEXTNO>
      <TEXT_TYPE>S</TEXT_TYPE>
      <FUN_TEXT>Freeze to column</FUN_TEXT>
      <PATH>F</PATH>
     </RSMPE_FUNT>
     <RSMPE_FUNT>
      <CODE>&amp;COUNT</CODE>
      <TEXTNO>001</TEXTNO>
      <TEXT_TYPE>S</TEXT_TYPE>
      <FUN_TEXT>Count</FUN_TEXT>
      <PATH>C</PATH>
     </RSMPE_FUNT>
     <RSMPE_FUNT>
      <CODE>&amp;CRB</CODE>
      <TEXTNO>001</TEXTNO>
      <TEXT_TYPE>S</TEXT_TYPE>
      <TEXT_NAME>ICON_TOTAL_LEFT</TEXT_NAME>
      <ICON_ID>@0B@</ICON_ID>
      <FUN_TEXT>First Column</FUN_TEXT>
     </RSMPE_FUNT>
     <RSMPE_FUNT>
      <CODE>&amp;CRE</CODE>
      <TEXTNO>001</TEXTNO>
      <TEXT_TYPE>S</TEXT_TYPE>
      <TEXT_NAME>ICON_TOTAL_RIGHT</TEXT_NAME>
      <ICON_ID>@0C@</ICON_ID>
      <FUN_TEXT>Last column</FUN_TEXT>
     </RSMPE_FUNT>
     <RSMPE_FUNT>
      <CODE>&amp;CRL</CODE>
      <TEXTNO>001</TEXTNO>
      <TEXT_TYPE>S</TEXT_TYPE>
      <TEXT_NAME>ICON_COLUMN_LEFT</TEXT_NAME>
      <ICON_ID>@0D@</ICON_ID>
      <FUN_TEXT>Column left</FUN_TEXT>
     </RSMPE_FUNT>
     <RSMPE_FUNT>
      <CODE>&amp;CRR</CODE>
      <TEXTNO>001</TEXTNO>
      <TEXT_TYPE>S</TEXT_TYPE>
      <TEXT_NAME>ICON_COLUMN_RIGHT</TEXT_NAME>
      <ICON_ID>@0E@</ICON_ID>
      <FUN_TEXT>Column right</FUN_TEXT>
     </RSMPE_FUNT>
     <RSMPE_FUNT>
      <CODE>&amp;DAU</CODE>
      <TEXTNO>001</TEXTNO>
      <TEXT_TYPE>S</TEXT_TYPE>
      <FUN_TEXT>Automatic Separator</FUN_TEXT>
      <PATH>T</PATH>
     </RSMPE_FUNT>
     <RSMPE_FUNT>
      <CODE>&amp;DOF</CODE>
      <TEXTNO>001</TEXTNO>
      <TEXT_TYPE>S</TEXT_TYPE>
      <FUN_TEXT>Separator Always Off</FUN_TEXT>
      <PATH>E</PATH>
     </RSMPE_FUNT>
     <RSMPE_FUNT>
      <CODE>&amp;DON</CODE>
      <TEXTNO>001</TEXTNO>
      <TEXT_TYPE>S</TEXT_TYPE>
      <FUN_TEXT>Separator Always On</FUN_TEXT>
      <PATH>R</PATH>
     </RSMPE_FUNT>
     <RSMPE_FUNT>
      <CODE>&amp;EB9</CODE>
      <TEXTNO>001</TEXTNO>
      <TEXT_TYPE>S</TEXT_TYPE>
      <TEXT_NAME>ICON_TABLE_SETTINGS</TEXT_NAME>
      <ICON_ID>@36@</ICON_ID>
      <FUN_TEXT>Call Up Report</FUN_TEXT>
      <PATH>C</PATH>
     </RSMPE_FUNT>
     <RSMPE_FUNT>
      <CODE>&amp;ELP</CODE>
      <TEXTNO>001</TEXTNO>
      <TEXT_TYPE>S</TEXT_TYPE>
      <TEXT_NAME>ICON_SYSTEM_HELP</TEXT_NAME>
      <ICON_ID>@35@</ICON_ID>
      <FUN_TEXT>Help</FUN_TEXT>
     </RSMPE_FUNT>
     <RSMPE_FUNT>
      <CODE>&amp;ERW</CODE>
      <TEXTNO>001</TEXTNO>
      <TEXT_TYPE>S</TEXT_TYPE>
      <FUN_TEXT>Layout Management</FUN_TEXT>
      <PATH>L</PATH>
     </RSMPE_FUNT>
     <RSMPE_FUNT>
      <CODE>&amp;ETA</CODE>
      <TEXTNO>001</TEXTNO>
      <TEXT_TYPE>S</TEXT_TYPE>
      <TEXT_NAME>ICON_SELECT_DETAIL</TEXT_NAME>
      <ICON_ID>@16@</ICON_ID>
      <FUN_TEXT>Details</FUN_TEXT>
     </RSMPE_FUNT>
     <RSMPE_FUNT>
      <CODE>&amp;F03</CODE>
      <TEXTNO>001</TEXTNO>
      <TEXT_TYPE>S</TEXT_TYPE>
      <FUN_TEXT>Back</FUN_TEXT>
      <PATH>B</PATH>
     </RSMPE_FUNT>
     <RSMPE_FUNT>
      <CODE>&amp;F12</CODE>
      <TEXTNO>001</TEXTNO>
      <TEXT_TYPE>S</TEXT_TYPE>
      <TEXT_NAME>ICON_CANCEL</TEXT_NAME>
      <ICON_ID>@0W@</ICON_ID>
      <FUN_TEXT>Cancel</FUN_TEXT>
      <PATH>A</PATH>
     </RSMPE_FUNT>
     <RSMPE_FUNT>
      <CODE>&amp;F15</CODE>
      <TEXTNO>001</TEXTNO>
      <TEXT_TYPE>S</TEXT_TYPE>
      <FUN_TEXT>Exit</FUN_TEXT>
      <PATH>X</PATH>
     </RSMPE_FUNT>
     <RSMPE_FUNT>
      <CODE>&amp;IC1</CODE>
      <TEXTNO>001</TEXTNO>
      <TEXT_TYPE>S</TEXT_TYPE>
      <TEXT_NAME>ICON_SELECT_DETAIL</TEXT_NAME>
      <ICON_ID>@16@</ICON_ID>
      <FUN_TEXT>Choose</FUN_TEXT>
     </RSMPE_FUNT>
     <RSMPE_FUNT>
      <CODE>&amp;ILD</CODE>
      <TEXTNO>001</TEXTNO>
      <TEXT_TYPE>S</TEXT_TYPE>
      <TEXT_NAME>ICON_FILTER_UNDO</TEXT_NAME>
      <ICON_ID>@GD@</ICON_ID>
      <FUN_TEXT>Delete Filter</FUN_TEXT>
      <PATH>L</PATH>
     </RSMPE_FUNT>
     <RSMPE_FUNT>
      <CODE>&amp;ILT</CODE>
      <TEXTNO>001</TEXTNO>
      <TEXT_TYPE>S</TEXT_TYPE>
      <TEXT_NAME>ICON_FILTER</TEXT_NAME>
      <ICON_ID>@4G@</ICON_ID>
      <FUN_TEXT>Set filter</FUN_TEXT>
      <PATH>F</PATH>
     </RSMPE_FUNT>
     <RSMPE_FUNT>
      <CODE>&amp;KOM</CODE>
      <TEXTNO>001</TEXTNO>
      <TEXT_TYPE>S</TEXT_TYPE>
      <TEXT_NAME>ICON_COLLAPSE</TEXT_NAME>
      <ICON_ID>@3T@</ICON_ID>
      <FUN_TEXT>Choose...</FUN_TEXT>
      <PATH>C</PATH>
     </RSMPE_FUNT>
     <RSMPE_FUNT>
      <CODE>&amp;LFO</CODE>
      <TEXTNO>001</TEXTNO>
      <TEXT_TYPE>S</TEXT_TYPE>
      <FUN_TEXT>List status...</FUN_TEXT>
      <PATH>L</PATH>
     </RSMPE_FUNT>
     <RSMPE_FUNT>
      <CODE>&amp;LFO</CODE>
      <TEXTNO>002</TEXTNO>
      <TEXT_TYPE>S</TEXT_TYPE>
      <TEXT_NAME>ICON_INFORMATION</TEXT_NAME>
      <ICON_ID>@0S@</ICON_ID>
      <FUN_TEXT>List status...</FUN_TEXT>
     </RSMPE_FUNT>
     <RSMPE_FUNT>
      <CODE>&amp;LIS</CODE>
      <TEXTNO>001</TEXTNO>
      <TEXT_TYPE>S</TEXT_TYPE>
      <FUN_TEXT>Basic List</FUN_TEXT>
      <PATH>B</PATH>
     </RSMPE_FUNT>
     <RSMPE_FUNT>
      <CODE>&amp;MAX</CODE>
      <TEXTNO>001</TEXTNO>
      <TEXT_TYPE>S</TEXT_TYPE>
      <FUN_TEXT>Maximum</FUN_TEXT>
      <PATH>A</PATH>
     </RSMPE_FUNT>
     <RSMPE_FUNT>
      <CODE>&amp;MIN</CODE>
      <TEXTNO>001</TEXTNO>
      <TEXT_TYPE>S</TEXT_TYPE>
      <FUN_TEXT>Minimum</FUN_TEXT>
      <PATH>I</PATH>
     </RSMPE_FUNT>
     <RSMPE_FUNT>
      <CODE>&amp;NFO</CODE>
      <TEXTNO>001</TEXTNO>
      <TEXT_TYPE>S</TEXT_TYPE>
      <TEXT_NAME>ICON_INFORMATION</TEXT_NAME>
      <ICON_ID>@0S@</ICON_ID>
      <FUN_TEXT>Selections...</FUN_TEXT>
      <ICON_TEXT>Selections</ICON_TEXT>
      <PATH>E</PATH>
     </RSMPE_FUNT>
     <RSMPE_FUNT>
      <CODE>&amp;NTE</CODE>
      <TEXTNO>001</TEXTNO>
      <TEXT_TYPE>S</TEXT_TYPE>
      <FUN_TEXT>Refresh</FUN_TEXT>
     </RSMPE_FUNT>
     <RSMPE_FUNT>
      <CODE>&amp;OAD</CODE>
      <TEXTNO>001</TEXTNO>
      <TEXT_TYPE>S</TEXT_TYPE>
      <FUN_TEXT>Choose...</FUN_TEXT>
      <PATH>H</PATH>
     </RSMPE_FUNT>
     <RSMPE_FUNT>
      <CODE>&amp;OAD</CODE>
      <TEXTNO>002</TEXTNO>
      <TEXT_TYPE>S</TEXT_TYPE>
      <TEXT_NAME>ICON_ALV_VARIANT_CHOOSE</TEXT_NAME>
      <ICON_ID>@DM@</ICON_ID>
      <FUN_TEXT>Select layout...</FUN_TEXT>
     </RSMPE_FUNT>
     <RSMPE_FUNT>
      <CODE>&amp;ODN</CODE>
      <TEXTNO>001</TEXTNO>
      <TEXT_TYPE>S</TEXT_TYPE>
      <TEXT_NAME>ICON_SORT_DOWN</TEXT_NAME>
      <ICON_ID>@3F@</ICON_ID>
      <FUN_TEXT>Sort in descending order</FUN_TEXT>
      <PATH>O</PATH>
     </RSMPE_FUNT>
     <RSMPE_FUNT>
      <CODE>&amp;OL0</CODE>
      <TEXTNO>001</TEXTNO>
      <TEXT_TYPE>S</TEXT_TYPE>
      <TEXT_NAME>ICON_ALV_VARIANTS</TEXT_NAME>
      <ICON_ID>@LZ@</ICON_ID>
      <FUN_TEXT>Change layout...</FUN_TEXT>
     </RSMPE_FUNT>
     <RSMPE_FUNT>
      <CODE>&amp;OLX</CODE>
      <TEXTNO>001</TEXTNO>
      <TEXT_TYPE>S</TEXT_TYPE>
      <TEXT_NAME>ICON_VARIANTS</TEXT_NAME>
      <ICON_ID>@0R@</ICON_ID>
      <FUN_TEXT>Change...</FUN_TEXT>
      <PATH>C</PATH>
     </RSMPE_FUNT>
     <RSMPE_FUNT>
      <CODE>&amp;OMP</CODE>
      <TEXTNO>001</TEXTNO>
      <TEXT_TYPE>S</TEXT_TYPE>
      <TEXT_NAME>ICON_COLLAPSE</TEXT_NAME>
      <ICON_ID>@3T@</ICON_ID>
      <FUN_TEXT>Collapse</FUN_TEXT>
     </RSMPE_FUNT>
     <RSMPE_FUNT>
      <CODE>&amp;OPT</CODE>
      <TEXTNO>001</TEXTNO>
      <TEXT_TYPE>S</TEXT_TYPE>
      <FUN_TEXT>Optimize width</FUN_TEXT>
      <PATH>P</PATH>
     </RSMPE_FUNT>
     <RSMPE_FUNT>
      <CODE>&amp;OUP</CODE>
      <TEXTNO>001</TEXTNO>
      <TEXT_TYPE>S</TEXT_TYPE>
      <TEXT_NAME>ICON_SORT_UP</TEXT_NAME>
      <ICON_ID>@3E@</ICON_ID>
      <FUN_TEXT>Sort in Ascending Order</FUN_TEXT>
      <PATH>I</PATH>
     </RSMPE_FUNT>
     <RSMPE_FUNT>
      <CODE>&amp;RNT</CODE>
      <TEXTNO>001</TEXTNO>
      <TEXT_TYPE>S</TEXT_TYPE>
      <TEXT_NAME>ICON_PRINT</TEXT_NAME>
      <ICON_ID>@0X@</ICON_ID>
      <FUN_TEXT>Print</FUN_TEXT>
      <PATH>P</PATH>
     </RSMPE_FUNT>
     <RSMPE_FUNT>
      <CODE>&amp;RNT_PREV</CODE>
      <TEXTNO>001</TEXTNO>
      <TEXT_TYPE>S</TEXT_TYPE>
      <TEXT_NAME>ICON_LAYOUT_CONTROL</TEXT_NAME>
      <ICON_ID>@3G@</ICON_ID>
      <FUN_TEXT>Print preview</FUN_TEXT>
      <PATH>R</PATH>
     </RSMPE_FUNT>
     <RSMPE_FUNT>
      <CODE>&amp;SAL</CODE>
      <TEXTNO>001</TEXTNO>
      <TEXT_TYPE>S</TEXT_TYPE>
      <TEXT_NAME>ICON_DESELECT_ALL</TEXT_NAME>
      <ICON_ID>@4D@</ICON_ID>
      <FUN_TEXT>Deselect all</FUN_TEXT>
      <PATH>D</PATH>
     </RSMPE_FUNT>
     <RSMPE_FUNT>
      <CODE>&amp;SUM</CODE>
      <TEXTNO>001</TEXTNO>
      <TEXT_TYPE>S</TEXT_TYPE>
      <TEXT_NAME>ICON_INTERMEDIATE_SUM</TEXT_NAME>
      <ICON_ID>@5V@</ICON_ID>
      <FUN_TEXT>Subtotals...</FUN_TEXT>
      <PATH>T</PATH>
     </RSMPE_FUNT>
     <RSMPE_FUNT>
      <CODE>&amp;UMC</CODE>
      <TEXTNO>001</TEXTNO>
      <TEXT_TYPE>S</TEXT_TYPE>
      <TEXT_NAME>ICON_SUM</TEXT_NAME>
      <ICON_ID>@3Z@</ICON_ID>
      <FUN_TEXT>Total</FUN_TEXT>
      <PATH>T</PATH>
     </RSMPE_FUNT>
     <RSMPE_FUNT>
      <CODE>&amp;XINT</CODE>
      <TEXTNO>001</TEXTNO>
      <TEXT_TYPE>S</TEXT_TYPE>
      <FUN_TEXT>Additional Functions of SAP Query</FUN_TEXT>
      <PATH>E</PATH>
     </RSMPE_FUNT>
     <RSMPE_FUNT>
      <CODE>&amp;XML</CODE>
      <TEXTNO>001</TEXTNO>
      <TEXT_TYPE>S</TEXT_TYPE>
      <FUN_TEXT>XML Export...</FUN_TEXT>
      <PATH>X</PATH>
     </RSMPE_FUNT>
     <RSMPE_FUNT>
      <CODE>&amp;XPA</CODE>
      <TEXTNO>001</TEXTNO>
      <TEXT_TYPE>S</TEXT_TYPE>
      <TEXT_NAME>ICON_EXPAND</TEXT_NAME>
      <ICON_ID>@3S@</ICON_ID>
      <FUN_TEXT>Expand</FUN_TEXT>
     </RSMPE_FUNT>
     <RSMPE_FUNT>
      <CODE>&amp;XXL</CODE>
      <TEXTNO>001</TEXTNO>
      <TEXT_TYPE>S</TEXT_TYPE>
      <TEXT_NAME>ICON_XXL</TEXT_NAME>
      <ICON_ID>@DJ@</ICON_ID>
      <FUN_TEXT>Spreadsheet...</FUN_TEXT>
      <PATH>A</PATH>
     </RSMPE_FUNT>
     <RSMPE_FUNT>
      <CODE>EXCEL</CODE>
      <TEXTNO>001</TEXTNO>
      <TEXT_TYPE>S</TEXT_TYPE>
      <TEXT_NAME>ICON_XLV</TEXT_NAME>
      <ICON_ID>@J3@</ICON_ID>
      <FUN_TEXT>Excel</FUN_TEXT>
      <ICON_TEXT>Export to Excel</ICON_TEXT>
     </RSMPE_FUNT>
     <RSMPE_FUNT>
      <CODE>EXCELBIND</CODE>
      <TEXTNO>001</TEXTNO>
      <TEXT_TYPE>S</TEXT_TYPE>
      <TEXT_NAME>ICON_XLS</TEXT_NAME>
      <ICON_ID>@J2@</ICON_ID>
      <FUN_TEXT>Excel bind</FUN_TEXT>
      <ICON_TEXT>Excel bind</ICON_TEXT>
     </RSMPE_FUNT>
     <RSMPE_FUNT>
      <CODE>EXCELCELL</CODE>
      <TEXTNO>001</TEXTNO>
      <TEXT_TYPE>S</TEXT_TYPE>
      <TEXT_NAME>ICON_XXL</TEXT_NAME>
      <ICON_ID>@DJ@</ICON_ID>
      <FUN_TEXT>Excel converter</FUN_TEXT>
     </RSMPE_FUNT>
     <RSMPE_FUNT>
      <CODE>EXCELCONV</CODE>
      <TEXTNO>001</TEXTNO>
      <TEXT_TYPE>S</TEXT_TYPE>
      <ICON_ID>@DJ@</ICON_ID>
      <FUN_TEXT>Excel converter</FUN_TEXT>
      <ICON_TEXT>Excel converter</ICON_TEXT>
     </RSMPE_FUNT>
     <RSMPE_FUNT>
      <CODE>P+</CODE>
      <TEXTNO>001</TEXTNO>
      <TEXT_TYPE>S</TEXT_TYPE>
      <FUN_TEXT>Next page</FUN_TEXT>
     </RSMPE_FUNT>
     <RSMPE_FUNT>
      <CODE>P++</CODE>
      <TEXTNO>001</TEXTNO>
      <TEXT_TYPE>S</TEXT_TYPE>
      <FUN_TEXT>Last Page</FUN_TEXT>
     </RSMPE_FUNT>
     <RSMPE_FUNT>
      <CODE>P-</CODE>
      <TEXTNO>001</TEXTNO>
      <TEXT_TYPE>S</TEXT_TYPE>
      <FUN_TEXT>Previous Page</FUN_TEXT>
     </RSMPE_FUNT>
     <RSMPE_FUNT>
      <CODE>P--</CODE>
      <TEXTNO>001</TEXTNO>
      <TEXT_TYPE>S</TEXT_TYPE>
      <FUN_TEXT>First Page</FUN_TEXT>
     </RSMPE_FUNT>
    </FUN>
    <MEN>
     <RSMPE_MEN>
      <CODE>000001</CODE>
      <NO>01</NO>
      <REF_TYPE>F</REF_TYPE>
      <REF_CODE>&amp;RNT</REF_CODE>
      <REF_NO>001</REF_NO>
     </RSMPE_MEN>
     <RSMPE_MEN>
      <CODE>000001</CODE>
      <NO>02</NO>
      <REF_TYPE>M</REF_TYPE>
      <REF_CODE>000002</REF_CODE>
     </RSMPE_MEN>
     <RSMPE_MEN>
      <CODE>000001</CODE>
      <NO>03</NO>
      <REF_TYPE>M</REF_TYPE>
      <REF_CODE>000003</REF_CODE>
     </RSMPE_MEN>
     <RSMPE_MEN>
      <CODE>000001</CODE>
      <NO>04</NO>
      <REF_TYPE>S</REF_TYPE>
     </RSMPE_MEN>
     <RSMPE_MEN>
      <CODE>000001</CODE>
      <NO>05</NO>
      <REF_TYPE>F</REF_TYPE>
      <REF_CODE>&amp;F15</REF_CODE>
      <REF_NO>001</REF_NO>
     </RSMPE_MEN>
     <RSMPE_MEN>
      <CODE>000002</CODE>
      <NO>01</NO>
      <REF_TYPE>F</REF_TYPE>
      <REF_CODE>&amp;AQW</REF_CODE>
      <REF_NO>001</REF_NO>
     </RSMPE_MEN>
     <RSMPE_MEN>
      <CODE>000002</CODE>
      <NO>02</NO>
      <REF_TYPE>F</REF_TYPE>
      <REF_CODE>&amp;XXL</REF_CODE>
      <REF_NO>001</REF_NO>
     </RSMPE_MEN>
     <RSMPE_MEN>
      <CODE>000002</CODE>
      <NO>03</NO>
      <REF_TYPE>F</REF_TYPE>
      <REF_CODE>%PC</REF_CODE>
      <REF_NO>001</REF_NO>
     </RSMPE_MEN>
     <RSMPE_MEN>
      <CODE>000002</CODE>
      <NO>04</NO>
      <REF_TYPE>F</REF_TYPE>
      <REF_CODE>&amp;XINT</REF_CODE>
      <REF_NO>001</REF_NO>
     </RSMPE_MEN>
     <RSMPE_MEN>
      <CODE>000003</CODE>
      <NO>01</NO>
      <REF_TYPE>F</REF_TYPE>
      <REF_CODE>%SL</REF_CODE>
      <REF_NO>001</REF_NO>
     </RSMPE_MEN>
     <RSMPE_MEN>
      <CODE>000003</CODE>
      <NO>02</NO>
      <REF_TYPE>F</REF_TYPE>
      <REF_CODE>%ML</REF_CODE>
      <REF_NO>001</REF_NO>
     </RSMPE_MEN>
     <RSMPE_MEN>
      <CODE>000004</CODE>
      <NO>01</NO>
      <REF_TYPE>F</REF_TYPE>
      <REF_CODE>&amp;ALL</REF_CODE>
      <REF_NO>001</REF_NO>
     </RSMPE_MEN>
     <RSMPE_MEN>
      <CODE>000004</CODE>
      <NO>02</NO>
      <REF_TYPE>F</REF_TYPE>
      <REF_CODE>&amp;SAL</REF_CODE>
      <REF_NO>001</REF_NO>
     </RSMPE_MEN>
     <RSMPE_MEN>
      <CODE>000004</CODE>
      <NO>03</NO>
      <REF_TYPE>S</REF_TYPE>
     </RSMPE_MEN>
     <RSMPE_MEN>
      <CODE>000004</CODE>
      <NO>04</NO>
      <REF_TYPE>F</REF_TYPE>
      <REF_CODE>&amp;ILT</REF_CODE>
      <REF_NO>001</REF_NO>
     </RSMPE_MEN>
     <RSMPE_MEN>
      <CODE>000004</CODE>
      <NO>05</NO>
      <REF_TYPE>F</REF_TYPE>
      <REF_CODE>&amp;ILD</REF_CODE>
      <REF_NO>001</REF_NO>
     </RSMPE_MEN>
     <RSMPE_MEN>
      <CODE>000004</CODE>
      <NO>06</NO>
      <REF_TYPE>S</REF_TYPE>
     </RSMPE_MEN>
     <RSMPE_MEN>
      <CODE>000004</CODE>
      <NO>07</NO>
      <REF_TYPE>F</REF_TYPE>
      <REF_CODE>&amp;OUP</REF_CODE>
      <REF_NO>001</REF_NO>
     </RSMPE_MEN>
     <RSMPE_MEN>
      <CODE>000004</CODE>
      <NO>08</NO>
      <REF_TYPE>F</REF_TYPE>
      <REF_CODE>&amp;ODN</REF_CODE>
      <REF_NO>001</REF_NO>
     </RSMPE_MEN>
     <RSMPE_MEN>
      <CODE>000004</CODE>
      <NO>09</NO>
      <REF_TYPE>S</REF_TYPE>
     </RSMPE_MEN>
     <RSMPE_MEN>
      <CODE>000004</CODE>
      <NO>10</NO>
      <REF_TYPE>M</REF_TYPE>
      <REF_CODE>000005</REF_CODE>
     </RSMPE_MEN>
     <RSMPE_MEN>
      <CODE>000004</CODE>
      <NO>11</NO>
      <REF_TYPE>F</REF_TYPE>
      <REF_CODE>&amp;SUM</REF_CODE>
      <REF_NO>001</REF_NO>
     </RSMPE_MEN>
     <RSMPE_MEN>
      <CODE>000004</CODE>
      <NO>12</NO>
      <REF_TYPE>S</REF_TYPE>
     </RSMPE_MEN>
     <RSMPE_MEN>
      <CODE>000004</CODE>
      <NO>13</NO>
      <REF_TYPE>F</REF_TYPE>
      <REF_CODE>%SC</REF_CODE>
      <REF_NO>001</REF_NO>
     </RSMPE_MEN>
     <RSMPE_MEN>
      <CODE>000004</CODE>
      <NO>14</NO>
      <REF_TYPE>S</REF_TYPE>
     </RSMPE_MEN>
     <RSMPE_MEN>
      <CODE>000004</CODE>
      <NO>15</NO>
      <REF_TYPE>F</REF_TYPE>
      <REF_CODE>&amp;F12</REF_CODE>
      <REF_NO>001</REF_NO>
     </RSMPE_MEN>
     <RSMPE_MEN>
      <CODE>000005</CODE>
      <NO>01</NO>
      <REF_TYPE>F</REF_TYPE>
      <REF_CODE>&amp;UMC</REF_CODE>
      <REF_NO>001</REF_NO>
     </RSMPE_MEN>
     <RSMPE_MEN>
      <CODE>000005</CODE>
      <NO>02</NO>
      <REF_TYPE>F</REF_TYPE>
      <REF_CODE>&amp;AVR</REF_CODE>
      <REF_NO>001</REF_NO>
     </RSMPE_MEN>
     <RSMPE_MEN>
      <CODE>000005</CODE>
      <NO>03</NO>
      <REF_TYPE>F</REF_TYPE>
      <REF_CODE>&amp;MIN</REF_CODE>
      <REF_NO>001</REF_NO>
     </RSMPE_MEN>
     <RSMPE_MEN>
      <CODE>000005</CODE>
      <NO>04</NO>
      <REF_TYPE>F</REF_TYPE>
      <REF_CODE>&amp;MAX</REF_CODE>
      <REF_NO>001</REF_NO>
     </RSMPE_MEN>
     <RSMPE_MEN>
      <CODE>000005</CODE>
      <NO>05</NO>
      <REF_TYPE>F</REF_TYPE>
      <REF_CODE>&amp;COUNT</REF_CODE>
      <REF_NO>001</REF_NO>
     </RSMPE_MEN>
     <RSMPE_MEN>
      <CODE>000006</CODE>
      <NO>01</NO>
      <REF_TYPE>F</REF_TYPE>
      <REF_CODE>&amp;ABC</REF_CODE>
      <REF_NO>001</REF_NO>
     </RSMPE_MEN>
     <RSMPE_MEN>
      <CODE>000006</CODE>
      <NO>02</NO>
      <REF_TYPE>S</REF_TYPE>
     </RSMPE_MEN>
     <RSMPE_MEN>
      <CODE>000006</CODE>
      <NO>03</NO>
      <REF_TYPE>F</REF_TYPE>
      <REF_CODE>&amp;F03</REF_CODE>
      <REF_NO>001</REF_NO>
     </RSMPE_MEN>
     <RSMPE_MEN>
      <CODE>000007</CODE>
      <NO>01</NO>
      <REF_TYPE>F</REF_TYPE>
      <REF_CODE>&amp;LIS</REF_CODE>
      <REF_NO>001</REF_NO>
     </RSMPE_MEN>
     <RSMPE_MEN>
      <CODE>000007</CODE>
      <NO>02</NO>
      <REF_TYPE>S</REF_TYPE>
     </RSMPE_MEN>
     <RSMPE_MEN>
      <CODE>000007</CODE>
      <NO>03</NO>
      <REF_TYPE>M</REF_TYPE>
      <REF_CODE>000008</REF_CODE>
     </RSMPE_MEN>
     <RSMPE_MEN>
      <CODE>000007</CODE>
      <NO>04</NO>
      <REF_TYPE>S</REF_TYPE>
     </RSMPE_MEN>
     <RSMPE_MEN>
      <CODE>000007</CODE>
      <NO>05</NO>
      <REF_TYPE>M</REF_TYPE>
      <REF_CODE>000009</REF_CODE>
     </RSMPE_MEN>
     <RSMPE_MEN>
      <CODE>000007</CODE>
      <NO>06</NO>
      <REF_TYPE>S</REF_TYPE>
     </RSMPE_MEN>
     <RSMPE_MEN>
      <CODE>000007</CODE>
      <NO>07</NO>
      <REF_TYPE>M</REF_TYPE>
      <REF_CODE>000010</REF_CODE>
     </RSMPE_MEN>
     <RSMPE_MEN>
      <CODE>000007</CODE>
      <NO>08</NO>
      <REF_TYPE>S</REF_TYPE>
     </RSMPE_MEN>
     <RSMPE_MEN>
      <CODE>000007</CODE>
      <NO>09</NO>
      <REF_TYPE>F</REF_TYPE>
      <REF_CODE>&amp;NFO</REF_CODE>
      <REF_NO>001</REF_NO>
     </RSMPE_MEN>
     <RSMPE_MEN>
      <CODE>000007</CODE>
      <NO>10</NO>
      <REF_TYPE>F</REF_TYPE>
      <REF_CODE>&amp;LFO</REF_CODE>
      <REF_NO>001</REF_NO>
     </RSMPE_MEN>
     <RSMPE_MEN>
      <CODE>000008</CODE>
      <NO>01</NO>
      <REF_TYPE>F</REF_TYPE>
      <REF_CODE>&amp;OLX</REF_CODE>
      <REF_NO>001</REF_NO>
     </RSMPE_MEN>
     <RSMPE_MEN>
      <CODE>000008</CODE>
      <NO>02</NO>
      <REF_TYPE>F</REF_TYPE>
      <REF_CODE>&amp;OAD</REF_CODE>
      <REF_NO>001</REF_NO>
     </RSMPE_MEN>
     <RSMPE_MEN>
      <CODE>000008</CODE>
      <NO>03</NO>
      <REF_TYPE>S</REF_TYPE>
     </RSMPE_MEN>
     <RSMPE_MEN>
      <CODE>000008</CODE>
      <NO>04</NO>
      <REF_TYPE>F</REF_TYPE>
      <REF_CODE>&amp;AVE</REF_CODE>
      <REF_NO>001</REF_NO>
     </RSMPE_MEN>
     <RSMPE_MEN>
      <CODE>000008</CODE>
      <NO>05</NO>
      <REF_TYPE>S</REF_TYPE>
     </RSMPE_MEN>
     <RSMPE_MEN>
      <CODE>000008</CODE>
      <NO>06</NO>
      <REF_TYPE>F</REF_TYPE>
      <REF_CODE>&amp;ERW</REF_CODE>
      <REF_NO>001</REF_NO>
     </RSMPE_MEN>
     <RSMPE_MEN>
      <CODE>000009</CODE>
      <NO>01</NO>
      <REF_TYPE>F</REF_TYPE>
      <REF_CODE>&amp;KOM</REF_CODE>
      <REF_NO>001</REF_NO>
     </RSMPE_MEN>
     <RSMPE_MEN>
      <CODE>000009</CODE>
      <NO>02</NO>
      <REF_TYPE>F</REF_TYPE>
      <REF_CODE>&amp;AUF</REF_CODE>
      <REF_NO>001</REF_NO>
     </RSMPE_MEN>
     <RSMPE_MEN>
      <CODE>000010</CODE>
      <NO>01</NO>
      <REF_TYPE>F</REF_TYPE>
      <REF_CODE>&amp;OPT</REF_CODE>
      <REF_NO>001</REF_NO>
     </RSMPE_MEN>
     <RSMPE_MEN>
      <CODE>000010</CODE>
      <NO>02</NO>
      <REF_TYPE>S</REF_TYPE>
     </RSMPE_MEN>
     <RSMPE_MEN>
      <CODE>000010</CODE>
      <NO>03</NO>
      <REF_TYPE>F</REF_TYPE>
      <REF_CODE>&amp;CFI</REF_CODE>
      <REF_NO>001</REF_NO>
     </RSMPE_MEN>
     <RSMPE_MEN>
      <CODE>000010</CODE>
      <NO>04</NO>
      <REF_TYPE>F</REF_TYPE>
      <REF_CODE>&amp;CDF</REF_CODE>
      <REF_NO>001</REF_NO>
     </RSMPE_MEN>
     <RSMPE_MEN>
      <CODE>000010</CODE>
      <NO>05</NO>
      <REF_TYPE>S</REF_TYPE>
     </RSMPE_MEN>
     <RSMPE_MEN>
      <CODE>000010</CODE>
      <NO>06</NO>
      <REF_TYPE>F</REF_TYPE>
      <REF_CODE>&amp;DAU</REF_CODE>
      <REF_NO>001</REF_NO>
     </RSMPE_MEN>
     <RSMPE_MEN>
      <CODE>000010</CODE>
      <NO>07</NO>
      <REF_TYPE>F</REF_TYPE>
      <REF_CODE>&amp;DON</REF_CODE>
      <REF_NO>001</REF_NO>
     </RSMPE_MEN>
     <RSMPE_MEN>
      <CODE>000010</CODE>
      <NO>08</NO>
      <REF_TYPE>F</REF_TYPE>
      <REF_CODE>&amp;DOF</REF_CODE>
      <REF_NO>001</REF_NO>
     </RSMPE_MEN>
    </MEN>
    <MTX>
     <RSMPE_MNLT>
      <CODE>000001</CODE>
      <TEXT_TYPE>S</TEXT_TYPE>
      <TEXT>List</TEXT>
      <PATH>L</PATH>
      <INT_NOTE>STANDARD List</INT_NOTE>
     </RSMPE_MNLT>
     <RSMPE_MNLT>
      <CODE>000002</CODE>
      <TEXT_TYPE>S</TEXT_TYPE>
      <TEXT>Export</TEXT>
      <PATH>E</PATH>
      <INT_NOTE>STANDARD Save</INT_NOTE>
     </RSMPE_MNLT>
     <RSMPE_MNLT>
      <CODE>000003</CODE>
      <TEXT_TYPE>S</TEXT_TYPE>
      <TEXT>Send to</TEXT>
      <PATH>S</PATH>
     </RSMPE_MNLT>
     <RSMPE_MNLT>
      <CODE>000004</CODE>
      <TEXT_TYPE>S</TEXT_TYPE>
      <TEXT>Edit</TEXT>
      <PATH>E</PATH>
      <INT_NOTE>STANDARD</INT_NOTE>
     </RSMPE_MNLT>
     <RSMPE_MNLT>
      <CODE>000005</CODE>
      <TEXT_TYPE>S</TEXT_TYPE>
      <TEXT>Calculate</TEXT>
      <PATH>C</PATH>
     </RSMPE_MNLT>
     <RSMPE_MNLT>
      <CODE>000006</CODE>
      <TEXT_TYPE>S</TEXT_TYPE>
      <TEXT>Goto</TEXT>
      <PATH>G</PATH>
      <INT_NOTE>STANDARD</INT_NOTE>
     </RSMPE_MNLT>
     <RSMPE_MNLT>
      <CODE>000007</CODE>
      <TEXT_TYPE>S</TEXT_TYPE>
      <TEXT>Settings</TEXT>
      <PATH>S</PATH>
      <INT_NOTE>STANDARD</INT_NOTE>
     </RSMPE_MNLT>
     <RSMPE_MNLT>
      <CODE>000008</CODE>
      <TEXT_TYPE>S</TEXT_TYPE>
      <TEXT>Layout</TEXT>
      <PATH>A</PATH>
      <INT_NOTE>Sub STANDARD</INT_NOTE>
     </RSMPE_MNLT>
     <RSMPE_MNLT>
      <CODE>000009</CODE>
      <TEXT_TYPE>S</TEXT_TYPE>
      <TEXT>Summation levels</TEXT>
      <PATH>S</PATH>
      <INT_NOTE>Sub STANDARD</INT_NOTE>
     </RSMPE_MNLT>
     <RSMPE_MNLT>
      <CODE>000010</CODE>
      <TEXT_TYPE>S</TEXT_TYPE>
      <TEXT>Columns</TEXT>
      <PATH>C</PATH>
     </RSMPE_MNLT>
    </MTX>
    <ACT>
     <RSMPE_ACT>
      <CODE>000001</CODE>
      <NO>01</NO>
      <MENUCODE>000001</MENUCODE>
     </RSMPE_ACT>
     <RSMPE_ACT>
      <CODE>000001</CODE>
      <NO>02</NO>
      <MENUCODE>000004</MENUCODE>
     </RSMPE_ACT>
     <RSMPE_ACT>
      <CODE>000001</CODE>
      <NO>03</NO>
      <MENUCODE>000006</MENUCODE>
     </RSMPE_ACT>
     <RSMPE_ACT>
      <CODE>000001</CODE>
      <NO>04</NO>
      <MENUCODE>000007</MENUCODE>
     </RSMPE_ACT>
    </ACT>
    <BUT>
     <RSMPE_BUT>
      <PFK_CODE>000001</PFK_CODE>
      <CODE>0001</CODE>
      <NO>01</NO>
      <PFNO>39</PFNO>
     </RSMPE_BUT>
     <RSMPE_BUT>
      <PFK_CODE>000001</PFK_CODE>
      <CODE>0001</CODE>
      <NO>02</NO>
      <PFNO>37</PFNO>
     </RSMPE_BUT>
     <RSMPE_BUT>
      <PFK_CODE>000001</PFK_CODE>
      <CODE>0001</CODE>
      <NO>03</NO>
      <PFNO>S</PFNO>
     </RSMPE_BUT>
     <RSMPE_BUT>
      <PFK_CODE>000001</PFK_CODE>
      <CODE>0001</CODE>
      <NO>04</NO>
      <PFNO>05</PFNO>
     </RSMPE_BUT>
     <RSMPE_BUT>
      <PFK_CODE>000001</PFK_CODE>
      <CODE>0001</CODE>
      <NO>05</NO>
      <PFNO>06</PFNO>
     </RSMPE_BUT>
     <RSMPE_BUT>
      <PFK_CODE>000001</PFK_CODE>
      <CODE>0001</CODE>
      <NO>06</NO>
      <PFNO>S</PFNO>
     </RSMPE_BUT>
     <RSMPE_BUT>
      <PFK_CODE>000001</PFK_CODE>
      <CODE>0001</CODE>
      <NO>07</NO>
      <PFNO>28</PFNO>
     </RSMPE_BUT>
     <RSMPE_BUT>
      <PFK_CODE>000001</PFK_CODE>
      <CODE>0001</CODE>
      <NO>08</NO>
      <PFNO>40</PFNO>
     </RSMPE_BUT>
     <RSMPE_BUT>
      <PFK_CODE>000001</PFK_CODE>
      <CODE>0001</CODE>
      <NO>09</NO>
      <PFNO>29</PFNO>
     </RSMPE_BUT>
     <RSMPE_BUT>
      <PFK_CODE>000001</PFK_CODE>
      <CODE>0001</CODE>
      <NO>10</NO>
      <PFNO>38</PFNO>
     </RSMPE_BUT>
     <RSMPE_BUT>
      <PFK_CODE>000001</PFK_CODE>
      <CODE>0001</CODE>
      <NO>11</NO>
      <PFNO>S</PFNO>
     </RSMPE_BUT>
     <RSMPE_BUT>
      <PFK_CODE>000001</PFK_CODE>
      <CODE>0001</CODE>
      <NO>12</NO>
      <PFNO>30</PFNO>
     </RSMPE_BUT>
     <RSMPE_BUT>
      <PFK_CODE>000001</PFK_CODE>
      <CODE>0001</CODE>
      <NO>13</NO>
      <PFNO>42</PFNO>
     </RSMPE_BUT>
     <RSMPE_BUT>
      <PFK_CODE>000001</PFK_CODE>
      <CODE>0001</CODE>
      <NO>14</NO>
      <PFNO>S</PFNO>
     </RSMPE_BUT>
     <RSMPE_BUT>
      <PFK_CODE>000001</PFK_CODE>
      <CODE>0001</CODE>
      <NO>15</NO>
      <PFNO>45</PFNO>
     </RSMPE_BUT>
     <RSMPE_BUT>
      <PFK_CODE>000001</PFK_CODE>
      <CODE>0001</CODE>
      <NO>16</NO>
      <PFNO>S</PFNO>
     </RSMPE_BUT>
     <RSMPE_BUT>
      <PFK_CODE>000001</PFK_CODE>
      <CODE>0001</CODE>
      <NO>17</NO>
      <PFNO>32</PFNO>
     </RSMPE_BUT>
     <RSMPE_BUT>
      <PFK_CODE>000001</PFK_CODE>
      <CODE>0001</CODE>
      <NO>18</NO>
      <PFNO>33</PFNO>
     </RSMPE_BUT>
     <RSMPE_BUT>
      <PFK_CODE>000001</PFK_CODE>
      <CODE>0001</CODE>
      <NO>19</NO>
      <PFNO>34</PFNO>
     </RSMPE_BUT>
     <RSMPE_BUT>
      <PFK_CODE>000001</PFK_CODE>
      <CODE>0001</CODE>
      <NO>20</NO>
      <PFNO>09</PFNO>
     </RSMPE_BUT>
     <RSMPE_BUT>
      <PFK_CODE>000001</PFK_CODE>
      <CODE>0001</CODE>
      <NO>21</NO>
      <PFNO>13</PFNO>
     </RSMPE_BUT>
     <RSMPE_BUT>
      <PFK_CODE>000001</PFK_CODE>
      <CODE>0001</CODE>
      <NO>22</NO>
      <PFNO>S</PFNO>
     </RSMPE_BUT>
     <RSMPE_BUT>
      <PFK_CODE>000001</PFK_CODE>
      <CODE>0001</CODE>
      <NO>23</NO>
      <PFNO>41</PFNO>
     </RSMPE_BUT>
     <RSMPE_BUT>
      <PFK_CODE>000001</PFK_CODE>
      <CODE>0001</CODE>
      <NO>24</NO>
      <PFNO>07</PFNO>
     </RSMPE_BUT>
     <RSMPE_BUT>
      <PFK_CODE>000001</PFK_CODE>
      <CODE>0001</CODE>
      <NO>25</NO>
      <PFNO>S</PFNO>
     </RSMPE_BUT>
     <RSMPE_BUT>
      <PFK_CODE>000001</PFK_CODE>
      <CODE>0001</CODE>
      <NO>26</NO>
      <PFNO>18</PFNO>
     </RSMPE_BUT>
     <RSMPE_BUT>
      <PFK_CODE>000001</PFK_CODE>
      <CODE>0001</CODE>
      <NO>27</NO>
      <PFNO>26</PFNO>
     </RSMPE_BUT>
     <RSMPE_BUT>
      <PFK_CODE>000001</PFK_CODE>
      <CODE>0001</CODE>
      <NO>28</NO>
      <PFNO>27</PFNO>
     </RSMPE_BUT>
     <RSMPE_BUT>
      <PFK_CODE>000001</PFK_CODE>
      <CODE>0001</CODE>
      <NO>29</NO>
      <PFNO>19</PFNO>
     </RSMPE_BUT>
    </BUT>
    <PFK>
     <RSMPE_PFK>
      <CODE>000001</CODE>
      <PFNO>01</PFNO>
      <FUNCODE>&amp;ELP</FUNCODE>
      <FUNNO>001</FUNNO>
     </RSMPE_PFK>
     <RSMPE_PFK>
      <CODE>000001</CODE>
      <PFNO>02</PFNO>
      <FUNCODE>&amp;IC1</FUNCODE>
      <FUNNO>001</FUNNO>
     </RSMPE_PFK>
     <RSMPE_PFK>
      <CODE>000001</CODE>
      <PFNO>03</PFNO>
      <FUNCODE>&amp;F03</FUNCODE>
      <FUNNO>001</FUNNO>
     </RSMPE_PFK>
     <RSMPE_PFK>
      <CODE>000001</CODE>
      <PFNO>05</PFNO>
      <FUNCODE>&amp;ALL</FUNCODE>
      <FUNNO>001</FUNNO>
     </RSMPE_PFK>
     <RSMPE_PFK>
      <CODE>000001</CODE>
      <PFNO>06</PFNO>
      <FUNCODE>&amp;SAL</FUNCODE>
      <FUNNO>001</FUNNO>
     </RSMPE_PFK>
     <RSMPE_PFK>
      <CODE>000001</CODE>
      <PFNO>07</PFNO>
      <FUNCODE>&amp;NFO</FUNCODE>
      <FUNNO>001</FUNNO>
     </RSMPE_PFK>
     <RSMPE_PFK>
      <CODE>000001</CODE>
      <PFNO>08</PFNO>
      <FUNCODE>&amp;NTE</FUNCODE>
      <FUNNO>001</FUNNO>
     </RSMPE_PFK>
     <RSMPE_PFK>
      <CODE>000001</CODE>
      <PFNO>09</PFNO>
      <FUNCODE>EXCELBIND</FUNCODE>
      <FUNNO>001</FUNNO>
     </RSMPE_PFK>
     <RSMPE_PFK>
      <CODE>000001</CODE>
      <PFNO>12</PFNO>
      <FUNCODE>&amp;F12</FUNCODE>
      <FUNNO>001</FUNNO>
     </RSMPE_PFK>
     <RSMPE_PFK>
      <CODE>000001</CODE>
      <PFNO>13</PFNO>
      <FUNCODE>EXCELCONV</FUNCODE>
      <FUNNO>001</FUNNO>
     </RSMPE_PFK>
     <RSMPE_PFK>
      <CODE>000001</CODE>
      <PFNO>15</PFNO>
      <FUNCODE>&amp;F15</FUNCODE>
      <FUNNO>001</FUNNO>
     </RSMPE_PFK>
     <RSMPE_PFK>
      <CODE>000001</CODE>
      <PFNO>18</PFNO>
      <FUNCODE>&amp;CRB</FUNCODE>
      <FUNNO>001</FUNNO>
     </RSMPE_PFK>
     <RSMPE_PFK>
      <CODE>000001</CODE>
      <PFNO>19</PFNO>
      <FUNCODE>&amp;CRE</FUNCODE>
      <FUNNO>001</FUNNO>
     </RSMPE_PFK>
     <RSMPE_PFK>
      <CODE>000001</CODE>
      <PFNO>21</PFNO>
      <FUNCODE>P--</FUNCODE>
      <FUNNO>001</FUNNO>
     </RSMPE_PFK>
     <RSMPE_PFK>
      <CODE>000001</CODE>
      <PFNO>22</PFNO>
      <FUNCODE>P-</FUNCODE>
      <FUNNO>001</FUNNO>
     </RSMPE_PFK>
     <RSMPE_PFK>
      <CODE>000001</CODE>
      <PFNO>23</PFNO>
      <FUNCODE>P+</FUNCODE>
      <FUNNO>001</FUNNO>
     </RSMPE_PFK>
     <RSMPE_PFK>
      <CODE>000001</CODE>
      <PFNO>24</PFNO>
      <FUNCODE>P++</FUNCODE>
      <FUNNO>001</FUNNO>
     </RSMPE_PFK>
     <RSMPE_PFK>
      <CODE>000001</CODE>
      <PFNO>25</PFNO>
      <FUNCODE>&amp;ABC</FUNCODE>
      <FUNNO>001</FUNNO>
     </RSMPE_PFK>
     <RSMPE_PFK>
      <CODE>000001</CODE>
      <PFNO>26</PFNO>
      <FUNCODE>&amp;CRL</FUNCODE>
      <FUNNO>001</FUNNO>
     </RSMPE_PFK>
     <RSMPE_PFK>
      <CODE>000001</CODE>
      <PFNO>27</PFNO>
      <FUNCODE>&amp;CRR</FUNCODE>
      <FUNNO>001</FUNNO>
     </RSMPE_PFK>
     <RSMPE_PFK>
      <CODE>000001</CODE>
      <PFNO>28</PFNO>
      <FUNCODE>&amp;OUP</FUNCODE>
      <FUNNO>001</FUNNO>
     </RSMPE_PFK>
     <RSMPE_PFK>
      <CODE>000001</CODE>
      <PFNO>29</PFNO>
      <FUNCODE>&amp;ILT</FUNCODE>
      <FUNNO>001</FUNNO>
     </RSMPE_PFK>
     <RSMPE_PFK>
      <CODE>000001</CODE>
      <PFNO>30</PFNO>
      <FUNCODE>&amp;UMC</FUNCODE>
      <FUNNO>001</FUNNO>
     </RSMPE_PFK>
     <RSMPE_PFK>
      <CODE>000001</CODE>
      <PFNO>31</PFNO>
      <FUNCODE>%SL</FUNCODE>
      <FUNNO>001</FUNNO>
     </RSMPE_PFK>
     <RSMPE_PFK>
      <CODE>000001</CODE>
      <PFNO>32</PFNO>
      <FUNCODE>&amp;OL0</FUNCODE>
      <FUNNO>001</FUNNO>
     </RSMPE_PFK>
     <RSMPE_PFK>
      <CODE>000001</CODE>
      <PFNO>33</PFNO>
      <FUNCODE>&amp;OAD</FUNCODE>
      <FUNNO>002</FUNNO>
     </RSMPE_PFK>
     <RSMPE_PFK>
      <CODE>000001</CODE>
      <PFNO>34</PFNO>
      <FUNCODE>&amp;AVE</FUNCODE>
      <FUNNO>002</FUNNO>
     </RSMPE_PFK>
     <RSMPE_PFK>
      <CODE>000001</CODE>
      <PFNO>35</PFNO>
      <FUNCODE>&amp;XPA</FUNCODE>
      <FUNNO>001</FUNNO>
     </RSMPE_PFK>
     <RSMPE_PFK>
      <CODE>000001</CODE>
      <PFNO>37</PFNO>
      <FUNCODE>&amp;EB9</FUNCODE>
      <FUNNO>001</FUNNO>
     </RSMPE_PFK>
     <RSMPE_PFK>
      <CODE>000001</CODE>
      <PFNO>38</PFNO>
      <FUNCODE>&amp;ILD</FUNCODE>
      <FUNNO>001</FUNNO>
     </RSMPE_PFK>
     <RSMPE_PFK>
      <CODE>000001</CODE>
      <PFNO>39</PFNO>
      <FUNCODE>&amp;ETA</FUNCODE>
      <FUNNO>001</FUNNO>
     </RSMPE_PFK>
     <RSMPE_PFK>
      <CODE>000001</CODE>
      <PFNO>40</PFNO>
      <FUNCODE>&amp;ODN</FUNCODE>
      <FUNNO>001</FUNNO>
     </RSMPE_PFK>
     <RSMPE_PFK>
      <CODE>000001</CODE>
      <PFNO>41</PFNO>
      <FUNCODE>&amp;LFO</FUNCODE>
      <FUNNO>002</FUNNO>
     </RSMPE_PFK>
     <RSMPE_PFK>
      <CODE>000001</CODE>
      <PFNO>42</PFNO>
      <FUNCODE>&amp;SUM</FUNCODE>
      <FUNNO>001</FUNNO>
     </RSMPE_PFK>
     <RSMPE_PFK>
      <CODE>000001</CODE>
      <PFNO>43</PFNO>
      <FUNCODE>&amp;XXL</FUNCODE>
      <FUNNO>001</FUNNO>
     </RSMPE_PFK>
     <RSMPE_PFK>
      <CODE>000001</CODE>
      <PFNO>44</PFNO>
      <FUNCODE>&amp;AQW</FUNCODE>
      <FUNNO>001</FUNNO>
     </RSMPE_PFK>
     <RSMPE_PFK>
      <CODE>000001</CODE>
      <PFNO>45</PFNO>
      <FUNCODE>%PC</FUNCODE>
      <FUNNO>001</FUNNO>
     </RSMPE_PFK>
     <RSMPE_PFK>
      <CODE>000001</CODE>
      <PFNO>46</PFNO>
      <FUNCODE>&amp;RNT_PREV</FUNCODE>
      <FUNNO>001</FUNNO>
     </RSMPE_PFK>
     <RSMPE_PFK>
      <CODE>000001</CODE>
      <PFNO>47</PFNO>
      <FUNCODE>&amp;OMP</FUNCODE>
      <FUNNO>001</FUNNO>
     </RSMPE_PFK>
     <RSMPE_PFK>
      <CODE>000001</CODE>
      <PFNO>48</PFNO>
      <FUNCODE>&amp;XML</FUNCODE>
      <FUNNO>001</FUNNO>
     </RSMPE_PFK>
     <RSMPE_PFK>
      <CODE>000001</CODE>
      <PFNO>71</PFNO>
      <FUNCODE>%SC</FUNCODE>
      <FUNNO>001</FUNNO>
     </RSMPE_PFK>
     <RSMPE_PFK>
      <CODE>000001</CODE>
      <PFNO>80</PFNO>
      <FUNCODE>P--</FUNCODE>
      <FUNNO>001</FUNNO>
     </RSMPE_PFK>
     <RSMPE_PFK>
      <CODE>000001</CODE>
      <PFNO>81</PFNO>
      <FUNCODE>P-</FUNCODE>
      <FUNNO>001</FUNNO>
     </RSMPE_PFK>
     <RSMPE_PFK>
      <CODE>000001</CODE>
      <PFNO>82</PFNO>
      <FUNCODE>P+</FUNCODE>
      <FUNNO>001</FUNNO>
     </RSMPE_PFK>
     <RSMPE_PFK>
      <CODE>000001</CODE>
      <PFNO>83</PFNO>
      <FUNCODE>P++</FUNCODE>
      <FUNNO>001</FUNNO>
     </RSMPE_PFK>
     <RSMPE_PFK>
      <CODE>000001</CODE>
      <PFNO>84</PFNO>
      <FUNCODE>%SC+</FUNCODE>
      <FUNNO>001</FUNNO>
     </RSMPE_PFK>
     <RSMPE_PFK>
      <CODE>000001</CODE>
      <PFNO>86</PFNO>
      <FUNCODE>&amp;RNT</FUNCODE>
      <FUNNO>001</FUNNO>
     </RSMPE_PFK>
    </PFK>
    <SET>
     <RSMPE_STAF>
      <STATUS>ALV_STATUS</STATUS>
      <FUNCTION>%CH</FUNCTION>
     </RSMPE_STAF>
     <RSMPE_STAF>
      <STATUS>ALV_STATUS</STATUS>
      <FUNCTION>%ML</FUNCTION>
     </RSMPE_STAF>
     <RSMPE_STAF>
      <STATUS>ALV_STATUS</STATUS>
      <FUNCTION>%PC</FUNCTION>
     </RSMPE_STAF>
     <RSMPE_STAF>
      <STATUS>ALV_STATUS</STATUS>
      <FUNCTION>%SC</FUNCTION>
     </RSMPE_STAF>
     <RSMPE_STAF>
      <STATUS>ALV_STATUS</STATUS>
      <FUNCTION>%SC+</FUNCTION>
     </RSMPE_STAF>
     <RSMPE_STAF>
      <STATUS>ALV_STATUS</STATUS>
      <FUNCTION>%SL</FUNCTION>
     </RSMPE_STAF>
     <RSMPE_STAF>
      <STATUS>ALV_STATUS</STATUS>
      <FUNCTION>&amp;ABC</FUNCTION>
     </RSMPE_STAF>
     <RSMPE_STAF>
      <STATUS>ALV_STATUS</STATUS>
      <FUNCTION>&amp;ALL</FUNCTION>
     </RSMPE_STAF>
     <RSMPE_STAF>
      <STATUS>ALV_STATUS</STATUS>
      <FUNCTION>&amp;AQW</FUNCTION>
     </RSMPE_STAF>
     <RSMPE_STAF>
      <STATUS>ALV_STATUS</STATUS>
      <FUNCTION>&amp;AUF</FUNCTION>
     </RSMPE_STAF>
     <RSMPE_STAF>
      <STATUS>ALV_STATUS</STATUS>
      <FUNCTION>&amp;AVE</FUNCTION>
     </RSMPE_STAF>
     <RSMPE_STAF>
      <STATUS>ALV_STATUS</STATUS>
      <FUNCTION>&amp;AVR</FUNCTION>
     </RSMPE_STAF>
     <RSMPE_STAF>
      <STATUS>ALV_STATUS</STATUS>
      <FUNCTION>&amp;BS</FUNCTION>
     </RSMPE_STAF>
     <RSMPE_STAF>
      <STATUS>ALV_STATUS</STATUS>
      <FUNCTION>&amp;BS+</FUNCTION>
     </RSMPE_STAF>
     <RSMPE_STAF>
      <STATUS>ALV_STATUS</STATUS>
      <FUNCTION>&amp;BS-</FUNCTION>
     </RSMPE_STAF>
     <RSMPE_STAF>
      <STATUS>ALV_STATUS</STATUS>
      <FUNCTION>&amp;CDF</FUNCTION>
     </RSMPE_STAF>
     <RSMPE_STAF>
      <STATUS>ALV_STATUS</STATUS>
      <FUNCTION>&amp;CFI</FUNCTION>
     </RSMPE_STAF>
     <RSMPE_STAF>
      <STATUS>ALV_STATUS</STATUS>
      <FUNCTION>&amp;COUNT</FUNCTION>
     </RSMPE_STAF>
     <RSMPE_STAF>
      <STATUS>ALV_STATUS</STATUS>
      <FUNCTION>&amp;CRB</FUNCTION>
     </RSMPE_STAF>
     <RSMPE_STAF>
      <STATUS>ALV_STATUS</STATUS>
      <FUNCTION>&amp;CRE</FUNCTION>
     </RSMPE_STAF>
     <RSMPE_STAF>
      <STATUS>ALV_STATUS</STATUS>
      <FUNCTION>&amp;CRL</FUNCTION>
     </RSMPE_STAF>
     <RSMPE_STAF>
      <STATUS>ALV_STATUS</STATUS>
      <FUNCTION>&amp;CRR</FUNCTION>
     </RSMPE_STAF>
     <RSMPE_STAF>
      <STATUS>ALV_STATUS</STATUS>
      <FUNCTION>&amp;DAU</FUNCTION>
     </RSMPE_STAF>
     <RSMPE_STAF>
      <STATUS>ALV_STATUS</STATUS>
      <FUNCTION>&amp;DOF</FUNCTION>
     </RSMPE_STAF>
     <RSMPE_STAF>
      <STATUS>ALV_STATUS</STATUS>
      <FUNCTION>&amp;DON</FUNCTION>
     </RSMPE_STAF>
     <RSMPE_STAF>
      <STATUS>ALV_STATUS</STATUS>
      <FUNCTION>&amp;EB3</FUNCTION>
     </RSMPE_STAF>
     <RSMPE_STAF>
      <STATUS>ALV_STATUS</STATUS>
      <FUNCTION>&amp;EB9</FUNCTION>
     </RSMPE_STAF>
     <RSMPE_STAF>
      <STATUS>ALV_STATUS</STATUS>
      <FUNCTION>&amp;ELP</FUNCTION>
     </RSMPE_STAF>
     <RSMPE_STAF>
      <STATUS>ALV_STATUS</STATUS>
      <FUNCTION>&amp;ERW</FUNCTION>
     </RSMPE_STAF>
     <RSMPE_STAF>
      <STATUS>ALV_STATUS</STATUS>
      <FUNCTION>&amp;ETA</FUNCTION>
     </RSMPE_STAF>
     <RSMPE_STAF>
      <STATUS>ALV_STATUS</STATUS>
      <FUNCTION>&amp;F03</FUNCTION>
     </RSMPE_STAF>
     <RSMPE_STAF>
      <STATUS>ALV_STATUS</STATUS>
      <FUNCTION>&amp;F12</FUNCTION>
     </RSMPE_STAF>
     <RSMPE_STAF>
      <STATUS>ALV_STATUS</STATUS>
      <FUNCTION>&amp;F15</FUNCTION>
     </RSMPE_STAF>
     <RSMPE_STAF>
      <STATUS>ALV_STATUS</STATUS>
      <FUNCTION>&amp;IC1</FUNCTION>
     </RSMPE_STAF>
     <RSMPE_STAF>
      <STATUS>ALV_STATUS</STATUS>
      <FUNCTION>&amp;ILD</FUNCTION>
     </RSMPE_STAF>
     <RSMPE_STAF>
      <STATUS>ALV_STATUS</STATUS>
      <FUNCTION>&amp;ILT</FUNCTION>
     </RSMPE_STAF>
     <RSMPE_STAF>
      <STATUS>ALV_STATUS</STATUS>
      <FUNCTION>&amp;KOM</FUNCTION>
     </RSMPE_STAF>
     <RSMPE_STAF>
      <STATUS>ALV_STATUS</STATUS>
      <FUNCTION>&amp;LFO</FUNCTION>
     </RSMPE_STAF>
     <RSMPE_STAF>
      <STATUS>ALV_STATUS</STATUS>
      <FUNCTION>&amp;LIS</FUNCTION>
     </RSMPE_STAF>
     <RSMPE_STAF>
      <STATUS>ALV_STATUS</STATUS>
      <FUNCTION>&amp;MAX</FUNCTION>
     </RSMPE_STAF>
     <RSMPE_STAF>
      <STATUS>ALV_STATUS</STATUS>
      <FUNCTION>&amp;MIN</FUNCTION>
     </RSMPE_STAF>
     <RSMPE_STAF>
      <STATUS>ALV_STATUS</STATUS>
      <FUNCTION>&amp;NFO</FUNCTION>
     </RSMPE_STAF>
     <RSMPE_STAF>
      <STATUS>ALV_STATUS</STATUS>
      <FUNCTION>&amp;NTE</FUNCTION>
     </RSMPE_STAF>
     <RSMPE_STAF>
      <STATUS>ALV_STATUS</STATUS>
      <FUNCTION>&amp;OAD</FUNCTION>
     </RSMPE_STAF>
     <RSMPE_STAF>
      <STATUS>ALV_STATUS</STATUS>
      <FUNCTION>&amp;ODN</FUNCTION>
     </RSMPE_STAF>
     <RSMPE_STAF>
      <STATUS>ALV_STATUS</STATUS>
      <FUNCTION>&amp;OL0</FUNCTION>
     </RSMPE_STAF>
     <RSMPE_STAF>
      <STATUS>ALV_STATUS</STATUS>
      <FUNCTION>&amp;OL1</FUNCTION>
     </RSMPE_STAF>
     <RSMPE_STAF>
      <STATUS>ALV_STATUS</STATUS>
      <FUNCTION>&amp;OLX</FUNCTION>
     </RSMPE_STAF>
     <RSMPE_STAF>
      <STATUS>ALV_STATUS</STATUS>
      <FUNCTION>&amp;OMP</FUNCTION>
     </RSMPE_STAF>
     <RSMPE_STAF>
      <STATUS>ALV_STATUS</STATUS>
      <FUNCTION>&amp;OPT</FUNCTION>
     </RSMPE_STAF>
     <RSMPE_STAF>
      <STATUS>ALV_STATUS</STATUS>
      <FUNCTION>&amp;OUP</FUNCTION>
     </RSMPE_STAF>
     <RSMPE_STAF>
      <STATUS>ALV_STATUS</STATUS>
      <FUNCTION>&amp;RNT</FUNCTION>
     </RSMPE_STAF>
     <RSMPE_STAF>
      <STATUS>ALV_STATUS</STATUS>
      <FUNCTION>&amp;SAL</FUNCTION>
     </RSMPE_STAF>
     <RSMPE_STAF>
      <STATUS>ALV_STATUS</STATUS>
      <FUNCTION>&amp;SUM</FUNCTION>
     </RSMPE_STAF>
     <RSMPE_STAF>
      <STATUS>ALV_STATUS</STATUS>
      <FUNCTION>&amp;UMC</FUNCTION>
     </RSMPE_STAF>
     <RSMPE_STAF>
      <STATUS>ALV_STATUS</STATUS>
      <FUNCTION>&amp;XML</FUNCTION>
     </RSMPE_STAF>
     <RSMPE_STAF>
      <STATUS>ALV_STATUS</STATUS>
      <FUNCTION>&amp;XPA</FUNCTION>
     </RSMPE_STAF>
     <RSMPE_STAF>
      <STATUS>ALV_STATUS</STATUS>
      <FUNCTION>&amp;XXL</FUNCTION>
     </RSMPE_STAF>
     <RSMPE_STAF>
      <STATUS>ALV_STATUS</STATUS>
      <FUNCTION>BAC1</FUNCTION>
     </RSMPE_STAF>
     <RSMPE_STAF>
      <STATUS>ALV_STATUS</STATUS>
      <FUNCTION>BACK</FUNCTION>
     </RSMPE_STAF>
     <RSMPE_STAF>
      <STATUS>ALV_STATUS</STATUS>
      <FUNCTION>BEB1</FUNCTION>
     </RSMPE_STAF>
     <RSMPE_STAF>
      <STATUS>ALV_STATUS</STATUS>
      <FUNCTION>BEB2</FUNCTION>
     </RSMPE_STAF>
     <RSMPE_STAF>
      <STATUS>ALV_STATUS</STATUS>
      <FUNCTION>BEB3</FUNCTION>
     </RSMPE_STAF>
     <RSMPE_STAF>
      <STATUS>ALV_STATUS</STATUS>
      <FUNCTION>BEB9</FUNCTION>
     </RSMPE_STAF>
     <RSMPE_STAF>
      <STATUS>ALV_STATUS</STATUS>
      <FUNCTION>BEBN</FUNCTION>
     </RSMPE_STAF>
     <RSMPE_STAF>
      <STATUS>ALV_STATUS</STATUS>
      <FUNCTION>COL0</FUNCTION>
     </RSMPE_STAF>
     <RSMPE_STAF>
      <STATUS>ALV_STATUS</STATUS>
      <FUNCTION>COLX</FUNCTION>
     </RSMPE_STAF>
     <RSMPE_STAF>
      <STATUS>ALV_STATUS</STATUS>
      <FUNCTION>DETA</FUNCTION>
     </RSMPE_STAF>
     <RSMPE_STAF>
      <STATUS>ALV_STATUS</STATUS>
      <FUNCTION>DRUK</FUNCTION>
     </RSMPE_STAF>
     <RSMPE_STAF>
      <STATUS>ALV_STATUS</STATUS>
      <FUNCTION>DSAL</FUNCTION>
     </RSMPE_STAF>
     <RSMPE_STAF>
      <STATUS>ALV_STATUS</STATUS>
      <FUNCTION>ENTE</FUNCTION>
     </RSMPE_STAF>
     <RSMPE_STAF>
      <STATUS>ALV_STATUS</STATUS>
      <FUNCTION>EXCEL</FUNCTION>
     </RSMPE_STAF>
     <RSMPE_STAF>
      <STATUS>ALV_STATUS</STATUS>
      <FUNCTION>EXCELBIND</FUNCTION>
     </RSMPE_STAF>
     <RSMPE_STAF>
      <STATUS>ALV_STATUS</STATUS>
      <FUNCTION>EXCELCELL</FUNCTION>
     </RSMPE_STAF>
     <RSMPE_STAF>
      <STATUS>ALV_STATUS</STATUS>
      <FUNCTION>EXCELCONV</FUNCTION>
     </RSMPE_STAF>
     <RSMPE_STAF>
      <STATUS>ALV_STATUS</STATUS>
      <FUNCTION>EXIT</FUNCTION>
     </RSMPE_STAF>
     <RSMPE_STAF>
      <STATUS>ALV_STATUS</STATUS>
      <FUNCTION>EXPA</FUNCTION>
     </RSMPE_STAF>
     <RSMPE_STAF>
      <STATUS>ALV_STATUS</STATUS>
      <FUNCTION>FILD</FUNCTION>
     </RSMPE_STAF>
     <RSMPE_STAF>
      <STATUS>ALV_STATUS</STATUS>
      <FUNCTION>FILT</FUNCTION>
     </RSMPE_STAF>
     <RSMPE_STAF>
      <STATUS>ALV_STATUS</STATUS>
      <FUNCTION>GLIS</FUNCTION>
     </RSMPE_STAF>
     <RSMPE_STAF>
      <STATUS>ALV_STATUS</STATUS>
      <FUNCTION>HELP</FUNCTION>
     </RSMPE_STAF>
     <RSMPE_STAF>
      <STATUS>ALV_STATUS</STATUS>
      <FUNCTION>INFO</FUNCTION>
     </RSMPE_STAF>
     <RSMPE_STAF>
      <STATUS>ALV_STATUS</STATUS>
      <FUNCTION>KOMP</FUNCTION>
     </RSMPE_STAF>
     <RSMPE_STAF>
      <STATUS>ALV_STATUS</STATUS>
      <FUNCTION>P+</FUNCTION>
     </RSMPE_STAF>
     <RSMPE_STAF>
      <STATUS>ALV_STATUS</STATUS>
      <FUNCTION>P++</FUNCTION>
     </RSMPE_STAF>
     <RSMPE_STAF>
      <STATUS>ALV_STATUS</STATUS>
      <FUNCTION>P-</FUNCTION>
     </RSMPE_STAF>
     <RSMPE_STAF>
      <STATUS>ALV_STATUS</STATUS>
      <FUNCTION>P--</FUNCTION>
     </RSMPE_STAF>
     <RSMPE_STAF>
      <STATUS>ALV_STATUS</STATUS>
      <FUNCTION>PF09</FUNCTION>
     </RSMPE_STAF>
     <RSMPE_STAF>
      <STATUS>ALV_STATUS</STATUS>
      <FUNCTION>PF13</FUNCTION>
     </RSMPE_STAF>
     <RSMPE_STAF>
      <STATUS>ALV_STATUS</STATUS>
      <FUNCTION>PIC1</FUNCTION>
     </RSMPE_STAF>
     <RSMPE_STAF>
      <STATUS>ALV_STATUS</STATUS>
      <FUNCTION>PICK</FUNCTION>
     </RSMPE_STAF>
     <RSMPE_STAF>
      <STATUS>ALV_STATUS</STATUS>
      <FUNCTION>PRI</FUNCTION>
     </RSMPE_STAF>
     <RSMPE_STAF>
      <STATUS>ALV_STATUS</STATUS>
      <FUNCTION>PRIN</FUNCTION>
     </RSMPE_STAF>
     <RSMPE_STAF>
      <STATUS>ALV_STATUS</STATUS>
      <FUNCTION>PRNT</FUNCTION>
     </RSMPE_STAF>
     <RSMPE_STAF>
      <STATUS>ALV_STATUS</STATUS>
      <FUNCTION>RW</FUNCTION>
     </RSMPE_STAF>
     <RSMPE_STAF>
      <STATUS>ALV_STATUS</STATUS>
      <FUNCTION>SALL</FUNCTION>
     </RSMPE_STAF>
     <RSMPE_STAF>
      <STATUS>ALV_STATUS</STATUS>
      <FUNCTION>SAUF</FUNCTION>
     </RSMPE_STAF>
     <RSMPE_STAF>
      <STATUS>ALV_STATUS</STATUS>
      <FUNCTION>SAVE</FUNCTION>
     </RSMPE_STAF>
     <RSMPE_STAF>
      <STATUS>ALV_STATUS</STATUS>
      <FUNCTION>SCRB</FUNCTION>
     </RSMPE_STAF>
     <RSMPE_STAF>
      <STATUS>ALV_STATUS</STATUS>
      <FUNCTION>SCRE</FUNCTION>
     </RSMPE_STAF>
     <RSMPE_STAF>
      <STATUS>ALV_STATUS</STATUS>
      <FUNCTION>SCRL</FUNCTION>
     </RSMPE_STAF>
     <RSMPE_STAF>
      <STATUS>ALV_STATUS</STATUS>
      <FUNCTION>SCRR</FUNCTION>
     </RSMPE_STAF>
     <RSMPE_STAF>
      <STATUS>ALV_STATUS</STATUS>
      <FUNCTION>SKOM</FUNCTION>
     </RSMPE_STAF>
     <RSMPE_STAF>
      <STATUS>ALV_STATUS</STATUS>
      <FUNCTION>SODN</FUNCTION>
     </RSMPE_STAF>
     <RSMPE_STAF>
      <STATUS>ALV_STATUS</STATUS>
      <FUNCTION>SOUP</FUNCTION>
     </RSMPE_STAF>
     <RSMPE_STAF>
      <STATUS>ALV_STATUS</STATUS>
      <FUNCTION>SUMC</FUNCTION>
     </RSMPE_STAF>
     <RSMPE_STAF>
      <STATUS>ALV_STATUS</STATUS>
      <FUNCTION>ZSUM</FUNCTION>
     </RSMPE_STAF>
    </SET>
    <DOC>
     <RSMPE_ATRT>
      <OBJ_TYPE>A</OBJ_TYPE>
      <OBJ_CODE>000001</OBJ_CODE>
      <MODAL>D</MODAL>
      <INT_NOTE>Standard User Interface         STANDARD</INT_NOTE>
     </RSMPE_ATRT>
     <RSMPE_ATRT>
      <OBJ_TYPE>P</OBJ_TYPE>
      <OBJ_CODE>000001</OBJ_CODE>
      <MODAL>D</MODAL>
      <NORM>X</NORM>
      <INT_NOTE>Standard Maximum Interaction</INT_NOTE>
     </RSMPE_ATRT>
     <RSMPE_ATRT>
      <OBJ_TYPE>B</OBJ_TYPE>
      <OBJ_CODE>000001</OBJ_CODE>
      <SUB_CODE>0001</SUB_CODE>
      <MODAL>D</MODAL>
      <INT_NOTE>Standard Maximum Interaction</INT_NOTE>
     </RSMPE_ATRT>
    </DOC>
   </CUA>
   <I18N_TPOOL>
    <item>
     <LANGUAGE>E</LANGUAGE>
     <TEXTPOOL>
      <item>
       <ID>R</ID>
       <ENTRY>abap2xlsx Demo: Export ALV</ENTRY>
       <LENGTH>26</LENGTH>
      </item>
      <item>
       <ID>S</ID>
       <KEY>P_PATH</KEY>
       <ENTRY>.</ENTRY>
       <LENGTH>9</LENGTH>
       <SPLIT>D</SPLIT>
      </item>
     </TEXTPOOL>
    </item>
   </I18N_TPOOL>
  </asx:values>
 </asx:abap>
</abapGit>
