﻿<?xml version="1.0" encoding="utf-8"?>
<abapGit version="v1.0.0" serializer="LCL_OBJECT_PROG" serializer_version="v1.0.0">
 <asx:abap xmlns:asx="http://www.sap.com/abapxml" version="1.0">
  <asx:values>
   <PROGDIR>
    <NAME>ZDEMO_CALENDAR</NAME>
    <STATE>A</STATE>
    <VARCL>X</VARCL>
    <SUBC>1</SUBC>
    <RSTAT>T</RSTAT>
    <RLOAD>E</RLOAD>
    <FIXPT>X</FIXPT>
    <UCCHECK>X</UCCHECK>
   </PROGDIR>
   <I18N_TPOOL>
    <item>
     <LANGUAGE>D</LANGUAGE>
     <TEXTPOOL>
      <item>
       <ID>I</ID>
       <KEY>000</KEY>
       <ENTRY>Ausrichtung</ENTRY>
       <LENGTH>11</LENGTH>
      </item>
      <item>
       <ID>I</ID>
       <KEY>001</KEY>
       <ENTRY>KW</ENTRY>
       <LENGTH>4</LENGTH>
      </item>
      <item>
       <ID>I</ID>
       <KEY>002</KEY>
       <ENTRY>Erzeugt mit abap2xlsx. Weitere Informationen unter http://abap2xlsx.org.</ENTRY>
       <LENGTH>100</LENGTH>
      </item>
      <item>
       <ID>R</ID>
       <ENTRY>abap2xlsx Demo: Erzeugen eines Kalenders mit Bildern</ENTRY>
       <LENGTH>70</LENGTH>
      </item>
      <item>
       <ID>S</ID>
       <KEY>P_LANDS</KEY>
       <ENTRY>Querformat</ENTRY>
       <LENGTH>18</LENGTH>
      </item>
      <item>
       <ID>S</ID>
       <KEY>P_PORTR</KEY>
       <ENTRY>Hochformat</ENTRY>
       <LENGTH>18</LENGTH>
      </item>
      <item>
       <ID>S</ID>
       <KEY>P_FROM</KEY>
       <ENTRY>.</ENTRY>
       <LENGTH>17</LENGTH>
       <SPLIT>D</SPLIT>
      </item>
      <item>
       <ID>S</ID>
       <KEY>P_PATH</KEY>
       <ENTRY>.</ENTRY>
       <LENGTH>24</LENGTH>
       <SPLIT>D</SPLIT>
      </item>
      <item>
       <ID>S</ID>
       <KEY>P_TO</KEY>
       <ENTRY>.</ENTRY>
       <LENGTH>15</LENGTH>
       <SPLIT>D</SPLIT>
      </item>
     </TEXTPOOL>
    </item>
    <item>
     <LANGUAGE>E</LANGUAGE>
     <TEXTPOOL>
      <item>
       <ID>I</ID>
       <KEY>000</KEY>
       <ENTRY>Orientation</ENTRY>
       <LENGTH>11</LENGTH>
      </item>
      <item>
       <ID>I</ID>
       <KEY>001</KEY>
       <ENTRY>CW</ENTRY>
       <LENGTH>4</LENGTH>
      </item>
      <item>
       <ID>I</ID>
       <KEY>002</KEY>
       <ENTRY>Created with abap2xlsx. Find more information at http://abap2xlsx.org.</ENTRY>
       <LENGTH>100</LENGTH>
      </item>
      <item>
       <ID>R</ID>
       <ENTRY>abap2xlsx Demo: Create Calendar with Pictures</ENTRY>
       <LENGTH>45</LENGTH>
      </item>
      <item>
       <ID>S</ID>
       <KEY>P_FROM</KEY>
       <ENTRY>.</ENTRY>
       <LENGTH>17</LENGTH>
       <SPLIT>D</SPLIT>
      </item>
      <item>
       <ID>S</ID>
       <KEY>P_LANDS</KEY>
       <ENTRY>Landscape</ENTRY>
       <LENGTH>17</LENGTH>
      </item>
      <item>
       <ID>S</ID>
       <KEY>P_PATH</KEY>
       <ENTRY>.</ENTRY>
       <LENGTH>24</LENGTH>
       <SPLIT>D</SPLIT>
      </item>
      <item>
       <ID>S</ID>
       <KEY>P_PORTR</KEY>
       <ENTRY>Portrait</ENTRY>
       <LENGTH>16</LENGTH>
      </item>
      <item>
       <ID>S</ID>
       <KEY>P_TO</KEY>
       <ENTRY>.</ENTRY>
       <LENGTH>15</LENGTH>
       <SPLIT>D</SPLIT>
      </item>
     </TEXTPOOL>
    </item>
   </I18N_TPOOL>
  </asx:values>
 </asx:abap>
</abapGit>
