﻿<?xml version="1.0" encoding="utf-8"?>
<abapGit version="v1.0.0" serializer="LCL_OBJECT_TABL" serializer_version="v1.0.0">
 <asx:abap xmlns:asx="http://www.sap.com/abapxml" version="1.0">
  <asx:values>
   <DD02V>
    <TABNAME>ZEXCEL_S_WORKSHEET_HEAD_FOOT</TABNAME>
    <TABCLASS>INTTAB</TABCLASS>
    <EXCLASS>4</EXCLASS>
   </DD02V>
   <DD03P_TABLE>
    <DD03P>
     <TABNAME>ZEXCEL_S_WORKSHEET_HEAD_FOOT</TABNAME>
     <FIELDNAME>LEFT_VALUE</FIELDNAME>
     <POSITION>0001</POSITION>
     <ROLLNAME>DSTRING</ROLLNAME>
     <ADMINFIELD>0</ADMINFIELD>
     <COMPTYPE>E</COMPTYPE>
    </DD03P>
    <DD03P>
     <TABNAME>ZEXCEL_S_WORKSHEET_HEAD_FOOT</TABNAME>
     <FIELDNAME>LEFT_FONT</FIELDNAME>
     <POSITION>0002</POSITION>
     <ROLLNAME>ZEXCEL_S_STYLE_FONT</ROLLNAME>
     <ADMINFIELD>0</ADMINFIELD>
     <DATATYPE>STRU</DATATYPE>
     <MASK>  STRUS</MASK>
     <COMPTYPE>S</COMPTYPE>
    </DD03P>
    <DD03P>
     <TABNAME>ZEXCEL_S_WORKSHEET_HEAD_FOOT</TABNAME>
     <FIELDNAME>CENTER_VALUE</FIELDNAME>
     <POSITION>0017</POSITION>
     <ROLLNAME>DSTRING</ROLLNAME>
     <ADMINFIELD>0</ADMINFIELD>
     <COMPTYPE>E</COMPTYPE>
    </DD03P>
    <DD03P>
     <TABNAME>ZEXCEL_S_WORKSHEET_HEAD_FOOT</TABNAME>
     <FIELDNAME>CENTER_FONT</FIELDNAME>
     <POSITION>0018</POSITION>
     <ROLLNAME>ZEXCEL_S_STYLE_FONT</ROLLNAME>
     <ADMINFIELD>0</ADMINFIELD>
     <DATATYPE>STRU</DATATYPE>
     <MASK>  STRUS</MASK>
     <COMPTYPE>S</COMPTYPE>
    </DD03P>
    <DD03P>
     <TABNAME>ZEXCEL_S_WORKSHEET_HEAD_FOOT</TABNAME>
     <FIELDNAME>RIGHT_VALUE</FIELDNAME>
     <POSITION>0033</POSITION>
     <ROLLNAME>DSTRING</ROLLNAME>
     <ADMINFIELD>0</ADMINFIELD>
     <COMPTYPE>E</COMPTYPE>
    </DD03P>
    <DD03P>
     <TABNAME>ZEXCEL_S_WORKSHEET_HEAD_FOOT</TABNAME>
     <FIELDNAME>RIGHT_FONT</FIELDNAME>
     <POSITION>0034</POSITION>
     <ROLLNAME>ZEXCEL_S_STYLE_FONT</ROLLNAME>
     <ADMINFIELD>0</ADMINFIELD>
     <DATATYPE>STRU</DATATYPE>
     <MASK>  STRUS</MASK>
     <COMPTYPE>S</COMPTYPE>
    </DD03P>
   </DD03P_TABLE>
  </asx:values>
 </asx:abap>
</abapGit>
