﻿<?xml version="1.0" encoding="utf-8"?>
<abapGit version="v1.0.0" serializer="LCL_OBJECT_TABL" serializer_version="v1.0.0">
 <asx:abap xmlns:asx="http://www.sap.com/abapxml" version="1.0">
  <asx:values>
   <DD02V>
    <TABNAME>ZEXCEL_S_STYLE_BORDER</TABNAME>
    <TABCLASS>INTTAB</TABCLASS>
    <EXCLASS>4</EXCLASS>
   </DD02V>
   <DD03P_TABLE>
    <DD03P>
     <TABNAME>ZEXCEL_S_STYLE_BORDER</TABNAME>
     <FIELDNAME>LEFT_COLOR</FIELDNAME>
     <POSITION>0001</POSITION>
     <ROLLNAME>ZEXCEL_S_STYLE_COLOR</ROLLNAME>
     <ADMINFIELD>0</ADMINFIELD>
     <DATATYPE>STRU</DATATYPE>
     <MASK>  STRUS</MASK>
     <COMPTYPE>S</COMPTYPE>
    </DD03P>
    <DD03P>
     <TABNAME>ZEXCEL_S_STYLE_BORDER</TABNAME>
     <FIELDNAME>LEFT_STYLE</FIELDNAME>
     <POSITION>0006</POSITION>
     <ROLLNAME>ZEXCEL_BORDER</ROLLNAME>
     <ADMINFIELD>0</ADMINFIELD>
     <COMPTYPE>E</COMPTYPE>
    </DD03P>
    <DD03P>
     <TABNAME>ZEXCEL_S_STYLE_BORDER</TABNAME>
     <FIELDNAME>RIGHT_COLOR</FIELDNAME>
     <POSITION>0007</POSITION>
     <ROLLNAME>ZEXCEL_S_STYLE_COLOR</ROLLNAME>
     <ADMINFIELD>0</ADMINFIELD>
     <DATATYPE>STRU</DATATYPE>
     <MASK>  STRUS</MASK>
     <COMPTYPE>S</COMPTYPE>
    </DD03P>
    <DD03P>
     <TABNAME>ZEXCEL_S_STYLE_BORDER</TABNAME>
     <FIELDNAME>RIGHT_STYLE</FIELDNAME>
     <POSITION>0012</POSITION>
     <ROLLNAME>ZEXCEL_BORDER</ROLLNAME>
     <ADMINFIELD>0</ADMINFIELD>
     <COMPTYPE>E</COMPTYPE>
    </DD03P>
    <DD03P>
     <TABNAME>ZEXCEL_S_STYLE_BORDER</TABNAME>
     <FIELDNAME>TOP_COLOR</FIELDNAME>
     <POSITION>0013</POSITION>
     <ROLLNAME>ZEXCEL_S_STYLE_COLOR</ROLLNAME>
     <ADMINFIELD>0</ADMINFIELD>
     <DATATYPE>STRU</DATATYPE>
     <MASK>  STRUS</MASK>
     <COMPTYPE>S</COMPTYPE>
    </DD03P>
    <DD03P>
     <TABNAME>ZEXCEL_S_STYLE_BORDER</TABNAME>
     <FIELDNAME>TOP_STYLE</FIELDNAME>
     <POSITION>0018</POSITION>
     <ROLLNAME>ZEXCEL_BORDER</ROLLNAME>
     <ADMINFIELD>0</ADMINFIELD>
     <COMPTYPE>E</COMPTYPE>
    </DD03P>
    <DD03P>
     <TABNAME>ZEXCEL_S_STYLE_BORDER</TABNAME>
     <FIELDNAME>BOTTOM_COLOR</FIELDNAME>
     <POSITION>0019</POSITION>
     <ROLLNAME>ZEXCEL_S_STYLE_COLOR</ROLLNAME>
     <ADMINFIELD>0</ADMINFIELD>
     <DATATYPE>STRU</DATATYPE>
     <MASK>  STRUS</MASK>
     <COMPTYPE>S</COMPTYPE>
    </DD03P>
    <DD03P>
     <TABNAME>ZEXCEL_S_STYLE_BORDER</TABNAME>
     <FIELDNAME>BOTTOM_STYLE</FIELDNAME>
     <POSITION>0024</POSITION>
     <ROLLNAME>ZEXCEL_BORDER</ROLLNAME>
     <ADMINFIELD>0</ADMINFIELD>
     <COMPTYPE>E</COMPTYPE>
    </DD03P>
    <DD03P>
     <TABNAME>ZEXCEL_S_STYLE_BORDER</TABNAME>
     <FIELDNAME>DIAGONAL_COLOR</FIELDNAME>
     <POSITION>0025</POSITION>
     <ROLLNAME>ZEXCEL_S_STYLE_COLOR</ROLLNAME>
     <ADMINFIELD>0</ADMINFIELD>
     <DATATYPE>STRU</DATATYPE>
     <MASK>  STRUS</MASK>
     <COMPTYPE>S</COMPTYPE>
    </DD03P>
    <DD03P>
     <TABNAME>ZEXCEL_S_STYLE_BORDER</TABNAME>
     <FIELDNAME>DIAGONAL_STYLE</FIELDNAME>
     <POSITION>0030</POSITION>
     <ROLLNAME>ZEXCEL_BORDER</ROLLNAME>
     <ADMINFIELD>0</ADMINFIELD>
     <COMPTYPE>E</COMPTYPE>
    </DD03P>
    <DD03P>
     <TABNAME>ZEXCEL_S_STYLE_BORDER</TABNAME>
     <FIELDNAME>DIAGONALUP</FIELDNAME>
     <POSITION>0031</POSITION>
     <ROLLNAME>INT1</ROLLNAME>
     <ADMINFIELD>0</ADMINFIELD>
     <COMPTYPE>E</COMPTYPE>
    </DD03P>
    <DD03P>
     <TABNAME>ZEXCEL_S_STYLE_BORDER</TABNAME>
     <FIELDNAME>DIAGONALDOWN</FIELDNAME>
     <POSITION>0032</POSITION>
     <ROLLNAME>INT1</ROLLNAME>
     <ADMINFIELD>0</ADMINFIELD>
     <COMPTYPE>E</COMPTYPE>
    </DD03P>
   </DD03P_TABLE>
  </asx:values>
 </asx:abap>
</abapGit>
