﻿<?xml version="1.0" encoding="utf-8"?>
<abapGit version="v1.0.0" serializer="LCL_OBJECT_TTYP" serializer_version="v1.0.0">
 <asx:abap xmlns:asx="http://www.sap.com/abapxml" version="1.0">
  <asx:values>
   <DD40V>
    <TYPENAME>ZEXCEL_T_STYLEMAPPING1</TYPENAME>
    <ROWTYPE>ZEXCEL_S_STYLEMAPPING</ROWTYPE>
    <ROWKIND>S</ROWKIND>
    <DATATYPE>STRU</DATATYPE>
    <ACCESSMODE>H</ACCESSMODE>
    <KEYDEF>K</KEYDEF>
    <KEYKIND>U</KEYKIND>
    <KEYFDCOUNT>0003</KEYFDCOUNT>
   </DD40V>
   <DD42V>
    <DD42V>
     <TYPENAME>ZEXCEL_T_STYLEMAPPING1</TYPENAME>
     <KEYFDPOS>0001</KEYFDPOS>
     <ROWTYPEPOS>0001</ROWTYPEPOS>
     <KEYFIELD>DYNAMIC_STYLE_GUID</KEYFIELD>
    </DD42V>
    <DD42V>
     <TYPENAME>ZEXCEL_T_STYLEMAPPING1</TYPENAME>
     <KEYFDPOS>0002</KEYFDPOS>
     <ROWTYPEPOS>0097</ROWTYPEPOS>
     <KEYFIELD>COMPLETE_STYLEX</KEYFIELD>
    </DD42V>
    <DD42V>
     <TYPENAME>ZEXCEL_T_STYLEMAPPING1</TYPENAME>
     <KEYFDPOS>0003</KEYFDPOS>
     <ROWTYPEPOS>0002</ROWTYPEPOS>
     <KEYFIELD>COMPLETE_STYLE</KEYFIELD>
    </DD42V>
   </DD42V>
  </asx:values>
 </asx:abap>
</abapGit>
