﻿<?xml version="1.0" encoding="utf-8"?>
<abapGit version="v1.0.0" serializer="LCL_OBJECT_DTEL" serializer_version="v1.0.0">
 <asx:abap xmlns:asx="http://www.sap.com/abapxml" version="1.0">
  <asx:values>
   <DD04V>
    <ROLLNAME>ZEXCEL_ACTIVE_WORKSHEET</ROLLNAME>
    <DOMNAME>INT1</DOMNAME>
    <HEADLEN>16</HEADLEN>
    <SCRLEN1>06</SCRLEN1>
    <SCRLEN2>16</SCRLEN2>
    <SCRLEN3>16</SCRLEN3>
    <DTELMASTER>E</DTELMASTER>
    <REFKIND>D</REFKIND>
   </DD04V>
   <I18N_LANGS>
    <LANGU>E</LANGU>
   </I18N_LANGS>
   <DD04_TEXTS>
    <item>
     <DDLANGUAGE>E</DDLANGUAGE>
     <DDTEXT>Active Worksheet</DDTEXT>
     <REPTEXT>Active Worksheet</REPTEXT>
     <SCRTEXT_S>Active</SCRTEXT_S>
     <SCRTEXT_M>Active Worksheet</SCRTEXT_M>
     <SCRTEXT_L>Active Worksheet</SCRTEXT_L>
    </item>
   </DD04_TEXTS>
  </asx:values>
 </asx:abap>
</abapGit>
