﻿<?xml version="1.0" encoding="utf-8"?>
<abapGit version="v1.0.0" serializer="LCL_OBJECT_TABL" serializer_version="v1.0.0">
 <asx:abap xmlns:asx="http://www.sap.com/abapxml" version="1.0">
  <asx:values>
   <DD02V>
    <TABNAME>ZEXCEL_DRAWING_POSITION</TABNAME>
    <TABCLASS>INTTAB</TABCLASS>
    <EXCLASS>4</EXCLASS>
   </DD02V>
   <DD03P_TABLE>
    <DD03P>
     <TABNAME>ZEXCEL_DRAWING_POSITION</TABNAME>
     <FIELDNAME>ANCHOR</FIELDNAME>
     <POSITION>0001</POSITION>
     <ROLLNAME>ZEXCEL_DRAWING_ANCHOR</ROLLNAME>
     <ADMINFIELD>0</ADMINFIELD>
     <VALEXI>X</VALEXI>
     <SHLPORIGIN>F</SHLPORIGIN>
     <COMPTYPE>E</COMPTYPE>
    </DD03P>
    <DD03P>
     <TABNAME>ZEXCEL_DRAWING_POSITION</TABNAME>
     <FIELDNAME>FROM</FIELDNAME>
     <POSITION>0002</POSITION>
     <ROLLNAME>ZEXCEL_DRAWING_LOCATION</ROLLNAME>
     <ADMINFIELD>0</ADMINFIELD>
     <DATATYPE>STRU</DATATYPE>
     <MASK>  STRUS</MASK>
     <COMPTYPE>S</COMPTYPE>
    </DD03P>
    <DD03P>
     <TABNAME>ZEXCEL_DRAWING_POSITION</TABNAME>
     <FIELDNAME>TO</FIELDNAME>
     <POSITION>0007</POSITION>
     <ROLLNAME>ZEXCEL_DRAWING_LOCATION</ROLLNAME>
     <ADMINFIELD>0</ADMINFIELD>
     <DATATYPE>STRU</DATATYPE>
     <MASK>  STRUS</MASK>
     <COMPTYPE>S</COMPTYPE>
    </DD03P>
    <DD03P>
     <TABNAME>ZEXCEL_DRAWING_POSITION</TABNAME>
     <FIELDNAME>SIZE</FIELDNAME>
     <POSITION>0012</POSITION>
     <ROLLNAME>ZEXCEL_DRAWING_SIZE</ROLLNAME>
     <ADMINFIELD>0</ADMINFIELD>
     <DATATYPE>STRU</DATATYPE>
     <MASK>  STRUS</MASK>
     <COMPTYPE>S</COMPTYPE>
    </DD03P>
   </DD03P_TABLE>
  </asx:values>
 </asx:abap>
</abapGit>
