﻿<?xml version="1.0" encoding="utf-8"?>
<abapGit version="v1.0.0" serializer="LCL_OBJECT_DOMA" serializer_version="v1.0.0">
 <asx:abap xmlns:asx="http://www.sap.com/abapxml" version="1.0">
  <asx:values>
   <DD01V>
    <DOMNAME>ZEXCEL_SHEET_BOOL</DOMNAME>
    <DATATYPE>CHAR</DATATYPE>
    <LENG>000001</LENG>
    <OUTPUTLEN>000001</OUTPUTLEN>
    <VALEXI>X</VALEXI>
   </DD01V>
   <DD07V_TAB>
    <DD07V>
     <DOMNAME>ZEXCEL_SHEET_BOOL</DOMNAME>
     <VALPOS>0001</VALPOS>
     <DOMVALUE_L>1</DOMVALUE_L>
    </DD07V>
    <DD07V>
     <DOMNAME>ZEXCEL_SHEET_BOOL</DOMNAME>
     <VALPOS>0002</VALPOS>
     <DOMVALUE_L>0</DOMVALUE_L>
    </DD07V>
   </DD07V_TAB>
   <I18N_LANGS>
    <LANGU>E</LANGU>
   </I18N_LANGS>
   <DD01_TEXTS>
    <item>
     <DDLANGUAGE>E</DDLANGUAGE>
     <DDTEXT>XML Schema bool data type</DDTEXT>
    </item>
   </DD01_TEXTS>
   <DD07_TEXTS>
    <item>
     <VALPOS>0001</VALPOS>
     <DDLANGUAGE>E</DDLANGUAGE>
     <DOMVALUE_L>1</DOMVALUE_L>
     <DDTEXT>True</DDTEXT>
    </item>
    <item>
     <VALPOS>0002</VALPOS>
     <DDLANGUAGE>E</DDLANGUAGE>
     <DOMVALUE_L>0</DOMVALUE_L>
     <DDTEXT>False</DDTEXT>
    </item>
   </DD07_TEXTS>
  </asx:values>
 </asx:abap>
</abapGit>
