﻿<?xml version="1.0" encoding="utf-8"?>
<abapGit version="v1.0.0" serializer="LCL_OBJECT_TTYP" serializer_version="v1.0.0">
 <asx:abap xmlns:asx="http://www.sap.com/abapxml" version="1.0">
  <asx:values>
   <DD40V>
    <TYPENAME>ZEXCEL_T_STYLE_FILL</TYPENAME>
    <ROWTYPE>ZEXCEL_S_STYLE_FILL</ROWTYPE>
    <ROWKIND>S</ROWKIND>
    <DATATYPE>STRU</DATATYPE>
    <ACCESSMODE>T</ACCESSMODE>
    <KEYDEF>K</KEYDEF>
    <KEYKIND>N</KEYKIND>
    <KEYFDCOUNT>0005</KEYFDCOUNT>
   </DD40V>
   <DD42V>
    <DD42V>
     <TYPENAME>ZEXCEL_T_STYLE_FILL</TYPENAME>
     <KEYFDPOS>0001</KEYFDPOS>
     <ROWTYPEPOS>0001</ROWTYPEPOS>
     <KEYFIELD>FILLTYPE</KEYFIELD>
    </DD42V>
    <DD42V>
     <TYPENAME>ZEXCEL_T_STYLE_FILL</TYPENAME>
     <KEYFDPOS>0002</KEYFDPOS>
     <ROWTYPEPOS>0002</ROWTYPEPOS>
     <KEYFIELD>ROTATION</KEYFIELD>
    </DD42V>
    <DD42V>
     <TYPENAME>ZEXCEL_T_STYLE_FILL</TYPENAME>
     <KEYFDPOS>0003</KEYFDPOS>
     <ROWTYPEPOS>0003</ROWTYPEPOS>
     <KEYFIELD>FGCOLOR</KEYFIELD>
    </DD42V>
    <DD42V>
     <TYPENAME>ZEXCEL_T_STYLE_FILL</TYPENAME>
     <KEYFDPOS>0004</KEYFDPOS>
     <ROWTYPEPOS>0008</ROWTYPEPOS>
     <KEYFIELD>BGCOLOR</KEYFIELD>
    </DD42V>
    <DD42V>
     <TYPENAME>ZEXCEL_T_STYLE_FILL</TYPENAME>
     <KEYFDPOS>0005</KEYFDPOS>
     <ROWTYPEPOS>0013</ROWTYPEPOS>
     <KEYFIELD>GRADTYPE</KEYFIELD>
    </DD42V>
   </DD42V>
  </asx:values>
 </asx:abap>
</abapGit>
