﻿<?xml version="1.0" encoding="utf-8"?>
<abapGit version="v1.0.0" serializer="LCL_OBJECT_DTEL" serializer_version="v1.0.0">
 <asx:abap xmlns:asx="http://www.sap.com/abapxml" version="1.0">
  <asx:values>
   <DD04V>
    <ROLLNAME>ZEXCEL_SHEET_SUMMARY</ROLLNAME>
    <DOMNAME>INT4</DOMNAME>
    <HEADLEN>27</HEADLEN>
    <SCRLEN1>10</SCRLEN1>
    <SCRLEN2>19</SCRLEN2>
    <SCRLEN3>26</SCRLEN3>
    <DTELMASTER>E</DTELMASTER>
    <REFKIND>D</REFKIND>
   </DD04V>
   <I18N_LANGS>
    <LANGU>E</LANGU>
   </I18N_LANGS>
   <DD04_TEXTS>
    <item>
     <DDLANGUAGE>E</DDLANGUAGE>
     <DDTEXT>Outline summary below/right</DDTEXT>
     <REPTEXT>Outline summary below/right</REPTEXT>
     <SCRTEXT_S>SumBlwRgt</SCRTEXT_S>
     <SCRTEXT_M>Summary below/right</SCRTEXT_M>
     <SCRTEXT_L>Outline summary below/rght</SCRTEXT_L>
    </item>
   </DD04_TEXTS>
  </asx:values>
 </asx:abap>
</abapGit>
