﻿<?xml version="1.0" encoding="utf-8"?>
<abapGit version="v1.0.0" serializer="LCL_OBJECT_TABL" serializer_version="v1.0.0">
 <asx:abap xmlns:asx="http://www.sap.com/abapxml" version="1.0">
  <asx:values>
   <DD02V>
    <TABNAME>ZEXCEL_CONDITIONAL_ICONSET</TABNAME>
    <TABCLASS>INTTAB</TABCLASS>
    <EXCLASS>1</EXCLASS>
   </DD02V>
   <DD03P_TABLE>
    <DD03P>
     <TABNAME>ZEXCEL_CONDITIONAL_ICONSET</TABNAME>
     <FIELDNAME>ICONSET</FIELDNAME>
     <POSITION>0001</POSITION>
     <ROLLNAME>ZEXCEL_CONDITION_RULE_ICONSET</ROLLNAME>
     <ADMINFIELD>0</ADMINFIELD>
     <COMPTYPE>E</COMPTYPE>
    </DD03P>
    <DD03P>
     <TABNAME>ZEXCEL_CONDITIONAL_ICONSET</TABNAME>
     <FIELDNAME>CFVO1_TYPE</FIELDNAME>
     <POSITION>0002</POSITION>
     <ROLLNAME>ZEXCEL_CONDITIONAL_TYPE</ROLLNAME>
     <ADMINFIELD>0</ADMINFIELD>
     <COMPTYPE>E</COMPTYPE>
    </DD03P>
    <DD03P>
     <TABNAME>ZEXCEL_CONDITIONAL_ICONSET</TABNAME>
     <FIELDNAME>CFVO1_VALUE</FIELDNAME>
     <POSITION>0003</POSITION>
     <ROLLNAME>ZEXCEL_CONDITIONAL_VALUE</ROLLNAME>
     <ADMINFIELD>0</ADMINFIELD>
     <COMPTYPE>E</COMPTYPE>
    </DD03P>
    <DD03P>
     <TABNAME>ZEXCEL_CONDITIONAL_ICONSET</TABNAME>
     <FIELDNAME>CFVO2_TYPE</FIELDNAME>
     <POSITION>0004</POSITION>
     <ROLLNAME>ZEXCEL_CONDITIONAL_TYPE</ROLLNAME>
     <ADMINFIELD>0</ADMINFIELD>
     <COMPTYPE>E</COMPTYPE>
    </DD03P>
    <DD03P>
     <TABNAME>ZEXCEL_CONDITIONAL_ICONSET</TABNAME>
     <FIELDNAME>CFVO2_VALUE</FIELDNAME>
     <POSITION>0005</POSITION>
     <ROLLNAME>ZEXCEL_CONDITIONAL_VALUE</ROLLNAME>
     <ADMINFIELD>0</ADMINFIELD>
     <COMPTYPE>E</COMPTYPE>
    </DD03P>
    <DD03P>
     <TABNAME>ZEXCEL_CONDITIONAL_ICONSET</TABNAME>
     <FIELDNAME>CFVO3_TYPE</FIELDNAME>
     <POSITION>0006</POSITION>
     <ROLLNAME>ZEXCEL_CONDITIONAL_TYPE</ROLLNAME>
     <ADMINFIELD>0</ADMINFIELD>
     <COMPTYPE>E</COMPTYPE>
    </DD03P>
    <DD03P>
     <TABNAME>ZEXCEL_CONDITIONAL_ICONSET</TABNAME>
     <FIELDNAME>CFVO3_VALUE</FIELDNAME>
     <POSITION>0007</POSITION>
     <ROLLNAME>ZEXCEL_CONDITIONAL_VALUE</ROLLNAME>
     <ADMINFIELD>0</ADMINFIELD>
     <COMPTYPE>E</COMPTYPE>
    </DD03P>
    <DD03P>
     <TABNAME>ZEXCEL_CONDITIONAL_ICONSET</TABNAME>
     <FIELDNAME>CFVO4_TYPE</FIELDNAME>
     <POSITION>0008</POSITION>
     <ROLLNAME>ZEXCEL_CONDITIONAL_TYPE</ROLLNAME>
     <ADMINFIELD>0</ADMINFIELD>
     <COMPTYPE>E</COMPTYPE>
    </DD03P>
    <DD03P>
     <TABNAME>ZEXCEL_CONDITIONAL_ICONSET</TABNAME>
     <FIELDNAME>CFVO4_VALUE</FIELDNAME>
     <POSITION>0009</POSITION>
     <ROLLNAME>ZEXCEL_CONDITIONAL_VALUE</ROLLNAME>
     <ADMINFIELD>0</ADMINFIELD>
     <COMPTYPE>E</COMPTYPE>
    </DD03P>
    <DD03P>
     <TABNAME>ZEXCEL_CONDITIONAL_ICONSET</TABNAME>
     <FIELDNAME>CFVO5_TYPE</FIELDNAME>
     <POSITION>0010</POSITION>
     <ROLLNAME>ZEXCEL_CONDITIONAL_TYPE</ROLLNAME>
     <ADMINFIELD>0</ADMINFIELD>
     <COMPTYPE>E</COMPTYPE>
    </DD03P>
    <DD03P>
     <TABNAME>ZEXCEL_CONDITIONAL_ICONSET</TABNAME>
     <FIELDNAME>CFVO5_VALUE</FIELDNAME>
     <POSITION>0011</POSITION>
     <ROLLNAME>ZEXCEL_CONDITIONAL_VALUE</ROLLNAME>
     <ADMINFIELD>0</ADMINFIELD>
     <COMPTYPE>E</COMPTYPE>
    </DD03P>
    <DD03P>
     <TABNAME>ZEXCEL_CONDITIONAL_ICONSET</TABNAME>
     <FIELDNAME>SHOWVALUE</FIELDNAME>
     <POSITION>0012</POSITION>
     <ROLLNAME>ZEXCEL_CONDITIONAL_SHOW_VALUE</ROLLNAME>
     <ADMINFIELD>0</ADMINFIELD>
     <VALEXI>X</VALEXI>
     <SHLPORIGIN>F</SHLPORIGIN>
     <COMPTYPE>E</COMPTYPE>
    </DD03P>
   </DD03P_TABLE>
  </asx:values>
 </asx:abap>
</abapGit>
