﻿<?xml version="1.0" encoding="utf-8"?>
<abapGit version="v1.0.0" serializer="LCL_OBJECT_DOMA" serializer_version="v1.0.0">
 <asx:abap xmlns:asx="http://www.sap.com/abapxml" version="1.0">
  <asx:values>
   <DD01V>
    <DOMNAME>ZEXCEL_DRAWING_ANCHOR</DOMNAME>
    <DATATYPE>CHAR</DATATYPE>
    <LENG>000003</LENG>
    <OUTPUTLEN>000003</OUTPUTLEN>
    <VALEXI>X</VALEXI>
   </DD01V>
   <DD07V_TAB>
    <DD07V>
     <DOMNAME>ZEXCEL_DRAWING_ANCHOR</DOMNAME>
     <VALPOS>0001</VALPOS>
     <DOMVALUE_L>ABS</DOMVALUE_L>
    </DD07V>
    <DD07V>
     <DOMNAME>ZEXCEL_DRAWING_ANCHOR</DOMNAME>
     <VALPOS>0002</VALPOS>
     <DOMVALUE_L>ONE</DOMVALUE_L>
    </DD07V>
    <DD07V>
     <DOMNAME>ZEXCEL_DRAWING_ANCHOR</DOMNAME>
     <VALPOS>0003</VALPOS>
     <DOMVALUE_L>TWO</DOMVALUE_L>
    </DD07V>
   </DD07V_TAB>
   <I18N_LANGS>
    <LANGU>E</LANGU>
   </I18N_LANGS>
   <DD01_TEXTS>
    <item>
     <DDLANGUAGE>E</DDLANGUAGE>
     <DDTEXT>Excel drawing anchor type</DDTEXT>
    </item>
   </DD01_TEXTS>
   <DD07_TEXTS>
    <item>
     <VALPOS>0001</VALPOS>
     <DDLANGUAGE>E</DDLANGUAGE>
     <DOMVALUE_L>ABS</DOMVALUE_L>
     <DDTEXT>Absolute position</DDTEXT>
    </item>
    <item>
     <VALPOS>0002</VALPOS>
     <DDLANGUAGE>E</DDLANGUAGE>
     <DOMVALUE_L>ONE</DOMVALUE_L>
     <DDTEXT>One-cell anchor</DDTEXT>
    </item>
    <item>
     <VALPOS>0003</VALPOS>
     <DDLANGUAGE>E</DDLANGUAGE>
     <DOMVALUE_L>TWO</DOMVALUE_L>
     <DDTEXT>Two-cell anchor</DDTEXT>
    </item>
   </DD07_TEXTS>
  </asx:values>
 </asx:abap>
</abapGit>
