﻿<?xml version="1.0" encoding="utf-8"?>
<abapGit version="v1.0.0" serializer="LCL_OBJECT_TABL" serializer_version="v1.0.0">
 <asx:abap xmlns:asx="http://www.sap.com/abapxml" version="1.0">
  <asx:values>
   <DD02V>
    <TABNAME>ZEXCEL_S_CSTYLEX_COLOR</TABNAME>
    <TABCLASS>INTTAB</TABCLASS>
    <EXCLASS>4</EXCLASS>
   </DD02V>
   <DD03P_TABLE>
    <DD03P>
     <TABNAME>ZEXCEL_S_CSTYLEX_COLOR</TABNAME>
     <FIELDNAME>RGB</FIELDNAME>
     <POSITION>0001</POSITION>
     <ROLLNAME>FLAG</ROLLNAME>
     <ADMINFIELD>0</ADMINFIELD>
     <VALEXI>X</VALEXI>
     <SHLPORIGIN>F</SHLPORIGIN>
     <COMPTYPE>E</COMPTYPE>
    </DD03P>
    <DD03P>
     <TABNAME>ZEXCEL_S_CSTYLEX_COLOR</TABNAME>
     <FIELDNAME>INDEXED</FIELDNAME>
     <POSITION>0002</POSITION>
     <ROLLNAME>FLAG</ROLLNAME>
     <ADMINFIELD>0</ADMINFIELD>
     <VALEXI>X</VALEXI>
     <SHLPORIGIN>F</SHLPORIGIN>
     <COMPTYPE>E</COMPTYPE>
    </DD03P>
    <DD03P>
     <TABNAME>ZEXCEL_S_CSTYLEX_COLOR</TABNAME>
     <FIELDNAME>THEME</FIELDNAME>
     <POSITION>0003</POSITION>
     <ROLLNAME>FLAG</ROLLNAME>
     <ADMINFIELD>0</ADMINFIELD>
     <VALEXI>X</VALEXI>
     <SHLPORIGIN>F</SHLPORIGIN>
     <COMPTYPE>E</COMPTYPE>
    </DD03P>
    <DD03P>
     <TABNAME>ZEXCEL_S_CSTYLEX_COLOR</TABNAME>
     <FIELDNAME>TINT</FIELDNAME>
     <POSITION>0004</POSITION>
     <ROLLNAME>FLAG</ROLLNAME>
     <ADMINFIELD>0</ADMINFIELD>
     <VALEXI>X</VALEXI>
     <SHLPORIGIN>F</SHLPORIGIN>
     <COMPTYPE>E</COMPTYPE>
    </DD03P>
   </DD03P_TABLE>
  </asx:values>
 </asx:abap>
</abapGit>
