﻿<?xml version="1.0" encoding="utf-8"?>
<abapGit version="v1.0.0" serializer="LCL_OBJECT_DTEL" serializer_version="v1.0.0">
 <asx:abap xmlns:asx="http://www.sap.com/abapxml" version="1.0">
  <asx:values>
   <DD04V>
    <ROLLNAME>ZEXCEL_CREATOR</ROLLNAME>
    <DOMNAME>TEXT80</DOMNAME>
    <HEADLEN>07</HEADLEN>
    <SCRLEN1>07</SCRLEN1>
    <SCRLEN2>07</SCRLEN2>
    <SCRLEN3>07</SCRLEN3>
    <DTELMASTER>E</DTELMASTER>
    <REFKIND>D</REFKIND>
   </DD04V>
   <I18N_LANGS>
    <LANGU>E</LANGU>
   </I18N_LANGS>
   <DD04_TEXTS>
    <item>
     <DDLANGUAGE>E</DDLANGUAGE>
     <DDTEXT>Creator</DDTEXT>
     <REPTEXT>Creator</REPTEXT>
     <SCRTEXT_S>Creator</SCRTEXT_S>
     <SCRTEXT_M>Creator</SCRTEXT_M>
     <SCRTEXT_L>Creator</SCRTEXT_L>
    </item>
   </DD04_TEXTS>
  </asx:values>
 </asx:abap>
</abapGit>
