﻿<?xml version="1.0" encoding="utf-8"?>
<abapGit version="v1.0.0" serializer="LCL_OBJECT_DTEL" serializer_version="v1.0.0">
 <asx:abap xmlns:asx="http://www.sap.com/abapxml" version="1.0">
  <asx:values>
   <DD04V>
    <ROLLNAME>ZEXCEL_CELL_DATA_TYPE</ROLLNAME>
    <HEADLEN>14</HEADLEN>
    <SCRLEN1>09</SCRLEN1>
    <SCRLEN2>14</SCRLEN2>
    <SCRLEN3>14</SCRLEN3>
    <DTELMASTER>E</DTELMASTER>
    <DATATYPE>STRG</DATATYPE>
   </DD04V>
   <I18N_LANGS>
    <LANGU>E</LANGU>
   </I18N_LANGS>
   <DD04_TEXTS>
    <item>
     <DDLANGUAGE>E</DDLANGUAGE>
     <DDTEXT>Cell data type</DDTEXT>
     <REPTEXT>Cell data type</REPTEXT>
     <SCRTEXT_S>Data type</SCRTEXT_S>
     <SCRTEXT_M>Cell data type</SCRTEXT_M>
     <SCRTEXT_L>Cell data type</SCRTEXT_L>
    </item>
   </DD04_TEXTS>
  </asx:values>
 </asx:abap>
</abapGit>
