﻿<?xml version="1.0" encoding="utf-8"?>
<abapGit version="v1.0.0" serializer="LCL_OBJECT_TABL" serializer_version="v1.0.0">
 <asx:abap xmlns:asx="http://www.sap.com/abapxml" version="1.0">
  <asx:values>
   <DD02V>
    <TABNAME>ZEXCEL_S_TABLE_SETTINGS</TABNAME>
    <TABCLASS>INTTAB</TABCLASS>
    <EXCLASS>1</EXCLASS>
   </DD02V>
   <DD03P_TABLE>
    <DD03P>
     <TABNAME>ZEXCEL_S_TABLE_SETTINGS</TABNAME>
     <FIELDNAME>TABLE_STYLE</FIELDNAME>
     <POSITION>0001</POSITION>
     <ROLLNAME>ZEXCEL_TABLE_STYLE</ROLLNAME>
     <ADMINFIELD>0</ADMINFIELD>
     <COMPTYPE>E</COMPTYPE>
    </DD03P>
    <DD03P>
     <TABNAME>ZEXCEL_S_TABLE_SETTINGS</TABNAME>
     <FIELDNAME>TABLE_NAME</FIELDNAME>
     <POSITION>0002</POSITION>
     <ROLLNAME>DSTRING</ROLLNAME>
     <ADMINFIELD>0</ADMINFIELD>
     <COMPTYPE>E</COMPTYPE>
    </DD03P>
    <DD03P>
     <TABNAME>ZEXCEL_S_TABLE_SETTINGS</TABNAME>
     <FIELDNAME>TOP_LEFT_COLUMN</FIELDNAME>
     <POSITION>0003</POSITION>
     <ROLLNAME>ZEXCEL_CELL_COLUMN_ALPHA</ROLLNAME>
     <ADMINFIELD>0</ADMINFIELD>
     <COMPTYPE>E</COMPTYPE>
    </DD03P>
    <DD03P>
     <TABNAME>ZEXCEL_S_TABLE_SETTINGS</TABNAME>
     <FIELDNAME>TOP_LEFT_ROW</FIELDNAME>
     <POSITION>0004</POSITION>
     <ROLLNAME>ZEXCEL_CELL_ROW</ROLLNAME>
     <ADMINFIELD>0</ADMINFIELD>
     <COMPTYPE>E</COMPTYPE>
    </DD03P>
    <DD03P>
     <TABNAME>ZEXCEL_S_TABLE_SETTINGS</TABNAME>
     <FIELDNAME>SHOW_ROW_STRIPES</FIELDNAME>
     <POSITION>0005</POSITION>
     <ROLLNAME>FLAG</ROLLNAME>
     <ADMINFIELD>0</ADMINFIELD>
     <VALEXI>X</VALEXI>
     <SHLPORIGIN>F</SHLPORIGIN>
     <COMPTYPE>E</COMPTYPE>
    </DD03P>
    <DD03P>
     <TABNAME>ZEXCEL_S_TABLE_SETTINGS</TABNAME>
     <FIELDNAME>SHOW_COLUMN_STRIPES</FIELDNAME>
     <POSITION>0006</POSITION>
     <ROLLNAME>FLAG</ROLLNAME>
     <ADMINFIELD>0</ADMINFIELD>
     <VALEXI>X</VALEXI>
     <SHLPORIGIN>F</SHLPORIGIN>
     <COMPTYPE>E</COMPTYPE>
    </DD03P>
    <DD03P>
     <TABNAME>ZEXCEL_S_TABLE_SETTINGS</TABNAME>
     <FIELDNAME>BOTTOM_RIGHT_COLUMN</FIELDNAME>
     <POSITION>0007</POSITION>
     <ROLLNAME>ZEXCEL_CELL_COLUMN_ALPHA</ROLLNAME>
     <ADMINFIELD>0</ADMINFIELD>
     <COMPTYPE>E</COMPTYPE>
    </DD03P>
    <DD03P>
     <TABNAME>ZEXCEL_S_TABLE_SETTINGS</TABNAME>
     <FIELDNAME>BOTTOM_RIGHT_ROW</FIELDNAME>
     <POSITION>0008</POSITION>
     <ROLLNAME>ZEXCEL_CELL_ROW</ROLLNAME>
     <ADMINFIELD>0</ADMINFIELD>
     <COMPTYPE>E</COMPTYPE>
    </DD03P>
    <DD03P>
     <TABNAME>ZEXCEL_S_TABLE_SETTINGS</TABNAME>
     <FIELDNAME>NOFILTERS</FIELDNAME>
     <POSITION>0009</POSITION>
     <ROLLNAME>FLAG</ROLLNAME>
     <ADMINFIELD>0</ADMINFIELD>
     <VALEXI>X</VALEXI>
     <SHLPORIGIN>F</SHLPORIGIN>
     <COMPTYPE>E</COMPTYPE>
    </DD03P>
   </DD03P_TABLE>
  </asx:values>
 </asx:abap>
</abapGit>
