﻿<?xml version="1.0" encoding="utf-8"?>
<abapGit version="v1.0.0" serializer="LCL_OBJECT_TTYP" serializer_version="v1.0.0">
 <asx:abap xmlns:asx="http://www.sap.com/abapxml" version="1.0">
  <asx:values>
   <DD40V>
    <TYPENAME>ZEXCEL_T_CELLXFS</TYPENAME>
    <ROWTYPE>ZEXCEL_S_CELLXFS</ROWTYPE>
    <ROWKIND>S</ROWKIND>
    <DATATYPE>STRU</DATATYPE>
    <ACCESSMODE>T</ACCESSMODE>
    <KEYDEF>K</KEYDEF>
    <KEYKIND>N</KEYKIND>
    <KEYFDCOUNT>0013</KEYFDCOUNT>
   </DD40V>
   <DD42V>
    <DD42V>
     <TYPENAME>ZEXCEL_T_CELLXFS</TYPENAME>
     <KEYFDPOS>0001</KEYFDPOS>
     <ROWTYPEPOS>0001</ROWTYPEPOS>
     <KEYFIELD>NUMFMTID</KEYFIELD>
    </DD42V>
    <DD42V>
     <TYPENAME>ZEXCEL_T_CELLXFS</TYPENAME>
     <KEYFDPOS>0002</KEYFDPOS>
     <ROWTYPEPOS>0002</ROWTYPEPOS>
     <KEYFIELD>FONTID</KEYFIELD>
    </DD42V>
    <DD42V>
     <TYPENAME>ZEXCEL_T_CELLXFS</TYPENAME>
     <KEYFDPOS>0003</KEYFDPOS>
     <ROWTYPEPOS>0003</ROWTYPEPOS>
     <KEYFIELD>FILLID</KEYFIELD>
    </DD42V>
    <DD42V>
     <TYPENAME>ZEXCEL_T_CELLXFS</TYPENAME>
     <KEYFDPOS>0004</KEYFDPOS>
     <ROWTYPEPOS>0004</ROWTYPEPOS>
     <KEYFIELD>BORDERID</KEYFIELD>
    </DD42V>
    <DD42V>
     <TYPENAME>ZEXCEL_T_CELLXFS</TYPENAME>
     <KEYFDPOS>0005</KEYFDPOS>
     <ROWTYPEPOS>0005</ROWTYPEPOS>
     <KEYFIELD>XFID</KEYFIELD>
    </DD42V>
    <DD42V>
     <TYPENAME>ZEXCEL_T_CELLXFS</TYPENAME>
     <KEYFDPOS>0006</KEYFDPOS>
     <ROWTYPEPOS>0006</ROWTYPEPOS>
     <KEYFIELD>ALIGNMENTID</KEYFIELD>
    </DD42V>
    <DD42V>
     <TYPENAME>ZEXCEL_T_CELLXFS</TYPENAME>
     <KEYFDPOS>0007</KEYFDPOS>
     <ROWTYPEPOS>0007</ROWTYPEPOS>
     <KEYFIELD>PROTECTIONID</KEYFIELD>
    </DD42V>
    <DD42V>
     <TYPENAME>ZEXCEL_T_CELLXFS</TYPENAME>
     <KEYFDPOS>0008</KEYFDPOS>
     <ROWTYPEPOS>0008</ROWTYPEPOS>
     <KEYFIELD>APPLYNUMBERFORMAT</KEYFIELD>
    </DD42V>
    <DD42V>
     <TYPENAME>ZEXCEL_T_CELLXFS</TYPENAME>
     <KEYFDPOS>0009</KEYFDPOS>
     <ROWTYPEPOS>0009</ROWTYPEPOS>
     <KEYFIELD>APPLYFONT</KEYFIELD>
    </DD42V>
    <DD42V>
     <TYPENAME>ZEXCEL_T_CELLXFS</TYPENAME>
     <KEYFDPOS>0010</KEYFDPOS>
     <ROWTYPEPOS>0010</ROWTYPEPOS>
     <KEYFIELD>APPLYFILL</KEYFIELD>
    </DD42V>
    <DD42V>
     <TYPENAME>ZEXCEL_T_CELLXFS</TYPENAME>
     <KEYFDPOS>0011</KEYFDPOS>
     <ROWTYPEPOS>0011</ROWTYPEPOS>
     <KEYFIELD>APPLYBORDER</KEYFIELD>
    </DD42V>
    <DD42V>
     <TYPENAME>ZEXCEL_T_CELLXFS</TYPENAME>
     <KEYFDPOS>0012</KEYFDPOS>
     <ROWTYPEPOS>0012</ROWTYPEPOS>
     <KEYFIELD>APPLYALIGNMENT</KEYFIELD>
    </DD42V>
    <DD42V>
     <TYPENAME>ZEXCEL_T_CELLXFS</TYPENAME>
     <KEYFDPOS>0013</KEYFDPOS>
     <ROWTYPEPOS>0013</ROWTYPEPOS>
     <KEYFIELD>APPLYPROTECTION</KEYFIELD>
    </DD42V>
   </DD42V>
  </asx:values>
 </asx:abap>
</abapGit>
