﻿<?xml version="1.0" encoding="utf-8"?>
<abapGit version="v1.0.0" serializer="LCL_OBJECT_TTYP" serializer_version="v1.0.0">
 <asx:abap xmlns:asx="http://www.sap.com/abapxml" version="1.0">
  <asx:values>
   <DD40V>
    <TYPENAME>ZEXCEL_T_STYLE_ALIGNMENT</TYPENAME>
    <ROWTYPE>ZEXCEL_S_STYLE_ALIGNMENT</ROWTYPE>
    <ROWKIND>S</ROWKIND>
    <DATATYPE>STRU</DATATYPE>
    <ACCESSMODE>T</ACCESSMODE>
    <KEYDEF>K</KEYDEF>
    <KEYKIND>N</KEYKIND>
    <KEYFDCOUNT>0006</KEYFDCOUNT>
   </DD40V>
   <DD42V>
    <DD42V>
     <TYPENAME>ZEXCEL_T_STYLE_ALIGNMENT</TYPENAME>
     <KEYFDPOS>0001</KEYFDPOS>
     <ROWTYPEPOS>0001</ROWTYPEPOS>
     <KEYFIELD>HORIZONTAL</KEYFIELD>
    </DD42V>
    <DD42V>
     <TYPENAME>ZEXCEL_T_STYLE_ALIGNMENT</TYPENAME>
     <KEYFDPOS>0002</KEYFDPOS>
     <ROWTYPEPOS>0002</ROWTYPEPOS>
     <KEYFIELD>VERTICAL</KEYFIELD>
    </DD42V>
    <DD42V>
     <TYPENAME>ZEXCEL_T_STYLE_ALIGNMENT</TYPENAME>
     <KEYFDPOS>0003</KEYFDPOS>
     <ROWTYPEPOS>0003</ROWTYPEPOS>
     <KEYFIELD>TEXTROTATION</KEYFIELD>
    </DD42V>
    <DD42V>
     <TYPENAME>ZEXCEL_T_STYLE_ALIGNMENT</TYPENAME>
     <KEYFDPOS>0004</KEYFDPOS>
     <ROWTYPEPOS>0004</ROWTYPEPOS>
     <KEYFIELD>WRAPTEXT</KEYFIELD>
    </DD42V>
    <DD42V>
     <TYPENAME>ZEXCEL_T_STYLE_ALIGNMENT</TYPENAME>
     <KEYFDPOS>0005</KEYFDPOS>
     <ROWTYPEPOS>0005</ROWTYPEPOS>
     <KEYFIELD>SHRINKTOFIT</KEYFIELD>
    </DD42V>
    <DD42V>
     <TYPENAME>ZEXCEL_T_STYLE_ALIGNMENT</TYPENAME>
     <KEYFDPOS>0006</KEYFDPOS>
     <ROWTYPEPOS>0006</ROWTYPEPOS>
     <KEYFIELD>INDENT</KEYFIELD>
    </DD42V>
   </DD42V>
  </asx:values>
 </asx:abap>
</abapGit>
