﻿<?xml version="1.0" encoding="utf-8"?>
<abapGit version="v1.0.0" serializer="LCL_OBJECT_DTEL" serializer_version="v1.0.0">
 <asx:abap xmlns:asx="http://www.sap.com/abapxml" version="1.0">
  <asx:values>
   <DD04V>
    <ROLLNAME>ZEXCEL_STYLE_COLOR_TINT</ROLLNAME>
    <HEADLEN>22</HEADLEN>
    <SCRLEN1>10</SCRLEN1>
    <SCRLEN2>15</SCRLEN2>
    <SCRLEN3>20</SCRLEN3>
    <DTELMASTER>E</DTELMASTER>
    <DATATYPE>FLTP</DATATYPE>
    <LENG>000016</LENG>
    <DECIMALS>000016</DECIMALS>
    <OUTPUTLEN>000022</OUTPUTLEN>
   </DD04V>
   <I18N_LANGS>
    <LANGU>E</LANGU>
   </I18N_LANGS>
   <DD04_TEXTS>
    <item>
     <DDLANGUAGE>E</DDLANGUAGE>
     <DDTEXT>Tint</DDTEXT>
     <REPTEXT>Tint</REPTEXT>
     <SCRTEXT_S>Tint</SCRTEXT_S>
     <SCRTEXT_M>Tint</SCRTEXT_M>
     <SCRTEXT_L>Tint</SCRTEXT_L>
    </item>
   </DD04_TEXTS>
  </asx:values>
 </asx:abap>
</abapGit>
