﻿<?xml version="1.0" encoding="utf-8"?>
<abapGit version="v1.0.0" serializer="LCL_OBJECT_DTEL" serializer_version="v1.0.0">
 <asx:abap xmlns:asx="http://www.sap.com/abapxml" version="1.0">
  <asx:values>
   <DD04V>
    <ROLLNAME>ZEXCEL_DEC_8_2</ROLLNAME>
    <DOMNAME>ZEXCEL_DEC_8_2</DOMNAME>
    <HEADLEN>18</HEADLEN>
    <SCRLEN1>07</SCRLEN1>
    <SCRLEN2>18</SCRLEN2>
    <SCRLEN3>18</SCRLEN3>
    <DTELMASTER>E</DTELMASTER>
    <REFKIND>D</REFKIND>
   </DD04V>
   <I18N_LANGS>
    <LANGU>E</LANGU>
   </I18N_LANGS>
   <DD04_TEXTS>
    <item>
     <DDLANGUAGE>E</DDLANGUAGE>
     <DDTEXT>Decimal number 8.2</DDTEXT>
     <REPTEXT>Decimal number 8.2</REPTEXT>
     <SCRTEXT_S>Dec 8.2</SCRTEXT_S>
     <SCRTEXT_M>Decimal number 8.2</SCRTEXT_M>
     <SCRTEXT_L>Decimal number 8.2</SCRTEXT_L>
    </item>
   </DD04_TEXTS>
  </asx:values>
 </asx:abap>
</abapGit>
