﻿<?xml version="1.0" encoding="utf-8"?>
<abapGit version="v1.0.0" serializer="LCL_OBJECT_DTEL" serializer_version="v1.0.0">
 <asx:abap xmlns:asx="http://www.sap.com/abapxml" version="1.0">
  <asx:values>
   <DD04V>
    <ROLLNAME>ZEXCEL_SHEET_SELECTED</ROLLNAME>
    <DOMNAME>FLAG</DOMNAME>
    <HEADLEN>18</HEADLEN>
    <SCRLEN1>10</SCRLEN1>
    <SCRLEN2>18</SCRLEN2>
    <SCRLEN3>22</SCRLEN3>
    <DTELMASTER>E</DTELMASTER>
    <REFKIND>D</REFKIND>
   </DD04V>
   <I18N_LANGS>
    <LANGU>E</LANGU>
   </I18N_LANGS>
   <DD04_TEXTS>
    <item>
     <DDLANGUAGE>E</DDLANGUAGE>
     <DDTEXT>Selected property</DDTEXT>
     <REPTEXT>Selected property</REPTEXT>
     <SCRTEXT_S>Selected</SCRTEXT_S>
     <SCRTEXT_M>Selected property</SCRTEXT_M>
     <SCRTEXT_L>Selected property</SCRTEXT_L>
    </item>
   </DD04_TEXTS>
  </asx:values>
 </asx:abap>
</abapGit>
