﻿<?xml version="1.0" encoding="utf-8"?>
<abapGit version="v1.0.0" serializer="LCL_OBJECT_TABL" serializer_version="v1.0.0">
 <asx:abap xmlns:asx="http://www.sap.com/abapxml" version="1.0">
  <asx:values>
   <DD02V>
    <TABNAME>ZEXCEL_S_CSTYLEX_FILL</TABNAME>
    <TABCLASS>INTTAB</TABCLASS>
    <EXCLASS>4</EXCLASS>
   </DD02V>
   <DD03P_TABLE>
    <DD03P>
     <TABNAME>ZEXCEL_S_CSTYLEX_FILL</TABNAME>
     <FIELDNAME>FILLTYPE</FIELDNAME>
     <POSITION>0001</POSITION>
     <ROLLNAME>FLAG</ROLLNAME>
     <ADMINFIELD>0</ADMINFIELD>
     <VALEXI>X</VALEXI>
     <SHLPORIGIN>F</SHLPORIGIN>
     <COMPTYPE>E</COMPTYPE>
    </DD03P>
    <DD03P>
     <TABNAME>ZEXCEL_S_CSTYLEX_FILL</TABNAME>
     <FIELDNAME>ROTATION</FIELDNAME>
     <POSITION>0002</POSITION>
     <ROLLNAME>FLAG</ROLLNAME>
     <ADMINFIELD>0</ADMINFIELD>
     <VALEXI>X</VALEXI>
     <SHLPORIGIN>F</SHLPORIGIN>
     <COMPTYPE>E</COMPTYPE>
    </DD03P>
    <DD03P>
     <TABNAME>ZEXCEL_S_CSTYLEX_FILL</TABNAME>
     <FIELDNAME>FGCOLOR</FIELDNAME>
     <POSITION>0003</POSITION>
     <ROLLNAME>ZEXCEL_S_CSTYLEX_COLOR</ROLLNAME>
     <ADMINFIELD>0</ADMINFIELD>
     <DATATYPE>STRU</DATATYPE>
     <MASK>  STRUS</MASK>
     <COMPTYPE>S</COMPTYPE>
    </DD03P>
    <DD03P>
     <TABNAME>ZEXCEL_S_CSTYLEX_FILL</TABNAME>
     <FIELDNAME>BGCOLOR</FIELDNAME>
     <POSITION>0008</POSITION>
     <ROLLNAME>ZEXCEL_S_CSTYLEX_COLOR</ROLLNAME>
     <ADMINFIELD>0</ADMINFIELD>
     <DATATYPE>STRU</DATATYPE>
     <MASK>  STRUS</MASK>
     <COMPTYPE>S</COMPTYPE>
    </DD03P>
    <DD03P>
     <TABNAME>ZEXCEL_S_CSTYLEX_FILL</TABNAME>
     <FIELDNAME>GRADTYPE</FIELDNAME>
     <POSITION>0013</POSITION>
     <ROLLNAME>ZEXCEL_S_CSTYLEX_GRADTYPE</ROLLNAME>
     <ADMINFIELD>0</ADMINFIELD>
     <DATATYPE>STRU</DATATYPE>
     <MASK>  STRUS</MASK>
     <COMPTYPE>S</COMPTYPE>
    </DD03P>
   </DD03P_TABLE>
  </asx:values>
 </asx:abap>
</abapGit>
