﻿<?xml version="1.0" encoding="utf-8"?>
<abapGit version="v1.0.0" serializer="LCL_OBJECT_DTEL" serializer_version="v1.0.0">
 <asx:abap xmlns:asx="http://www.sap.com/abapxml" version="1.0">
  <asx:values>
   <DD04V>
    <ROLLNAME>ZEXCEL_BORDER</ROLLNAME>
    <DOMNAME>CHAR20</DOMNAME>
    <HEADLEN>12</HEADLEN>
    <SCRLEN1>06</SCRLEN1>
    <SCRLEN2>12</SCRLEN2>
    <SCRLEN3>12</SCRLEN3>
    <DTELMASTER>E</DTELMASTER>
    <REFKIND>D</REFKIND>
   </DD04V>
   <I18N_LANGS>
    <LANGU>E</LANGU>
   </I18N_LANGS>
   <DD04_TEXTS>
    <item>
     <DDLANGUAGE>E</DDLANGUAGE>
     <DDTEXT>Border style</DDTEXT>
     <REPTEXT>Border style</REPTEXT>
     <SCRTEXT_S>Border</SCRTEXT_S>
     <SCRTEXT_M>Border style</SCRTEXT_M>
     <SCRTEXT_L>Border style</SCRTEXT_L>
    </item>
   </DD04_TEXTS>
  </asx:values>
 </asx:abap>
</abapGit>
