﻿<?xml version="1.0" encoding="utf-8"?>
<abapGit version="v1.0.0" serializer="LCL_OBJECT_DOMA" serializer_version="v1.0.0">
 <asx:abap xmlns:asx="http://www.sap.com/abapxml" version="1.0">
  <asx:values>
   <DD01V>
    <DOMNAME>ZEXCEL_DEC_8_2</DOMNAME>
    <DATATYPE>DEC</DATATYPE>
    <LENG>000008</LENG>
    <OUTPUTLEN>000010</OUTPUTLEN>
    <DECIMALS>000002</DECIMALS>
   </DD01V>
   <I18N_LANGS>
    <LANGU>E</LANGU>
   </I18N_LANGS>
   <DD01_TEXTS>
    <item>
     <DDLANGUAGE>E</DDLANGUAGE>
     <DDTEXT>Decimal number 8.2</DDTEXT>
    </item>
   </DD01_TEXTS>
  </asx:values>
 </asx:abap>
</abapGit>
