﻿<?xml version="1.0" encoding="utf-8"?>
<abapGit version="v1.0.0" serializer="LCL_OBJECT_DOMA" serializer_version="v1.0.0">
 <asx:abap xmlns:asx="http://www.sap.com/abapxml" version="1.0">
  <asx:values>
   <DD01V>
    <DOMNAME>ZBK_CONTROL</DOMNAME>
    <DDLANGUAGE>1</DDLANGUAGE>
    <DATATYPE>CHAR</DATATYPE>
    <LENG>000030</LENG>
    <OUTPUTLEN>000030</OUTPUTLEN>
    <VALEXI>X</VALEXI>
    <DDTEXT>必输字段名</DDTEXT>
   </DD01V>
   <DD07V_TAB>
    <DD07V>
     <DOMNAME>ZBK_CONTROL</DOMNAME>
     <VALPOS>0001</VALPOS>
     <DDLANGUAGE>1</DDLANGUAGE>
     <DOMVALUE_L>IFA_NO</DOMVALUE_L>
     <DDTEXT>内部融资申请单号</DDTEXT>
    </DD07V>
    <DD07V>
     <DOMNAME>ZBK_CONTROL</DOMNAME>
     <VALPOS>0002</VALPOS>
     <DDLANGUAGE>1</DDLANGUAGE>
     <DOMVALUE_L>GRTA_NO</DOMVALUE_L>
     <DDTEXT>开立保函申请单号</DDTEXT>
    </DD07V>
    <DD07V>
     <DOMNAME>ZBK_CONTROL</DOMNAME>
     <VALPOS>0003</VALPOS>
     <DDLANGUAGE>1</DDLANGUAGE>
     <DOMVALUE_L>DOCNO1</DOMVALUE_L>
     <DDTEXT>开立信用证申请单号</DDTEXT>
    </DD07V>
    <DD07V>
     <DOMNAME>ZBK_CONTROL</DOMNAME>
     <VALPOS>0004</VALPOS>
     <DDLANGUAGE>1</DDLANGUAGE>
     <DOMVALUE_L>DOCNO2</DOMVALUE_L>
     <DDTEXT>票据支付单</DDTEXT>
    </DD07V>
    <DD07V>
     <DOMNAME>ZBK_CONTROL</DOMNAME>
     <VALPOS>0005</VALPOS>
     <DDLANGUAGE>1</DDLANGUAGE>
     <DOMVALUE_L>DOCNO3</DOMVALUE_L>
     <DDTEXT>贷款合同号</DDTEXT>
    </DD07V>
   </DD07V_TAB>
  </asx:values>
 </asx:abap>
</abapGit>
