﻿<?xml version="1.0" encoding="utf-8"?>
<abapGit version="v1.0.0" serializer="LCL_OBJECT_DOMA" serializer_version="v1.0.0">
 <asx:abap xmlns:asx="http://www.sap.com/abapxml" version="1.0">
  <asx:values>
   <DD01V>
    <DOMNAME>ZBK_GRP</DOMNAME>
    <DDLANGUAGE>1</DDLANGUAGE>
    <DATATYPE>CHAR</DATATYPE>
    <LENG>000002</LENG>
    <OUTPUTLEN>000002</OUTPUTLEN>
    <VALEXI>X</VALEXI>
    <ENTITYTAB>ZTRT_BK_GRP</ENTITYTAB>
    <DDTEXT>分发路径</DDTEXT>
   </DD01V>
   <DD07V_TAB>
    <DD07V>
     <DOMNAME>ZBK_GRP</DOMNAME>
     <VALPOS>0001</VALPOS>
     <DDLANGUAGE>1</DDLANGUAGE>
     <DDTEXT>未分配</DDTEXT>
    </DD07V>
    <DD07V>
     <DOMNAME>ZBK_GRP</DOMNAME>
     <VALPOS>0002</VALPOS>
     <DDLANGUAGE>1</DDLANGUAGE>
     <DOMVALUE_L>10</DOMVALUE_L>
     <DDTEXT>手工对账</DDTEXT>
    </DD07V>
    <DD07V>
     <DOMNAME>ZBK_GRP</DOMNAME>
     <VALPOS>0003</VALPOS>
     <DDLANGUAGE>1</DDLANGUAGE>
     <DOMVALUE_L>21</DOMVALUE_L>
     <DDTEXT>保证金退款单</DDTEXT>
    </DD07V>
    <DD07V>
     <DOMNAME>ZBK_GRP</DOMNAME>
     <VALPOS>0004</VALPOS>
     <DDLANGUAGE>1</DDLANGUAGE>
     <DOMVALUE_L>22</DOMVALUE_L>
     <DDTEXT>收款平台-履约保证金收款</DDTEXT>
    </DD07V>
    <DD07V>
     <DOMNAME>ZBK_GRP</DOMNAME>
     <VALPOS>0005</VALPOS>
     <DDLANGUAGE>1</DDLANGUAGE>
     <DOMVALUE_L>23</DOMVALUE_L>
     <DDTEXT>收款平台-客户收款</DDTEXT>
    </DD07V>
    <DD07V>
     <DOMNAME>ZBK_GRP</DOMNAME>
     <VALPOS>0006</VALPOS>
     <DDLANGUAGE>1</DDLANGUAGE>
     <DOMVALUE_L>24</DOMVALUE_L>
     <DDTEXT>收款平台-其他收款</DDTEXT>
    </DD07V>
    <DD07V>
     <DOMNAME>ZBK_GRP</DOMNAME>
     <VALPOS>0007</VALPOS>
     <DDLANGUAGE>1</DDLANGUAGE>
     <DOMVALUE_L>25</DOMVALUE_L>
     <DDTEXT>收款平台-客诉理赔收款</DDTEXT>
    </DD07V>
    <DD07V>
     <DOMNAME>ZBK_GRP</DOMNAME>
     <VALPOS>0008</VALPOS>
     <DDLANGUAGE>1</DDLANGUAGE>
     <DOMVALUE_L>26</DOMVALUE_L>
     <DDTEXT>票据贴现</DDTEXT>
    </DD07V>
    <DD07V>
     <DOMNAME>ZBK_GRP</DOMNAME>
     <VALPOS>0009</VALPOS>
     <DDLANGUAGE>1</DDLANGUAGE>
     <DOMVALUE_L>27</DOMVALUE_L>
     <DDTEXT>票据托收</DDTEXT>
    </DD07V>
    <DD07V>
     <DOMNAME>ZBK_GRP</DOMNAME>
     <VALPOS>0010</VALPOS>
     <DDLANGUAGE>1</DDLANGUAGE>
     <DOMVALUE_L>28</DOMVALUE_L>
     <DDTEXT>收款平台-投标保证金收款</DDTEXT>
    </DD07V>
    <DD07V>
     <DOMNAME>ZBK_GRP</DOMNAME>
     <VALPOS>0011</VALPOS>
     <DDLANGUAGE>1</DDLANGUAGE>
     <DOMVALUE_L>29</DOMVALUE_L>
     <DDTEXT>收款平台-联属方收款</DDTEXT>
    </DD07V>
    <DD07V>
     <DOMNAME>ZBK_GRP</DOMNAME>
     <VALPOS>0012</VALPOS>
     <DDLANGUAGE>1</DDLANGUAGE>
     <DOMVALUE_L>30</DOMVALUE_L>
     <DDTEXT>支付平台-其他</DDTEXT>
    </DD07V>
    <DD07V>
     <DOMNAME>ZBK_GRP</DOMNAME>
     <VALPOS>0013</VALPOS>
     <DDLANGUAGE>1</DDLANGUAGE>
     <DOMVALUE_L>31</DOMVALUE_L>
     <DDTEXT>支付平台-保证金支付单</DDTEXT>
    </DD07V>
    <DD07V>
     <DOMNAME>ZBK_GRP</DOMNAME>
     <VALPOS>0014</VALPOS>
     <DDLANGUAGE>1</DDLANGUAGE>
     <DOMVALUE_L>32</DOMVALUE_L>
     <DDTEXT>支付平台-供应商付款</DDTEXT>
    </DD07V>
    <DD07V>
     <DOMNAME>ZBK_GRP</DOMNAME>
     <VALPOS>0015</VALPOS>
     <DDLANGUAGE>1</DDLANGUAGE>
     <DOMVALUE_L>33</DOMVALUE_L>
     <DDTEXT>支付平台-客户付款</DDTEXT>
    </DD07V>
    <DD07V>
     <DOMNAME>ZBK_GRP</DOMNAME>
     <VALPOS>0016</VALPOS>
     <DDLANGUAGE>1</DDLANGUAGE>
     <DOMVALUE_L>34</DOMVALUE_L>
     <DDTEXT>资金集中管理-付款</DDTEXT>
    </DD07V>
    <DD07V>
     <DOMNAME>ZBK_GRP</DOMNAME>
     <VALPOS>0017</VALPOS>
     <DDLANGUAGE>1</DDLANGUAGE>
     <DOMVALUE_L>35</DOMVALUE_L>
     <DDTEXT>汇票兑付单-付款</DDTEXT>
    </DD07V>
    <DD07V>
     <DOMNAME>ZBK_GRP</DOMNAME>
     <VALPOS>0018</VALPOS>
     <DDLANGUAGE>1</DDLANGUAGE>
     <DOMVALUE_L>36</DOMVALUE_L>
     <DDTEXT>票据回购</DDTEXT>
    </DD07V>
    <DD07V>
     <DOMNAME>ZBK_GRP</DOMNAME>
     <VALPOS>0019</VALPOS>
     <DDLANGUAGE>1</DDLANGUAGE>
     <DOMVALUE_L>40</DOMVALUE_L>
     <DDTEXT>开立信用证兑付</DDTEXT>
    </DD07V>
    <DD07V>
     <DOMNAME>ZBK_GRP</DOMNAME>
     <VALPOS>0020</VALPOS>
     <DDLANGUAGE>1</DDLANGUAGE>
     <DOMVALUE_L>41</DOMVALUE_L>
     <DDTEXT>接受信用证融资</DDTEXT>
    </DD07V>
    <DD07V>
     <DOMNAME>ZBK_GRP</DOMNAME>
     <VALPOS>0021</VALPOS>
     <DDLANGUAGE>1</DDLANGUAGE>
     <DOMVALUE_L>42</DOMVALUE_L>
     <DDTEXT>接受信用证兑付</DDTEXT>
    </DD07V>
    <DD07V>
     <DOMNAME>ZBK_GRP</DOMNAME>
     <VALPOS>0022</VALPOS>
     <DDLANGUAGE>1</DDLANGUAGE>
     <DOMVALUE_L>50</DOMVALUE_L>
     <DDTEXT>贷款</DDTEXT>
    </DD07V>
    <DD07V>
     <DOMNAME>ZBK_GRP</DOMNAME>
     <VALPOS>0023</VALPOS>
     <DDLANGUAGE>1</DDLANGUAGE>
     <DOMVALUE_L>99</DOMVALUE_L>
     <DDTEXT>银行收费及代扣代缴业务</DDTEXT>
    </DD07V>
    <DD07V>
     <DOMNAME>ZBK_GRP</DOMNAME>
     <VALPOS>0024</VALPOS>
     <DDLANGUAGE>1</DDLANGUAGE>
     <DOMVALUE_L>ZZ</DOMVALUE_L>
     <DDTEXT>无法分配</DDTEXT>
    </DD07V>
   </DD07V_TAB>
  </asx:values>
 </asx:abap>
</abapGit>
