﻿<?xml version="1.0" encoding="utf-8"?>
<abapGit version="v1.0.0" serializer="LCL_OBJECT_DOMA" serializer_version="v1.0.0">
 <asx:abap xmlns:asx="http://www.sap.com/abapxml" version="1.0">
  <asx:values>
   <DD01V>
    <DOMNAME>ZBK_QCTYPE</DOMNAME>
    <DDLANGUAGE>1</DDLANGUAGE>
    <DATATYPE>CHAR</DATATYPE>
    <LENG>000001</LENG>
    <OUTPUTLEN>000001</OUTPUTLEN>
    <VALEXI>X</VALEXI>
    <DDTEXT>期初类型</DDTEXT>
   </DD01V>
   <DD07V_TAB>
    <DD07V>
     <DOMNAME>ZBK_QCTYPE</DOMNAME>
     <VALPOS>0001</VALPOS>
     <DDLANGUAGE>1</DDLANGUAGE>
     <DOMVALUE_L>A</DOMVALUE_L>
     <DDTEXT>银行对账单余额</DDTEXT>
    </DD07V>
    <DD07V>
     <DOMNAME>ZBK_QCTYPE</DOMNAME>
     <VALPOS>0002</VALPOS>
     <DDLANGUAGE>1</DDLANGUAGE>
     <DOMVALUE_L>B</DOMVALUE_L>
     <DDTEXT>加：企业已收银行未收</DDTEXT>
    </DD07V>
    <DD07V>
     <DOMNAME>ZBK_QCTYPE</DOMNAME>
     <VALPOS>0003</VALPOS>
     <DDLANGUAGE>1</DDLANGUAGE>
     <DOMVALUE_L>C</DOMVALUE_L>
     <DDTEXT>减：企业已付银行未付</DDTEXT>
    </DD07V>
    <DD07V>
     <DOMNAME>ZBK_QCTYPE</DOMNAME>
     <VALPOS>0004</VALPOS>
     <DDLANGUAGE>1</DDLANGUAGE>
     <DOMVALUE_L>D</DOMVALUE_L>
     <DDTEXT>银行存款日记账余额</DDTEXT>
    </DD07V>
    <DD07V>
     <DOMNAME>ZBK_QCTYPE</DOMNAME>
     <VALPOS>0005</VALPOS>
     <DDLANGUAGE>1</DDLANGUAGE>
     <DOMVALUE_L>E</DOMVALUE_L>
     <DDTEXT>加：银行已收企业未收</DDTEXT>
    </DD07V>
    <DD07V>
     <DOMNAME>ZBK_QCTYPE</DOMNAME>
     <VALPOS>0006</VALPOS>
     <DDLANGUAGE>1</DDLANGUAGE>
     <DOMVALUE_L>F</DOMVALUE_L>
     <DDTEXT>减：银行已付企业未付</DDTEXT>
    </DD07V>
   </DD07V_TAB>
  </asx:values>
 </asx:abap>
</abapGit>
