﻿<?xml version="1.0" encoding="utf-8"?>
<abapGit version="v1.0.0" serializer="LCL_OBJECT_CLAS" serializer_version="v1.0.0">
 <asx:abap xmlns:asx="http://www.sap.com/abapxml" version="1.0">
  <asx:values>
   <VSEOCLASS>
    <CLSNAME>ZCL_WD_TR_4008</CLSNAME>
    <VERSION>1</VERSION>
    <LANGU>1</LANGU>
    <DESCRIPT>开立保函索赔申请单辅助类</DESCRIPT>
    <STATE>1</STATE>
    <CLSCCINCL>X</CLSCCINCL>
    <FIXPT>X</FIXPT>
    <UNICODE>X</UNICODE>
   </VSEOCLASS>
   <TPOOL>
    <item>
     <ID>I</ID>
     <KEY>001</KEY>
     <ENTRY>开立保函索赔申请单号</ENTRY>
     <LENGTH>20</LENGTH>
    </item>
    <item>
     <ID>I</ID>
     <KEY>002</KEY>
     <ENTRY>索赔状态</ENTRY>
     <LENGTH>14</LENGTH>
    </item>
    <item>
     <ID>I</ID>
     <KEY>003</KEY>
     <ENTRY>申请日期</ENTRY>
     <LENGTH>14</LENGTH>
    </item>
    <item>
     <ID>I</ID>
     <KEY>004</KEY>
     <ENTRY>申请人</ENTRY>
     <LENGTH>13</LENGTH>
    </item>
    <item>
     <ID>I</ID>
     <KEY>005</KEY>
     <ENTRY>开立保函台账编号</ENTRY>
     <LENGTH>18</LENGTH>
    </item>
    <item>
     <ID>I</ID>
     <KEY>006</KEY>
     <ENTRY>公司代码</ENTRY>
     <LENGTH>14</LENGTH>
    </item>
    <item>
     <ID>I</ID>
     <KEY>007</KEY>
     <ENTRY>公司代码名称</ENTRY>
     <LENGTH>16</LENGTH>
    </item>
    <item>
     <ID>I</ID>
     <KEY>008</KEY>
     <ENTRY>保函索赔金额</ENTRY>
     <LENGTH>16</LENGTH>
    </item>
    <item>
     <ID>I</ID>
     <KEY>009</KEY>
     <ENTRY>保函索赔币种</ENTRY>
     <LENGTH>16</LENGTH>
    </item>
    <item>
     <ID>I</ID>
     <KEY>010</KEY>
     <ENTRY>索赔类型</ENTRY>
     <LENGTH>14</LENGTH>
    </item>
    <item>
     <ID>I</ID>
     <KEY>011</KEY>
     <ENTRY>申请原因</ENTRY>
     <LENGTH>14</LENGTH>
    </item>
   </TPOOL>
   <DESCRIPTIONS>
    <SEOCOMPOTX>
     <CLSNAME>ZCL_WD_TR_4008</CLSNAME>
     <CMPNAME>DEQUEUE_TABLE</CMPNAME>
     <LANGU>1</LANGU>
     <DESCRIPT>解锁</DESCRIPT>
    </SEOCOMPOTX>
    <SEOCOMPOTX>
     <CLSNAME>ZCL_WD_TR_4008</CLSNAME>
     <CMPNAME>ENQUEUE_TABLE</CMPNAME>
     <LANGU>1</LANGU>
     <DESCRIPT>锁表</DESCRIPT>
    </SEOCOMPOTX>
    <SEOCOMPOTX>
     <CLSNAME>ZCL_WD_TR_4008</CLSNAME>
     <CMPNAME>GC_STATUS_APPROVED</CMPNAME>
     <LANGU>1</LANGU>
     <DESCRIPT>索赔状态-索赔申请通过</DESCRIPT>
    </SEOCOMPOTX>
    <SEOCOMPOTX>
     <CLSNAME>ZCL_WD_TR_4008</CLSNAME>
     <CMPNAME>GC_STATUS_COMPLETE</CMPNAME>
     <LANGU>1</LANGU>
     <DESCRIPT>索赔状态-索赔材料确认完成</DESCRIPT>
    </SEOCOMPOTX>
    <SEOCOMPOTX>
     <CLSNAME>ZCL_WD_TR_4008</CLSNAME>
     <CMPNAME>GC_STATUS_PREPARE</CMPNAME>
     <LANGU>1</LANGU>
     <DESCRIPT>索赔状态-索赔材料准备中</DESCRIPT>
    </SEOCOMPOTX>
    <SEOCOMPOTX>
     <CLSNAME>ZCL_WD_TR_4008</CLSNAME>
     <CMPNAME>GC_STATUS_REJECT</CMPNAME>
     <LANGU>1</LANGU>
     <DESCRIPT>索赔状态-索赔申请拒绝</DESCRIPT>
    </SEOCOMPOTX>
    <SEOCOMPOTX>
     <CLSNAME>ZCL_WD_TR_4008</CLSNAME>
     <CMPNAME>GC_STATUS_RETURN</CMPNAME>
     <LANGU>1</LANGU>
     <DESCRIPT>索赔状态-索赔申请退回</DESCRIPT>
    </SEOCOMPOTX>
    <SEOCOMPOTX>
     <CLSNAME>ZCL_WD_TR_4008</CLSNAME>
     <CMPNAME>GC_STATUS_SAVE</CMPNAME>
     <LANGU>1</LANGU>
     <DESCRIPT>索赔状态-已保存</DESCRIPT>
    </SEOCOMPOTX>
    <SEOCOMPOTX>
     <CLSNAME>ZCL_WD_TR_4008</CLSNAME>
     <CMPNAME>GC_STATUS_UNDER_APPROVAL</CMPNAME>
     <LANGU>1</LANGU>
     <DESCRIPT>索赔状态-索赔申请中</DESCRIPT>
    </SEOCOMPOTX>
    <SEOCOMPOTX>
     <CLSNAME>ZCL_WD_TR_4008</CLSNAME>
     <CMPNAME>GS_T4007_01</CMPNAME>
     <LANGU>1</LANGU>
     <DESCRIPT>开立保函台账</DESCRIPT>
    </SEOCOMPOTX>
    <SEOCOMPOTX>
     <CLSNAME>ZCL_WD_TR_4008</CLSNAME>
     <CMPNAME>GS_T4011_01</CMPNAME>
     <LANGU>1</LANGU>
     <DESCRIPT>开立保函索赔申请单</DESCRIPT>
    </SEOCOMPOTX>
    <SEOCOMPOTX>
     <CLSNAME>ZCL_WD_TR_4008</CLSNAME>
     <CMPNAME>GV_EXTERNAL_WINDOW_FLAG</CMPNAME>
     <LANGU>1</LANGU>
     <DESCRIPT>外部窗口标识</DESCRIPT>
    </SEOCOMPOTX>
    <SEOCOMPOTX>
     <CLSNAME>ZCL_WD_TR_4008</CLSNAME>
     <CMPNAME>GV_LOCK_FLAG</CMPNAME>
     <LANGU>1</LANGU>
     <DESCRIPT>锁定标识</DESCRIPT>
    </SEOCOMPOTX>
    <SEOCOMPOTX>
     <CLSNAME>ZCL_WD_TR_4008</CLSNAME>
     <CMPNAME>GV_SHOW_MODE</CMPNAME>
     <LANGU>1</LANGU>
     <DESCRIPT>显示模式</DESCRIPT>
    </SEOCOMPOTX>
   </DESCRIPTIONS>
  </asx:values>
 </asx:abap>
</abapGit>
