﻿<?xml version="1.0" encoding="utf-8"?>
<abapGit version="v1.0.0" serializer="LCL_OBJECT_CLAS" serializer_version="v1.0.0">
 <asx:abap xmlns:asx="http://www.sap.com/abapxml" version="1.0">
  <asx:values>
   <VSEOCLASS>
    <CLSNAME>ZCL_TR_3019_GUI</CLSNAME>
    <VERSION>1</VERSION>
    <LANGU>1</LANGU>
    <DESCRIPT>周资金计划类</DESCRIPT>
    <STATE>1</STATE>
    <CLSCCINCL>X</CLSCCINCL>
    <FIXPT>X</FIXPT>
    <UNICODE>X</UNICODE>
   </VSEOCLASS>
   <TPOOL>
    <item>
     <ID>I</ID>
     <KEY>D01</KEY>
     <ENTRY>执行计划版本</ENTRY>
     <LENGTH>16</LENGTH>
    </item>
    <item>
     <ID>I</ID>
     <KEY>D02</KEY>
     <ENTRY>滚动计划版本</ENTRY>
     <LENGTH>16</LENGTH>
    </item>
    <item>
     <ID>I</ID>
     <KEY>D03</KEY>
     <ENTRY>紧急计划版本</ENTRY>
     <LENGTH>16</LENGTH>
    </item>
   </TPOOL>
   <DESCRIPTIONS>
    <SEOCOMPOTX>
     <CLSNAME>ZCL_TR_3019_GUI</CLSNAME>
     <CMPNAME>CHECK_TR_LOCK</CMPNAME>
     <LANGU>1</LANGU>
     <DESCRIPT>财务过账检查资金计划锁定</DESCRIPT>
    </SEOCOMPOTX>
    <SEOCOMPOTX>
     <CLSNAME>ZCL_TR_3019_GUI</CLSNAME>
     <CMPNAME>CHECK_TR_LOCK1</CMPNAME>
     <LANGU>1</LANGU>
     <DESCRIPT>预估计划删除检查资金计划锁定</DESCRIPT>
    </SEOCOMPOTX>
    <SEOCOMPOTX>
     <CLSNAME>ZCL_TR_3019_GUI</CLSNAME>
     <CMPNAME>CHECK_TR_LOCK2</CMPNAME>
     <LANGU>1</LANGU>
     <DESCRIPT>预付款删除检查资金计划锁定</DESCRIPT>
    </SEOCOMPOTX>
    <SEOCOMPOTX>
     <CLSNAME>ZCL_TR_3019_GUI</CLSNAME>
     <CMPNAME>CVT_AMT</CMPNAME>
     <LANGU>1</LANGU>
     <DESCRIPT>转换金额</DESCRIPT>
    </SEOCOMPOTX>
    <SEOCOMPOTX>
     <CLSNAME>ZCL_TR_3019_GUI</CLSNAME>
     <CMPNAME>CVT_BUKRS</CMPNAME>
     <LANGU>1</LANGU>
     <DESCRIPT>贸易伙伴转公司</DESCRIPT>
    </SEOCOMPOTX>
    <SEOCOMPOTX>
     <CLSNAME>ZCL_TR_3019_GUI</CLSNAME>
     <CMPNAME>GET_3015_AMT</CMPNAME>
     <LANGU>1</LANGU>
     <DESCRIPT>获取月预估计划后续金额</DESCRIPT>
    </SEOCOMPOTX>
    <SEOCOMPOTX>
     <CLSNAME>ZCL_TR_3019_GUI</CLSNAME>
     <CMPNAME>GET_BB_TEXT</CMPNAME>
     <LANGU>1</LANGU>
     <DESCRIPT>获得版本文本</DESCRIPT>
    </SEOCOMPOTX>
    <SEOCOMPOTX>
     <CLSNAME>ZCL_TR_3019_GUI</CLSNAME>
     <CMPNAME>GET_BCATE_T</CMPNAME>
     <LANGU>1</LANGU>
     <DESCRIPT>获取单据类型文本</DESCRIPT>
    </SEOCOMPOTX>
    <SEOCOMPOTX>
     <CLSNAME>ZCL_TR_3019_GUI</CLSNAME>
     <CMPNAME>GET_BP_ALL</CMPNAME>
     <LANGU>1</LANGU>
     <DESCRIPT>批量方法get_bp_name,get_bp_info,get_bukrs_type,</DESCRIPT>
    </SEOCOMPOTX>
    <SEOCOMPOTX>
     <CLSNAME>ZCL_TR_3019_GUI</CLSNAME>
     <CMPNAME>GET_BP_INFO</CMPNAME>
     <LANGU>1</LANGU>
     <DESCRIPT>获取贸易伙伴</DESCRIPT>
    </SEOCOMPOTX>
    <SEOCOMPOTX>
     <CLSNAME>ZCL_TR_3019_GUI</CLSNAME>
     <CMPNAME>GET_BP_NAME</CMPNAME>
     <LANGU>1</LANGU>
     <DESCRIPT>获取收付款方名称</DESCRIPT>
    </SEOCOMPOTX>
    <SEOCOMPOTX>
     <CLSNAME>ZCL_TR_3019_GUI</CLSNAME>
     <CMPNAME>GET_BP_TYPET</CMPNAME>
     <LANGU>1</LANGU>
     <DESCRIPT>收付款对象</DESCRIPT>
    </SEOCOMPOTX>
    <SEOCOMPOTX>
     <CLSNAME>ZCL_TR_3019_GUI</CLSNAME>
     <CMPNAME>GET_BUKRS_NAME</CMPNAME>
     <LANGU>1</LANGU>
     <DESCRIPT>获取公司名称</DESCRIPT>
    </SEOCOMPOTX>
    <SEOCOMPOTX>
     <CLSNAME>ZCL_TR_3019_GUI</CLSNAME>
     <CMPNAME>GET_BUKRS_TYPE</CMPNAME>
     <LANGU>1</LANGU>
     <DESCRIPT>获取公司类型描述</DESCRIPT>
    </SEOCOMPOTX>
    <SEOCOMPOTX>
     <CLSNAME>ZCL_TR_3019_GUI</CLSNAME>
     <CMPNAME>GET_BUKRS_TYPE_TEXT</CMPNAME>
     <LANGU>1</LANGU>
     <DESCRIPT>获取公司类型描述</DESCRIPT>
    </SEOCOMPOTX>
    <SEOCOMPOTX>
     <CLSNAME>ZCL_TR_3019_GUI</CLSNAME>
     <CMPNAME>GET_DETAIL</CMPNAME>
     <LANGU>1</LANGU>
     <DESCRIPT>获取周资金计划明细</DESCRIPT>
    </SEOCOMPOTX>
    <SEOCOMPOTX>
     <CLSNAME>ZCL_TR_3019_GUI</CLSNAME>
     <CMPNAME>GET_FI_LIFNR</CMPNAME>
     <LANGU>1</LANGU>
     <DESCRIPT>获取财务供应商</DESCRIPT>
    </SEOCOMPOTX>
    <SEOCOMPOTX>
     <CLSNAME>ZCL_TR_3019_GUI</CLSNAME>
     <CMPNAME>GET_FKFS_NAME</CMPNAME>
     <LANGU>1</LANGU>
     <DESCRIPT>获取付款方式描述</DESCRIPT>
    </SEOCOMPOTX>
    <SEOCOMPOTX>
     <CLSNAME>ZCL_TR_3019_GUI</CLSNAME>
     <CMPNAME>GET_FLOW_T</CMPNAME>
     <LANGU>1</LANGU>
     <DESCRIPT>取现金流量表项目描述</DESCRIPT>
    </SEOCOMPOTX>
    <SEOCOMPOTX>
     <CLSNAME>ZCL_TR_3019_GUI</CLSNAME>
     <CMPNAME>GET_FUND_PLAN_STATE</CMPNAME>
     <LANGU>1</LANGU>
     <DESCRIPT>会计凭证清账获取资金计划状态</DESCRIPT>
    </SEOCOMPOTX>
    <SEOCOMPOTX>
     <CLSNAME>ZCL_TR_3019_GUI</CLSNAME>
     <CMPNAME>GET_GL_T</CMPNAME>
     <LANGU>1</LANGU>
     <DESCRIPT>获取关联文本</DESCRIPT>
    </SEOCOMPOTX>
    <SEOCOMPOTX>
     <CLSNAME>ZCL_TR_3019_GUI</CLSNAME>
     <CMPNAME>GET_GSARTT</CMPNAME>
     <LANGU>1</LANGU>
     <DESCRIPT>产品类型</DESCRIPT>
    </SEOCOMPOTX>
    <SEOCOMPOTX>
     <CLSNAME>ZCL_TR_3019_GUI</CLSNAME>
     <CMPNAME>GET_GUA_TYPET</CMPNAME>
     <LANGU>1</LANGU>
     <DESCRIPT>担保类型</DESCRIPT>
    </SEOCOMPOTX>
    <SEOCOMPOTX>
     <CLSNAME>ZCL_TR_3019_GUI</CLSNAME>
     <CMPNAME>GET_JYLXT</CMPNAME>
     <LANGU>1</LANGU>
     <DESCRIPT>交易类型</DESCRIPT>
    </SEOCOMPOTX>
    <SEOCOMPOTX>
     <CLSNAME>ZCL_TR_3019_GUI</CLSNAME>
     <CMPNAME>GET_KOSTLT</CMPNAME>
     <LANGU>1</LANGU>
     <DESCRIPT>取成本中心描述</DESCRIPT>
    </SEOCOMPOTX>
    <SEOCOMPOTX>
     <CLSNAME>ZCL_TR_3019_GUI</CLSNAME>
     <CMPNAME>GET_NWX_T</CMPNAME>
     <LANGU>1</LANGU>
     <DESCRIPT>获取内外销文本</DESCRIPT>
    </SEOCOMPOTX>
    <SEOCOMPOTX>
     <CLSNAME>ZCL_TR_3019_GUI</CLSNAME>
     <CMPNAME>GET_PAYTERM</CMPNAME>
     <LANGU>1</LANGU>
     <DESCRIPT>获得付款方式文本</DESCRIPT>
    </SEOCOMPOTX>
    <SEOCOMPOTX>
     <CLSNAME>ZCL_TR_3019_GUI</CLSNAME>
     <CMPNAME>GET_PRCTRT</CMPNAME>
     <LANGU>1</LANGU>
     <DESCRIPT>取成利润中心文本</DESCRIPT>
    </SEOCOMPOTX>
    <SEOCOMPOTX>
     <CLSNAME>ZCL_TR_3019_GUI</CLSNAME>
     <CMPNAME>GET_PRCTR_NAME</CMPNAME>
     <LANGU>1</LANGU>
     <DESCRIPT>获得利润中心名称</DESCRIPT>
    </SEOCOMPOTX>
    <SEOCOMPOTX>
     <CLSNAME>ZCL_TR_3019_GUI</CLSNAME>
     <CMPNAME>GET_PSPHI</CMPNAME>
     <LANGU>1</LANGU>
     <DESCRIPT>PRPS-PSPNR =&gt; PRPS-PSPHI</DESCRIPT>
    </SEOCOMPOTX>
    <SEOCOMPOTX>
     <CLSNAME>ZCL_TR_3019_GUI</CLSNAME>
     <CMPNAME>GET_SBEWART</CMPNAME>
     <LANGU>1</LANGU>
     <DESCRIPT>现金流类型</DESCRIPT>
    </SEOCOMPOTX>
    <SEOCOMPOTX>
     <CLSNAME>ZCL_TR_3019_GUI</CLSNAME>
     <CMPNAME>GET_SHKZGT</CMPNAME>
     <LANGU>1</LANGU>
     <DESCRIPT>借方/贷方标识</DESCRIPT>
    </SEOCOMPOTX>
    <SEOCOMPOTX>
     <CLSNAME>ZCL_TR_3019_GUI</CLSNAME>
     <CMPNAME>GET_SJLYT</CMPNAME>
     <LANGU>1</LANGU>
     <DESCRIPT>数据来源状态</DESCRIPT>
    </SEOCOMPOTX>
    <SEOCOMPOTX>
     <CLSNAME>ZCL_TR_3019_GUI</CLSNAME>
     <CMPNAME>GET_STATUS_T</CMPNAME>
     <LANGU>1</LANGU>
     <DESCRIPT>获取审批状态文本</DESCRIPT>
    </SEOCOMPOTX>
    <SEOCOMPOTX>
     <CLSNAME>ZCL_TR_3019_GUI</CLSNAME>
     <CMPNAME>GET_STITELT</CMPNAME>
     <LANGU>1</LANGU>
     <DESCRIPT>贷款类型标识</DESCRIPT>
    </SEOCOMPOTX>
    <SEOCOMPOTX>
     <CLSNAME>ZCL_TR_3019_GUI</CLSNAME>
     <CMPNAME>GET_VDARL</CMPNAME>
     <LANGU>1</LANGU>
     <DESCRIPT>获取合同的内容</DESCRIPT>
    </SEOCOMPOTX>
    <SEOCOMPOTX>
     <CLSNAME>ZCL_TR_3019_GUI</CLSNAME>
     <CMPNAME>GET_VDARL_ALL</CMPNAME>
     <LANGU>1</LANGU>
     <DESCRIPT>批量方法get_vdarl</DESCRIPT>
    </SEOCOMPOTX>
    <SEOCOMPOTX>
     <CLSNAME>ZCL_TR_3019_GUI</CLSNAME>
     <CMPNAME>GET_W_STS</CMPNAME>
     <LANGU>1</LANGU>
     <DESCRIPT>周资金计划状态</DESCRIPT>
    </SEOCOMPOTX>
    <SEOCOMPOTX>
     <CLSNAME>ZCL_TR_3019_GUI</CLSNAME>
     <CMPNAME>GET_ZGROUP_T</CMPNAME>
     <LANGU>1</LANGU>
     <DESCRIPT>路径描述</DESCRIPT>
    </SEOCOMPOTX>
    <SEOCOMPOTX>
     <CLSNAME>ZCL_TR_3019_GUI</CLSNAME>
     <CMPNAME>GET_ZHLXT</CMPNAME>
     <LANGU>1</LANGU>
     <DESCRIPT>账户类型</DESCRIPT>
    </SEOCOMPOTX>
    <SEOCOMPOTX>
     <CLSNAME>ZCL_TR_3019_GUI</CLSNAME>
     <CMPNAME>GET_ZZFFS</CMPNAME>
     <LANGU>1</LANGU>
     <DESCRIPT>支付方式</DESCRIPT>
    </SEOCOMPOTX>
    <SEOCOMPOTX>
     <CLSNAME>ZCL_TR_3019_GUI</CLSNAME>
     <CMPNAME>LOCK_BUKRS</CMPNAME>
     <LANGU>1</LANGU>
     <DESCRIPT>锁定公司级别操作(保证一个时间点，一个公司一个人操作)</DESCRIPT>
    </SEOCOMPOTX>
    <SEOCOMPOTX>
     <CLSNAME>ZCL_TR_3019_GUI</CLSNAME>
     <CMPNAME>LOCK_JJ</CMPNAME>
     <LANGU>1</LANGU>
     <DESCRIPT>锁定紧急周资金计划申请单</DESCRIPT>
    </SEOCOMPOTX>
    <SEOCOMPOTX>
     <CLSNAME>ZCL_TR_3019_GUI</CLSNAME>
     <CMPNAME>LOCK_MHEAD</CMPNAME>
     <LANGU>1</LANGU>
     <DESCRIPT>锁定整张周资金计划</DESCRIPT>
    </SEOCOMPOTX>
    <SEOCOMPOTX>
     <CLSNAME>ZCL_TR_3019_GUI</CLSNAME>
     <CMPNAME>LOCK_MITEM</CMPNAME>
     <LANGU>1</LANGU>
     <DESCRIPT>锁定周资金计划行项目</DESCRIPT>
    </SEOCOMPOTX>
    <SEOCOMPOTX>
     <CLSNAME>ZCL_TR_3019_GUI</CLSNAME>
     <CMPNAME>LOCK_WEEK_MONTH</CMPNAME>
     <LANGU>1</LANGU>
     <DESCRIPT>锁定资金计划月/周创建任务</DESCRIPT>
    </SEOCOMPOTX>
    <SEOCOMPOTX>
     <CLSNAME>ZCL_TR_3019_GUI</CLSNAME>
     <CMPNAME>LOCK_WHEAD</CMPNAME>
     <LANGU>1</LANGU>
     <DESCRIPT>锁定整张周资金计划</DESCRIPT>
    </SEOCOMPOTX>
    <SEOCOMPOTX>
     <CLSNAME>ZCL_TR_3019_GUI</CLSNAME>
     <CMPNAME>LOCK_WITEM</CMPNAME>
     <LANGU>1</LANGU>
     <DESCRIPT>锁定周资金计划行项目</DESCRIPT>
    </SEOCOMPOTX>
    <SEOCOMPOTX>
     <CLSNAME>ZCL_TR_3019_GUI</CLSNAME>
     <CMPNAME>MV_BP_NO_CHECK</CMPNAME>
     <LANGU>1</LANGU>
     <DESCRIPT>字符字段长度 1</DESCRIPT>
    </SEOCOMPOTX>
    <SEOCOMPOTX>
     <CLSNAME>ZCL_TR_3019_GUI</CLSNAME>
     <CMPNAME>MV_FI_CHECK_EXIT_DISABLE</CMPNAME>
     <LANGU>1</LANGU>
     <DESCRIPT>字符字段长度 1</DESCRIPT>
    </SEOCOMPOTX>
    <SEOCOMPOTX>
     <CLSNAME>ZCL_TR_3019_GUI</CLSNAME>
     <CMPNAME>MV_MSTS_10</CMPNAME>
     <LANGU>1</LANGU>
     <DESCRIPT>两位数字号码</DESCRIPT>
    </SEOCOMPOTX>
    <SEOCOMPOTX>
     <CLSNAME>ZCL_TR_3019_GUI</CLSNAME>
     <CMPNAME>MV_MSTS_11</CMPNAME>
     <LANGU>1</LANGU>
     <DESCRIPT>两位数字号码</DESCRIPT>
    </SEOCOMPOTX>
    <SEOCOMPOTX>
     <CLSNAME>ZCL_TR_3019_GUI</CLSNAME>
     <CMPNAME>MV_MSTS_19</CMPNAME>
     <LANGU>1</LANGU>
     <DESCRIPT>两位数字号码</DESCRIPT>
    </SEOCOMPOTX>
    <SEOCOMPOTX>
     <CLSNAME>ZCL_TR_3019_GUI</CLSNAME>
     <CMPNAME>MV_MSTS_22</CMPNAME>
     <LANGU>1</LANGU>
     <DESCRIPT>两位数字号码</DESCRIPT>
    </SEOCOMPOTX>
    <SEOCOMPOTX>
     <CLSNAME>ZCL_TR_3019_GUI</CLSNAME>
     <CMPNAME>MV_MSTS_29</CMPNAME>
     <LANGU>1</LANGU>
     <DESCRIPT>两位数字号码</DESCRIPT>
    </SEOCOMPOTX>
    <SEOCOMPOTX>
     <CLSNAME>ZCL_TR_3019_GUI</CLSNAME>
     <CMPNAME>MV_MSTS_50</CMPNAME>
     <LANGU>1</LANGU>
     <DESCRIPT>两位数字号码</DESCRIPT>
    </SEOCOMPOTX>
    <SEOCOMPOTX>
     <CLSNAME>ZCL_TR_3019_GUI</CLSNAME>
     <CMPNAME>MV_MSTS_51</CMPNAME>
     <LANGU>1</LANGU>
     <DESCRIPT>两位数字号码</DESCRIPT>
    </SEOCOMPOTX>
    <SEOCOMPOTX>
     <CLSNAME>ZCL_TR_3019_GUI</CLSNAME>
     <CMPNAME>MV_MSTS_52</CMPNAME>
     <LANGU>1</LANGU>
     <DESCRIPT>两位数字号码</DESCRIPT>
    </SEOCOMPOTX>
    <SEOCOMPOTX>
     <CLSNAME>ZCL_TR_3019_GUI</CLSNAME>
     <CMPNAME>MV_MSTS_53</CMPNAME>
     <LANGU>1</LANGU>
     <DESCRIPT>两位数字号码</DESCRIPT>
    </SEOCOMPOTX>
    <SEOCOMPOTX>
     <CLSNAME>ZCL_TR_3019_GUI</CLSNAME>
     <CMPNAME>MV_MSTS_54</CMPNAME>
     <LANGU>1</LANGU>
     <DESCRIPT>两位数字号码</DESCRIPT>
    </SEOCOMPOTX>
    <SEOCOMPOTX>
     <CLSNAME>ZCL_TR_3019_GUI</CLSNAME>
     <CMPNAME>MV_MSTS_55</CMPNAME>
     <LANGU>1</LANGU>
     <DESCRIPT>两位数字号码</DESCRIPT>
    </SEOCOMPOTX>
    <SEOCOMPOTX>
     <CLSNAME>ZCL_TR_3019_GUI</CLSNAME>
     <CMPNAME>MV_WSTS_10</CMPNAME>
     <LANGU>1</LANGU>
     <DESCRIPT>两位数字号码</DESCRIPT>
    </SEOCOMPOTX>
    <SEOCOMPOTX>
     <CLSNAME>ZCL_TR_3019_GUI</CLSNAME>
     <CMPNAME>MV_WSTS_11</CMPNAME>
     <LANGU>1</LANGU>
     <DESCRIPT>两位数字号码</DESCRIPT>
    </SEOCOMPOTX>
    <SEOCOMPOTX>
     <CLSNAME>ZCL_TR_3019_GUI</CLSNAME>
     <CMPNAME>MV_WSTS_19</CMPNAME>
     <LANGU>1</LANGU>
     <DESCRIPT>两位数字号码</DESCRIPT>
    </SEOCOMPOTX>
    <SEOCOMPOTX>
     <CLSNAME>ZCL_TR_3019_GUI</CLSNAME>
     <CMPNAME>MV_WSTS_22</CMPNAME>
     <LANGU>1</LANGU>
     <DESCRIPT>两位数字号码</DESCRIPT>
    </SEOCOMPOTX>
    <SEOCOMPOTX>
     <CLSNAME>ZCL_TR_3019_GUI</CLSNAME>
     <CMPNAME>MV_WSTS_23</CMPNAME>
     <LANGU>1</LANGU>
     <DESCRIPT>两位数字号码</DESCRIPT>
    </SEOCOMPOTX>
    <SEOCOMPOTX>
     <CLSNAME>ZCL_TR_3019_GUI</CLSNAME>
     <CMPNAME>MV_WSTS_29</CMPNAME>
     <LANGU>1</LANGU>
     <DESCRIPT>两位数字号码</DESCRIPT>
    </SEOCOMPOTX>
    <SEOCOMPOTX>
     <CLSNAME>ZCL_TR_3019_GUI</CLSNAME>
     <CMPNAME>MV_WSTS_50</CMPNAME>
     <LANGU>1</LANGU>
     <DESCRIPT>两位数字号码</DESCRIPT>
    </SEOCOMPOTX>
    <SEOCOMPOTX>
     <CLSNAME>ZCL_TR_3019_GUI</CLSNAME>
     <CMPNAME>UNLOCK_BUKRS</CMPNAME>
     <LANGU>1</LANGU>
     <DESCRIPT>解锁公司级别操作</DESCRIPT>
    </SEOCOMPOTX>
    <SEOCOMPOTX>
     <CLSNAME>ZCL_TR_3019_GUI</CLSNAME>
     <CMPNAME>UNLOCK_JJ</CMPNAME>
     <LANGU>1</LANGU>
     <DESCRIPT>锁定紧急周资金计划申请单</DESCRIPT>
    </SEOCOMPOTX>
    <SEOCOMPOTX>
     <CLSNAME>ZCL_TR_3019_GUI</CLSNAME>
     <CMPNAME>UNLOCK_MHEAD</CMPNAME>
     <LANGU>1</LANGU>
     <DESCRIPT>解锁整张周资金计划</DESCRIPT>
    </SEOCOMPOTX>
    <SEOCOMPOTX>
     <CLSNAME>ZCL_TR_3019_GUI</CLSNAME>
     <CMPNAME>UNLOCK_MITEM</CMPNAME>
     <LANGU>1</LANGU>
     <DESCRIPT>解锁周资金计划行项目</DESCRIPT>
    </SEOCOMPOTX>
    <SEOCOMPOTX>
     <CLSNAME>ZCL_TR_3019_GUI</CLSNAME>
     <CMPNAME>UNLOCK_WEEK_MONTH</CMPNAME>
     <LANGU>1</LANGU>
     <DESCRIPT>解锁自己计划月/周创建任务</DESCRIPT>
    </SEOCOMPOTX>
    <SEOCOMPOTX>
     <CLSNAME>ZCL_TR_3019_GUI</CLSNAME>
     <CMPNAME>UNLOCK_WHEAD</CMPNAME>
     <LANGU>1</LANGU>
     <DESCRIPT>解锁整张周资金计划</DESCRIPT>
    </SEOCOMPOTX>
    <SEOCOMPOTX>
     <CLSNAME>ZCL_TR_3019_GUI</CLSNAME>
     <CMPNAME>UNLOCK_WITEM</CMPNAME>
     <LANGU>1</LANGU>
     <DESCRIPT>解锁周资金计划行项目</DESCRIPT>
    </SEOCOMPOTX>
   </DESCRIPTIONS>
  </asx:values>
 </asx:abap>
</abapGit>
