﻿<?xml version="1.0" encoding="utf-8"?>
<abapGit version="v1.0.0" serializer="LCL_OBJECT_CLAS" serializer_version="v1.0.0">
 <asx:abap xmlns:asx="http://www.sap.com/abapxml" version="1.0">
  <asx:values>
   <VSEOCLASS>
    <CLSNAME>ZCL_BANK_DATA_MAPPING_ENGINE</CLSNAME>
    <VERSION>1</VERSION>
    <LANGU>1</LANGU>
    <DESCRIPT>SAP&lt;-&gt;银行数据转换引擎</DESCRIPT>
    <STATE>1</STATE>
    <CLSCCINCL>X</CLSCCINCL>
    <FIXPT>X</FIXPT>
    <UNICODE>X</UNICODE>
    <RSTAT>K</RSTAT>
    <MSG_ID>ZTR_BANK_APPLICATION</MSG_ID>
   </VSEOCLASS>
   <DESCRIPTIONS>
    <SEOCOMPOTX>
     <CLSNAME>ZCL_BANK_DATA_MAPPING_ENGINE</CLSNAME>
     <CMPNAME>ADD_ELEMENTS</CMPNAME>
     <LANGU>1</LANGU>
     <DESCRIPT>取得XML元素值</DESCRIPT>
    </SEOCOMPOTX>
    <SEOCOMPOTX>
     <CLSNAME>ZCL_BANK_DATA_MAPPING_ENGINE</CLSNAME>
     <CMPNAME>CONVERT_TO_DMEE_PLAINTEXT_FILE</CMPNAME>
     <LANGU>1</LANGU>
     <DESCRIPT>SAP格式的数据转换成TXT文档格式</DESCRIPT>
    </SEOCOMPOTX>
    <SEOCOMPOTX>
     <CLSNAME>ZCL_BANK_DATA_MAPPING_ENGINE</CLSNAME>
     <CMPNAME>CONVERT_TO_DMEE_XML_FILE</CMPNAME>
     <LANGU>1</LANGU>
     <DESCRIPT>转换成DMEE XML文件</DESCRIPT>
    </SEOCOMPOTX>
    <SEOCOMPOTX>
     <CLSNAME>ZCL_BANK_DATA_MAPPING_ENGINE</CLSNAME>
     <CMPNAME>CONVERT_XML_TO_SAP</CMPNAME>
     <LANGU>1</LANGU>
     <DESCRIPT>转换XML成SAP格式的数据</DESCRIPT>
    </SEOCOMPOTX>
    <SEOCOMPOTX>
     <CLSNAME>ZCL_BANK_DATA_MAPPING_ENGINE</CLSNAME>
     <CMPNAME>GET_ELEMENT_VALUE</CMPNAME>
     <LANGU>1</LANGU>
     <DESCRIPT>取得XML元素值</DESCRIPT>
    </SEOCOMPOTX>
    <SEOCOMPOTX>
     <CLSNAME>ZCL_BANK_DATA_MAPPING_ENGINE</CLSNAME>
     <CMPNAME>NO</CMPNAME>
     <LANGU>1</LANGU>
     <DESCRIPT>一般标记</DESCRIPT>
    </SEOCOMPOTX>
    <SEOCOMPOTX>
     <CLSNAME>ZCL_BANK_DATA_MAPPING_ENGINE</CLSNAME>
     <CMPNAME>RESET_ELEMENT_VALUE</CMPNAME>
     <LANGU>1</LANGU>
     <DESCRIPT>重置XML元素值</DESCRIPT>
    </SEOCOMPOTX>
    <SEOCOMPOTX>
     <CLSNAME>ZCL_BANK_DATA_MAPPING_ENGINE</CLSNAME>
     <CMPNAME>RESET_ELEMENT_VALUE_FROM_XML</CMPNAME>
     <LANGU>1</LANGU>
     <DESCRIPT>XML元素值相互转换</DESCRIPT>
    </SEOCOMPOTX>
    <SEOCOMPOTX>
     <CLSNAME>ZCL_BANK_DATA_MAPPING_ENGINE</CLSNAME>
     <CMPNAME>SAP_TO_DMEE_FILE</CMPNAME>
     <LANGU>1</LANGU>
     <DESCRIPT>SAP格式的数据转换成DMEE文件</DESCRIPT>
    </SEOCOMPOTX>
    <SEOCOMPOTX>
     <CLSNAME>ZCL_BANK_DATA_MAPPING_ENGINE</CLSNAME>
     <CMPNAME>YES</CMPNAME>
     <LANGU>1</LANGU>
     <DESCRIPT>一般标记</DESCRIPT>
    </SEOCOMPOTX>
   </DESCRIPTIONS>
  </asx:values>
 </asx:abap>
</abapGit>
