﻿<?xml version="1.0" encoding="utf-8"?>
<abapGit version="v1.0.0" serializer="LCL_OBJECT_CLAS" serializer_version="v1.0.0">
 <asx:abap xmlns:asx="http://www.sap.com/abapxml" version="1.0">
  <asx:values>
   <VSEOCLASS>
    <CLSNAME>ZCL_MESSAGE_COLLECTOR</CLSNAME>
    <VERSION>1</VERSION>
    <LANGU>1</LANGU>
    <DESCRIPT>Message Collector</DESCRIPT>
    <STATE>1</STATE>
    <CLSCCINCL>X</CLSCCINCL>
    <FIXPT>X</FIXPT>
    <UNICODE>X</UNICODE>
    <RSTAT>K</RSTAT>
    <MSG_ID>ZCAMESSAGE</MSG_ID>
   </VSEOCLASS>
   <TPOOL>
    <item>
     <ID>I</ID>
     <KEY>001</KEY>
     <ENTRY>No publishable messages......</ENTRY>
     <LENGTH>58</LENGTH>
    </item>
   </TPOOL>
   <DESCRIPTIONS>
    <SEOCOMPOTX>
     <CLSNAME>ZCL_MESSAGE_COLLECTOR</CLSNAME>
     <CMPNAME>ADD_MESSAGE</CMPNAME>
     <LANGU>1</LANGU>
     <DESCRIPT>加入消息-单个(按照消息参数)</DESCRIPT>
    </SEOCOMPOTX>
    <SEOCOMPOTX>
     <CLSNAME>ZCL_MESSAGE_COLLECTOR</CLSNAME>
     <CMPNAME>ADD_MESSAGE_COUNT</CMPNAME>
     <LANGU>1</LANGU>
     <DESCRIPT>增加消息计数</DESCRIPT>
    </SEOCOMPOTX>
    <SEOCOMPOTX>
     <CLSNAME>ZCL_MESSAGE_COLLECTOR</CLSNAME>
     <CMPNAME>ADD_MESSAGE_SET</CMPNAME>
     <LANGU>1</LANGU>
     <DESCRIPT>加入消息-批量</DESCRIPT>
    </SEOCOMPOTX>
    <SEOCOMPOTX>
     <CLSNAME>ZCL_MESSAGE_COLLECTOR</CLSNAME>
     <CMPNAME>ADD_SYSTEM_MESSAGE</CMPNAME>
     <LANGU>1</LANGU>
     <DESCRIPT>增加一个系统消息(按照SYST结构)</DESCRIPT>
    </SEOCOMPOTX>
    <SEOCOMPOTX>
     <CLSNAME>ZCL_MESSAGE_COLLECTOR</CLSNAME>
     <CMPNAME>APPEND_MESSAGE</CMPNAME>
     <LANGU>1</LANGU>
     <DESCRIPT>附加消息(按照bapiret结构)</DESCRIPT>
    </SEOCOMPOTX>
    <SEOCOMPOTX>
     <CLSNAME>ZCL_MESSAGE_COLLECTOR</CLSNAME>
     <CMPNAME>BACKUP_MESSAGES</CMPNAME>
     <LANGU>1</LANGU>
     <DESCRIPT>备份消息</DESCRIPT>
    </SEOCOMPOTX>
    <SEOCOMPOTX>
     <CLSNAME>ZCL_MESSAGE_COLLECTOR</CLSNAME>
     <CMPNAME>CLASS</CMPNAME>
     <LANGU>1</LANGU>
     <DESCRIPT>消息类</DESCRIPT>
    </SEOCOMPOTX>
    <SEOCOMPOTX>
     <CLSNAME>ZCL_MESSAGE_COLLECTOR</CLSNAME>
     <CMPNAME>CLEAR_BACKUP</CMPNAME>
     <LANGU>1</LANGU>
     <DESCRIPT>清除备份消息</DESCRIPT>
    </SEOCOMPOTX>
    <SEOCOMPOTX>
     <CLSNAME>ZCL_MESSAGE_COLLECTOR</CLSNAME>
     <CMPNAME>CLEAR_MESSAGES</CMPNAME>
     <LANGU>1</LANGU>
     <DESCRIPT>清除消息</DESCRIPT>
    </SEOCOMPOTX>
    <SEOCOMPOTX>
     <CLSNAME>ZCL_MESSAGE_COLLECTOR</CLSNAME>
     <CMPNAME>COLLECT_INTF_MESSAGES</CMPNAME>
     <LANGU>1</LANGU>
     <DESCRIPT>收集接口消息</DESCRIPT>
    </SEOCOMPOTX>
    <SEOCOMPOTX>
     <CLSNAME>ZCL_MESSAGE_COLLECTOR</CLSNAME>
     <CMPNAME>COLOR_BY_TYPE</CMPNAME>
     <LANGU>1</LANGU>
     <DESCRIPT>按照消息类确定颜色</DESCRIPT>
    </SEOCOMPOTX>
    <SEOCOMPOTX>
     <CLSNAME>ZCL_MESSAGE_COLLECTOR</CLSNAME>
     <CMPNAME>CONCATENATE</CMPNAME>
     <LANGU>1</LANGU>
     <DESCRIPT>连接消息</DESCRIPT>
    </SEOCOMPOTX>
    <SEOCOMPOTX>
     <CLSNAME>ZCL_MESSAGE_COLLECTOR</CLSNAME>
     <CMPNAME>CONSTRUCTOR</CMPNAME>
     <LANGU>1</LANGU>
     <DESCRIPT>CONSTRUCTOR</DESCRIPT>
    </SEOCOMPOTX>
    <SEOCOMPOTX>
     <CLSNAME>ZCL_MESSAGE_COLLECTOR</CLSNAME>
     <CMPNAME>CREATE_ICON_BY_TYPE</CMPNAME>
     <LANGU>1</LANGU>
     <DESCRIPT>按照消息类创建消息按钮</DESCRIPT>
    </SEOCOMPOTX>
    <SEOCOMPOTX>
     <CLSNAME>ZCL_MESSAGE_COLLECTOR</CLSNAME>
     <CMPNAME>CREATE_MESSAGE_ICON</CMPNAME>
     <LANGU>1</LANGU>
     <DESCRIPT>创建消息按钮</DESCRIPT>
    </SEOCOMPOTX>
    <SEOCOMPOTX>
     <CLSNAME>ZCL_MESSAGE_COLLECTOR</CLSNAME>
     <CMPNAME>DEFAULT_MESSAGE_CLASS</CMPNAME>
     <LANGU>1</LANGU>
     <DESCRIPT>默认的消息类</DESCRIPT>
    </SEOCOMPOTX>
    <SEOCOMPOTX>
     <CLSNAME>ZCL_MESSAGE_COLLECTOR</CLSNAME>
     <CMPNAME>DIALOGBOX_MODE</CMPNAME>
     <LANGU>1</LANGU>
     <DESCRIPT>发布方式为对话屏幕</DESCRIPT>
    </SEOCOMPOTX>
    <SEOCOMPOTX>
     <CLSNAME>ZCL_MESSAGE_COLLECTOR</CLSNAME>
     <CMPNAME>ERROR</CMPNAME>
     <LANGU>1</LANGU>
     <DESCRIPT>错误</DESCRIPT>
    </SEOCOMPOTX>
    <SEOCOMPOTX>
     <CLSNAME>ZCL_MESSAGE_COLLECTOR</CLSNAME>
     <CMPNAME>EXCEPTION</CMPNAME>
     <LANGU>1</LANGU>
     <DESCRIPT>异常</DESCRIPT>
    </SEOCOMPOTX>
    <SEOCOMPOTX>
     <CLSNAME>ZCL_MESSAGE_COLLECTOR</CLSNAME>
     <CMPNAME>EXPORT_MESSAGE_BAPIRETURN</CMPNAME>
     <LANGU>1</LANGU>
     <DESCRIPT>输出消息(按照bapiret2的格式)</DESCRIPT>
    </SEOCOMPOTX>
    <SEOCOMPOTX>
     <CLSNAME>ZCL_MESSAGE_COLLECTOR</CLSNAME>
     <CMPNAME>FULLSCREEN_MODE</CMPNAME>
     <LANGU>1</LANGU>
     <DESCRIPT>发布方式为全屏发布</DESCRIPT>
    </SEOCOMPOTX>
    <SEOCOMPOTX>
     <CLSNAME>ZCL_MESSAGE_COLLECTOR</CLSNAME>
     <CMPNAME>IF_ERROR</CMPNAME>
     <LANGU>1</LANGU>
     <DESCRIPT>收集的消息中是否存在错误</DESCRIPT>
    </SEOCOMPOTX>
    <SEOCOMPOTX>
     <CLSNAME>ZCL_MESSAGE_COLLECTOR</CLSNAME>
     <CMPNAME>IF_WARNING</CMPNAME>
     <LANGU>1</LANGU>
     <DESCRIPT>收集的消息中是否存在警告</DESCRIPT>
    </SEOCOMPOTX>
    <SEOCOMPOTX>
     <CLSNAME>ZCL_MESSAGE_COLLECTOR</CLSNAME>
     <CMPNAME>IMPORT_MESSAGES</CMPNAME>
     <LANGU>1</LANGU>
     <DESCRIPT>导入消息</DESCRIPT>
    </SEOCOMPOTX>
    <SEOCOMPOTX>
     <CLSNAME>ZCL_MESSAGE_COLLECTOR</CLSNAME>
     <CMPNAME>INFORMATION</CMPNAME>
     <LANGU>1</LANGU>
     <DESCRIPT>信息</DESCRIPT>
    </SEOCOMPOTX>
    <SEOCOMPOTX>
     <CLSNAME>ZCL_MESSAGE_COLLECTOR</CLSNAME>
     <CMPNAME>INTERNAL_MODE</CMPNAME>
     <LANGU>1</LANGU>
     <DESCRIPT>发布方式为内表传递</DESCRIPT>
    </SEOCOMPOTX>
    <SEOCOMPOTX>
     <CLSNAME>ZCL_MESSAGE_COLLECTOR</CLSNAME>
     <CMPNAME>MESSAGES</CMPNAME>
     <LANGU>1</LANGU>
     <DESCRIPT>当前的消息</DESCRIPT>
    </SEOCOMPOTX>
    <SEOCOMPOTX>
     <CLSNAME>ZCL_MESSAGE_COLLECTOR</CLSNAME>
     <CMPNAME>MESSAGES_BACKUP</CMPNAME>
     <LANGU>1</LANGU>
     <DESCRIPT>备份的消息</DESCRIPT>
    </SEOCOMPOTX>
    <SEOCOMPOTX>
     <CLSNAME>ZCL_MESSAGE_COLLECTOR</CLSNAME>
     <CMPNAME>MESSAGES_COPY_FROM_OBJECT</CMPNAME>
     <LANGU>1</LANGU>
     <DESCRIPT>复制对象的消息</DESCRIPT>
    </SEOCOMPOTX>
    <SEOCOMPOTX>
     <CLSNAME>ZCL_MESSAGE_COLLECTOR</CLSNAME>
     <CMPNAME>MESSAGE_COUNT</CMPNAME>
     <LANGU>1</LANGU>
     <DESCRIPT>消息计数器</DESCRIPT>
    </SEOCOMPOTX>
    <SEOCOMPOTX>
     <CLSNAME>ZCL_MESSAGE_COLLECTOR</CLSNAME>
     <CMPNAME>MESSAGE_COUNT_BACKUP</CMPNAME>
     <LANGU>1</LANGU>
     <DESCRIPT>消息计数器备份</DESCRIPT>
    </SEOCOMPOTX>
    <SEOCOMPOTX>
     <CLSNAME>ZCL_MESSAGE_COLLECTOR</CLSNAME>
     <CMPNAME>MESSAGE_KEY</CMPNAME>
     <LANGU>1</LANGU>
     <DESCRIPT>消息主键</DESCRIPT>
    </SEOCOMPOTX>
    <SEOCOMPOTX>
     <CLSNAME>ZCL_MESSAGE_COLLECTOR</CLSNAME>
     <CMPNAME>NO</CMPNAME>
     <LANGU>1</LANGU>
     <DESCRIPT>否</DESCRIPT>
    </SEOCOMPOTX>
    <SEOCOMPOTX>
     <CLSNAME>ZCL_MESSAGE_COLLECTOR</CLSNAME>
     <CMPNAME>PROGRAM</CMPNAME>
     <LANGU>1</LANGU>
     <DESCRIPT>程序</DESCRIPT>
    </SEOCOMPOTX>
    <SEOCOMPOTX>
     <CLSNAME>ZCL_MESSAGE_COLLECTOR</CLSNAME>
     <CMPNAME>PUBLISHED_MESSAGES</CMPNAME>
     <LANGU>1</LANGU>
     <DESCRIPT>发布的消息</DESCRIPT>
    </SEOCOMPOTX>
    <SEOCOMPOTX>
     <CLSNAME>ZCL_MESSAGE_COLLECTOR</CLSNAME>
     <CMPNAME>PUBLISH_MESSAGES</CMPNAME>
     <LANGU>1</LANGU>
     <DESCRIPT>发布消息</DESCRIPT>
    </SEOCOMPOTX>
    <SEOCOMPOTX>
     <CLSNAME>ZCL_MESSAGE_COLLECTOR</CLSNAME>
     <CMPNAME>RESTORE</CMPNAME>
     <LANGU>1</LANGU>
     <DESCRIPT>重置消息类</DESCRIPT>
    </SEOCOMPOTX>
    <SEOCOMPOTX>
     <CLSNAME>ZCL_MESSAGE_COLLECTOR</CLSNAME>
     <CMPNAME>RETURNERROR_FROM_RFC</CMPNAME>
     <LANGU>1</LANGU>
     <DESCRIPT>收集RFC返回的消息</DESCRIPT>
    </SEOCOMPOTX>
    <SEOCOMPOTX>
     <CLSNAME>ZCL_MESSAGE_COLLECTOR</CLSNAME>
     <CMPNAME>RETURN_RFC_MESSAGE</CMPNAME>
     <LANGU>1</LANGU>
     <DESCRIPT>RFC返回消息</DESCRIPT>
    </SEOCOMPOTX>
    <SEOCOMPOTX>
     <CLSNAME>ZCL_MESSAGE_COLLECTOR</CLSNAME>
     <CMPNAME>SUCCESS</CMPNAME>
     <LANGU>1</LANGU>
     <DESCRIPT>成功</DESCRIPT>
    </SEOCOMPOTX>
    <SEOCOMPOTX>
     <CLSNAME>ZCL_MESSAGE_COLLECTOR</CLSNAME>
     <CMPNAME>TERMINATION</CMPNAME>
     <LANGU>1</LANGU>
     <DESCRIPT>终止</DESCRIPT>
    </SEOCOMPOTX>
    <SEOCOMPOTX>
     <CLSNAME>ZCL_MESSAGE_COLLECTOR</CLSNAME>
     <CMPNAME>WARNING</CMPNAME>
     <LANGU>1</LANGU>
     <DESCRIPT>警告</DESCRIPT>
    </SEOCOMPOTX>
    <SEOCOMPOTX>
     <CLSNAME>ZCL_MESSAGE_COLLECTOR</CLSNAME>
     <CMPNAME>YES</CMPNAME>
     <LANGU>1</LANGU>
     <DESCRIPT>是</DESCRIPT>
    </SEOCOMPOTX>
   </DESCRIPTIONS>
  </asx:values>
 </asx:abap>
</abapGit>
