﻿<?xml version="1.0" encoding="utf-8"?>
<abapGit version="v1.0.0" serializer="LCL_OBJECT_CLAS" serializer_version="v1.0.0">
 <asx:abap xmlns:asx="http://www.sap.com/abapxml" version="1.0">
  <asx:values>
   <VSEOCLASS>
    <CLSNAME>ZCL_TR_CAPITAL_PLATFORM_DOC</CLSNAME>
    <VERSION>1</VERSION>
    <LANGU>1</LANGU>
    <DESCRIPT>资金集中管理平台单据</DESCRIPT>
    <STATE>1</STATE>
    <CLSCCINCL>X</CLSCCINCL>
    <FIXPT>X</FIXPT>
    <UNICODE>X</UNICODE>
    <RSTAT>K</RSTAT>
    <MSG_ID>ZTR04</MSG_ID>
   </VSEOCLASS>
   <DESCRIPTIONS>
    <SEOCOMPOTX>
     <CLSNAME>ZCL_TR_CAPITAL_PLATFORM_DOC</CLSNAME>
     <CMPNAME>BGUID</CMPNAME>
     <LANGU>1</LANGU>
     <DESCRIPT>&apos;CHAR&apos; 格式的大写的 GUID</DESCRIPT>
    </SEOCOMPOTX>
    <SEOCOMPOTX>
     <CLSNAME>ZCL_TR_CAPITAL_PLATFORM_DOC</CLSNAME>
     <CMPNAME>CENTRALIZED_TYPE</CMPNAME>
     <LANGU>1</LANGU>
     <DESCRIPT>资金集中类型</DESCRIPT>
    </SEOCOMPOTX>
    <SEOCOMPOTX>
     <CLSNAME>ZCL_TR_CAPITAL_PLATFORM_DOC</CLSNAME>
     <CMPNAME>CENTRALIZED_TYPE_TEXT</CMPNAME>
     <LANGU>1</LANGU>
     <DESCRIPT>固定值的短文本</DESCRIPT>
    </SEOCOMPOTX>
    <SEOCOMPOTX>
     <CLSNAME>ZCL_TR_CAPITAL_PLATFORM_DOC</CLSNAME>
     <CMPNAME>CHECK_ITEM_PRCTR_BY_BUKRS</CMPNAME>
     <LANGU>1</LANGU>
     <DESCRIPT>根据收付款公司校验成本中心</DESCRIPT>
    </SEOCOMPOTX>
    <SEOCOMPOTX>
     <CLSNAME>ZCL_TR_CAPITAL_PLATFORM_DOC</CLSNAME>
     <CMPNAME>CONSTRUCTOR</CMPNAME>
     <LANGU>1</LANGU>
     <DESCRIPT>CONSTRUCTOR</DESCRIPT>
    </SEOCOMPOTX>
    <SEOCOMPOTX>
     <CLSNAME>ZCL_TR_CAPITAL_PLATFORM_DOC</CLSNAME>
     <CMPNAME>CREATE_PAYMENT_ORDER_BATCH</CMPNAME>
     <LANGU>1</LANGU>
     <DESCRIPT>2020.2.3调拨单批量创建支付单</DESCRIPT>
    </SEOCOMPOTX>
    <SEOCOMPOTX>
     <CLSNAME>ZCL_TR_CAPITAL_PLATFORM_DOC</CLSNAME>
     <CMPNAME>CREATION_MODE</CMPNAME>
     <LANGU>1</LANGU>
     <DESCRIPT>一般标记</DESCRIPT>
    </SEOCOMPOTX>
    <SEOCOMPOTX>
     <CLSNAME>ZCL_TR_CAPITAL_PLATFORM_DOC</CLSNAME>
     <CMPNAME>DEFAULT_FLOWCODE</CMPNAME>
     <LANGU>1</LANGU>
     <DESCRIPT>20200107取消汇票划转默认，用户手输现金流</DESCRIPT>
    </SEOCOMPOTX>
    <SEOCOMPOTX>
     <CLSNAME>ZCL_TR_CAPITAL_PLATFORM_DOC</CLSNAME>
     <CMPNAME>DOCUMENT_NUMBER</CMPNAME>
     <LANGU>1</LANGU>
     <DESCRIPT>单据号码</DESCRIPT>
    </SEOCOMPOTX>
    <SEOCOMPOTX>
     <CLSNAME>ZCL_TR_CAPITAL_PLATFORM_DOC</CLSNAME>
     <CMPNAME>HEADER</CMPNAME>
     <LANGU>1</LANGU>
     <DESCRIPT>集团公司资金往来申请单据抬头</DESCRIPT>
    </SEOCOMPOTX>
    <SEOCOMPOTX>
     <CLSNAME>ZCL_TR_CAPITAL_PLATFORM_DOC</CLSNAME>
     <CMPNAME>HEADER_BACKUP_FOR_OA_PROCESS</CMPNAME>
     <LANGU>1</LANGU>
     <DESCRIPT>集团公司资金往来申请单据抬头</DESCRIPT>
    </SEOCOMPOTX>
    <SEOCOMPOTX>
     <CLSNAME>ZCL_TR_CAPITAL_PLATFORM_DOC</CLSNAME>
     <CMPNAME>INITIATING_COMPANY_CODE</CMPNAME>
     <LANGU>1</LANGU>
     <DESCRIPT>公司代码</DESCRIPT>
    </SEOCOMPOTX>
    <SEOCOMPOTX>
     <CLSNAME>ZCL_TR_CAPITAL_PLATFORM_DOC</CLSNAME>
     <CMPNAME>ITEMS</CMPNAME>
     <LANGU>1</LANGU>
     <DESCRIPT>Doc items</DESCRIPT>
    </SEOCOMPOTX>
    <SEOCOMPOTX>
     <CLSNAME>ZCL_TR_CAPITAL_PLATFORM_DOC</CLSNAME>
     <CMPNAME>ITEMS_BACKUP_FOR_OA_PROCESS</CMPNAME>
     <LANGU>1</LANGU>
     <DESCRIPT>Table Type of ZTRS_0192I</DESCRIPT>
    </SEOCOMPOTX>
    <SEOCOMPOTX>
     <CLSNAME>ZCL_TR_CAPITAL_PLATFORM_DOC</CLSNAME>
     <CMPNAME>ITEMS_FOR_CHECK_STATUS</CMPNAME>
     <LANGU>1</LANGU>
     <DESCRIPT>Table Type of ZTRS_0192I</DESCRIPT>
    </SEOCOMPOTX>
    <SEOCOMPOTX>
     <CLSNAME>ZCL_TR_CAPITAL_PLATFORM_DOC</CLSNAME>
     <CMPNAME>ITEMS_FOR_DELETION</CMPNAME>
     <LANGU>1</LANGU>
     <DESCRIPT>Table Type of ZTRS_0192I</DESCRIPT>
    </SEOCOMPOTX>
    <SEOCOMPOTX>
     <CLSNAME>ZCL_TR_CAPITAL_PLATFORM_DOC</CLSNAME>
     <CMPNAME>MESSAGES</CMPNAME>
     <LANGU>1</LANGU>
     <DESCRIPT>Message Collector</DESCRIPT>
    </SEOCOMPOTX>
    <SEOCOMPOTX>
     <CLSNAME>ZCL_TR_CAPITAL_PLATFORM_DOC</CLSNAME>
     <CMPNAME>NO</CMPNAME>
     <LANGU>1</LANGU>
     <DESCRIPT>一般标记</DESCRIPT>
    </SEOCOMPOTX>
    <SEOCOMPOTX>
     <CLSNAME>ZCL_TR_CAPITAL_PLATFORM_DOC</CLSNAME>
     <CMPNAME>OA_PROCESS_TYPE</CMPNAME>
     <LANGU>1</LANGU>
     <DESCRIPT>流程类型</DESCRIPT>
    </SEOCOMPOTX>
    <SEOCOMPOTX>
     <CLSNAME>ZCL_TR_CAPITAL_PLATFORM_DOC</CLSNAME>
     <CMPNAME>REFIND_PAYORDER_HAS_CREATE</CMPNAME>
     <LANGU>1</LANGU>
     <DESCRIPT>防止支付单已创建，状态未回写，创建支付单前检查</DESCRIPT>
    </SEOCOMPOTX>
    <SEOCOMPOTX>
     <CLSNAME>ZCL_TR_CAPITAL_PLATFORM_DOC</CLSNAME>
     <CMPNAME>WEEK_CAPITAL_PLAN_RELEASE_DATE</CMPNAME>
     <LANGU>1</LANGU>
     <DESCRIPT>日期</DESCRIPT>
    </SEOCOMPOTX>
    <SEOCOMPOTX>
     <CLSNAME>ZCL_TR_CAPITAL_PLATFORM_DOC</CLSNAME>
     <CMPNAME>WEEK_CAPITAL_VERSION</CMPNAME>
     <LANGU>1</LANGU>
     <DESCRIPT>周版本编号</DESCRIPT>
    </SEOCOMPOTX>
    <SEOCOMPOTX>
     <CLSNAME>ZCL_TR_CAPITAL_PLATFORM_DOC</CLSNAME>
     <CMPNAME>YES</CMPNAME>
     <LANGU>1</LANGU>
     <DESCRIPT>一般标记</DESCRIPT>
    </SEOCOMPOTX>
   </DESCRIPTIONS>
  </asx:values>
 </asx:abap>
</abapGit>
