﻿<?xml version="1.0" encoding="utf-8"?>
<abapGit version="v1.0.0" serializer="LCL_OBJECT_CLAS" serializer_version="v1.0.0">
 <asx:abap xmlns:asx="http://www.sap.com/abapxml" version="1.0">
  <asx:values>
   <VSEOCLASS>
    <CLSNAME>ZCL_ABC_ENHANCEMENT</CLSNAME>
    <VERSION>1</VERSION>
    <LANGU>1</LANGU>
    <DESCRIPT>农业银行银企直连增强</DESCRIPT>
    <STATE>1</STATE>
    <CLSCCINCL>X</CLSCCINCL>
    <FIXPT>X</FIXPT>
    <UNICODE>X</UNICODE>
   </VSEOCLASS>
   <DESCRIPTIONS>
    <SEOCOMPOTX>
     <CLSNAME>ZCL_ABC_ENHANCEMENT</CLSNAME>
     <CMPNAME>GET_ABC_ACCNO</CMPNAME>
     <LANGU>1</LANGU>
     <DESCRIPT>获取农行账户账号</DESCRIPT>
    </SEOCOMPOTX>
    <SEOCOMPOTX>
     <CLSNAME>ZCL_ABC_ENHANCEMENT</CLSNAME>
     <CMPNAME>GET_ABC_CURCODE</CMPNAME>
     <LANGU>1</LANGU>
     <DESCRIPT>获取农行币种代码</DESCRIPT>
    </SEOCOMPOTX>
    <SEOCOMPOTX>
     <CLSNAME>ZCL_ABC_ENHANCEMENT</CLSNAME>
     <CMPNAME>GET_ACCNO_PROV</CMPNAME>
     <LANGU>1</LANGU>
     <DESCRIPT>获取农行账户省号</DESCRIPT>
    </SEOCOMPOTX>
   </DESCRIPTIONS>
  </asx:values>
 </asx:abap>
</abapGit>
