﻿<?xml version="1.0" encoding="utf-8"?>
<abapGit version="v1.0.0" serializer="LCL_OBJECT_CLAS" serializer_version="v1.0.0">
 <asx:abap xmlns:asx="http://www.sap.com/abapxml" version="1.0">
  <asx:values>
   <VSEOCLASS>
    <CLSNAME>ZCL_TR_3021_GUI</CLSNAME>
    <VERSION>1</VERSION>
    <LANGU>1</LANGU>
    <DESCRIPT>外部模块对周资金计划查询</DESCRIPT>
    <STATE>1</STATE>
    <CLSCCINCL>X</CLSCCINCL>
    <FIXPT>X</FIXPT>
    <UNICODE>X</UNICODE>
   </VSEOCLASS>
   <DESCRIPTIONS>
    <SEOCOMPOTX>
     <CLSNAME>ZCL_TR_3021_GUI</CLSNAME>
     <CMPNAME>GET_BP_AMT</CMPNAME>
     <LANGU>1</LANGU>
     <DESCRIPT>检查供应商超付</DESCRIPT>
    </SEOCOMPOTX>
    <SEOCOMPOTX>
     <CLSNAME>ZCL_TR_3021_GUI</CLSNAME>
     <CMPNAME>GET_BP_AMT_DETAIL</CMPNAME>
     <LANGU>1</LANGU>
     <DESCRIPT>供应商超付明细</DESCRIPT>
    </SEOCOMPOTX>
    <SEOCOMPOTX>
     <CLSNAME>ZCL_TR_3021_GUI</CLSNAME>
     <CMPNAME>GET_WITEM_AGN_AMT</CMPNAME>
     <LANGU>1</LANGU>
     <DESCRIPT>获得周资金行项目在支付单模块中已经创建的总金额</DESCRIPT>
    </SEOCOMPOTX>
   </DESCRIPTIONS>
  </asx:values>
 </asx:abap>
</abapGit>
