﻿<?xml version="1.0" encoding="utf-8"?>
<abapGit version="v1.0.0" serializer="LCL_OBJECT_CLAS" serializer_version="v1.0.0">
 <asx:abap xmlns:asx="http://www.sap.com/abapxml" version="1.0">
  <asx:values>
   <VSEOCLASS>
    <CLSNAME>ZCL_3025_SCORE</CLSNAME>
    <VERSION>1</VERSION>
    <LANGU>1</LANGU>
    <DESCRIPT>评分类</DESCRIPT>
    <STATE>1</STATE>
    <CLSCCINCL>X</CLSCCINCL>
    <FIXPT>X</FIXPT>
    <UNICODE>X</UNICODE>
   </VSEOCLASS>
   <DESCRIPTIONS>
    <SEOCOMPOTX>
     <CLSNAME>ZCL_3025_SCORE</CLSNAME>
     <CMPNAME>CONSTRUCTOR</CMPNAME>
     <LANGU>1</LANGU>
     <DESCRIPT>CONSTRUCTOR</DESCRIPT>
    </SEOCOMPOTX>
    <SEOCOMPOTX>
     <CLSNAME>ZCL_3025_SCORE</CLSNAME>
     <CMPNAME>CRT_261_ALL</CMPNAME>
     <LANGU>1</LANGU>
     <DESCRIPT>创建评分抬头</DESCRIPT>
    </SEOCOMPOTX>
    <SEOCOMPOTX>
     <CLSNAME>ZCL_3025_SCORE</CLSNAME>
     <CMPNAME>CRT_262_ALL</CMPNAME>
     <LANGU>1</LANGU>
     <DESCRIPT>创建评分行项目</DESCRIPT>
    </SEOCOMPOTX>
    <SEOCOMPOTX>
     <CLSNAME>ZCL_3025_SCORE</CLSNAME>
     <CMPNAME>GET_261_ALL</CMPNAME>
     <LANGU>1</LANGU>
     <DESCRIPT>获取评分抬头项目</DESCRIPT>
    </SEOCOMPOTX>
    <SEOCOMPOTX>
     <CLSNAME>ZCL_3025_SCORE</CLSNAME>
     <CMPNAME>GET_262_ALL</CMPNAME>
     <LANGU>1</LANGU>
     <DESCRIPT>获取评分行项目</DESCRIPT>
    </SEOCOMPOTX>
   </DESCRIPTIONS>
  </asx:values>
 </asx:abap>
</abapGit>
