﻿<?xml version="1.0" encoding="utf-8"?>
<abapGit version="v1.0.0" serializer="LCL_OBJECT_CLAS" serializer_version="v1.0.0">
 <asx:abap xmlns:asx="http://www.sap.com/abapxml" version="1.0">
  <asx:values>
   <VSEOCLASS>
    <CLSNAME>ZCL_WD_TR_4001</CLSNAME>
    <VERSION>1</VERSION>
    <LANGU>1</LANGU>
    <DESCRIPT>间接融资内部申请单辅助类</DESCRIPT>
    <STATE>1</STATE>
    <CLSCCINCL>X</CLSCCINCL>
    <FIXPT>X</FIXPT>
    <UNICODE>X</UNICODE>
   </VSEOCLASS>
   <TPOOL>
    <item>
     <ID>I</ID>
     <KEY>001</KEY>
     <ENTRY>是否变更单</ENTRY>
     <LENGTH>15</LENGTH>
    </item>
    <item>
     <ID>I</ID>
     <KEY>002</KEY>
     <ENTRY>间接融资台账编号</ENTRY>
     <LENGTH>18</LENGTH>
    </item>
    <item>
     <ID>I</ID>
     <KEY>003</KEY>
     <ENTRY>间接融资申请单</ENTRY>
     <LENGTH>17</LENGTH>
    </item>
    <item>
     <ID>I</ID>
     <KEY>004</KEY>
     <ENTRY>间接融资变更单</ENTRY>
     <LENGTH>17</LENGTH>
    </item>
    <item>
     <ID>I</ID>
     <KEY>005</KEY>
     <ENTRY>间接融资申请单号</ENTRY>
     <LENGTH>19</LENGTH>
    </item>
    <item>
     <ID>I</ID>
     <KEY>006</KEY>
     <ENTRY>间接融资变更单号</ENTRY>
     <LENGTH>18</LENGTH>
    </item>
    <item>
     <ID>I</ID>
     <KEY>007</KEY>
     <ENTRY>单据状态</ENTRY>
     <LENGTH>14</LENGTH>
    </item>
    <item>
     <ID>I</ID>
     <KEY>008</KEY>
     <ENTRY>申请日期</ENTRY>
     <LENGTH>14</LENGTH>
    </item>
    <item>
     <ID>I</ID>
     <KEY>009</KEY>
     <ENTRY>申请人</ENTRY>
     <LENGTH>13</LENGTH>
    </item>
    <item>
     <ID>I</ID>
     <KEY>010</KEY>
     <ENTRY>公司名称</ENTRY>
     <LENGTH>16</LENGTH>
    </item>
    <item>
     <ID>I</ID>
     <KEY>011</KEY>
     <ENTRY>公司代码</ENTRY>
     <LENGTH>14</LENGTH>
    </item>
    <item>
     <ID>I</ID>
     <KEY>012</KEY>
     <ENTRY>融资机构</ENTRY>
     <LENGTH>14</LENGTH>
    </item>
    <item>
     <ID>I</ID>
     <KEY>013</KEY>
     <ENTRY>融资机构名称</ENTRY>
     <LENGTH>16</LENGTH>
    </item>
    <item>
     <ID>I</ID>
     <KEY>014</KEY>
     <ENTRY>融资方式</ENTRY>
     <LENGTH>14</LENGTH>
    </item>
    <item>
     <ID>I</ID>
     <KEY>015</KEY>
     <ENTRY>申请额度</ENTRY>
     <LENGTH>14</LENGTH>
    </item>
    <item>
     <ID>I</ID>
     <KEY>016</KEY>
     <ENTRY>货币码</ENTRY>
     <LENGTH>13</LENGTH>
    </item>
    <item>
     <ID>I</ID>
     <KEY>017</KEY>
     <ENTRY>银行行别</ENTRY>
     <LENGTH>14</LENGTH>
    </item>
    <item>
     <ID>I</ID>
     <KEY>018</KEY>
     <ENTRY>委托贷款放款企业</ENTRY>
     <LENGTH>18</LENGTH>
    </item>
    <item>
     <ID>I</ID>
     <KEY>019</KEY>
     <ENTRY>委托贷款放款企业名称</ENTRY>
     <LENGTH>20</LENGTH>
    </item>
    <item>
     <ID>I</ID>
     <KEY>020</KEY>
     <ENTRY>预计达成日期</ENTRY>
     <LENGTH>16</LENGTH>
    </item>
    <item>
     <ID>I</ID>
     <KEY>021</KEY>
     <ENTRY>新增</ENTRY>
     <LENGTH>12</LENGTH>
    </item>
    <item>
     <ID>I</ID>
     <KEY>022</KEY>
     <ENTRY>修改</ENTRY>
     <LENGTH>12</LENGTH>
    </item>
    <item>
     <ID>I</ID>
     <KEY>023</KEY>
     <ENTRY>删除</ENTRY>
     <LENGTH>12</LENGTH>
    </item>
    <item>
     <ID>I</ID>
     <KEY>024</KEY>
     <ENTRY>办理成功</ENTRY>
     <LENGTH>14</LENGTH>
    </item>
    <item>
     <ID>I</ID>
     <KEY>025</KEY>
     <ENTRY>办理不成功</ENTRY>
     <LENGTH>15</LENGTH>
    </item>
    <item>
     <ID>I</ID>
     <KEY>026</KEY>
     <ENTRY>间接融资申请/变更单号</ENTRY>
     <LENGTH>21</LENGTH>
    </item>
    <item>
     <ID>I</ID>
     <KEY>027</KEY>
     <ENTRY>间接融资单据状态</ENTRY>
     <LENGTH>22</LENGTH>
    </item>
    <item>
     <ID>I</ID>
     <KEY>028</KEY>
     <ENTRY>对外担保申请单号</ENTRY>
     <LENGTH>18</LENGTH>
    </item>
    <item>
     <ID>I</ID>
     <KEY>029</KEY>
     <ENTRY>担保对象</ENTRY>
     <LENGTH>14</LENGTH>
    </item>
    <item>
     <ID>I</ID>
     <KEY>030</KEY>
     <ENTRY>担保人</ENTRY>
     <LENGTH>13</LENGTH>
    </item>
    <item>
     <ID>I</ID>
     <KEY>031</KEY>
     <ENTRY>对外担保申请单状态</ENTRY>
     <LENGTH>19</LENGTH>
    </item>
    <item>
     <ID>I</ID>
     <KEY>032</KEY>
     <ENTRY>创建对外担保申请单</ENTRY>
     <LENGTH>19</LENGTH>
    </item>
    <item>
     <ID>I</ID>
     <KEY>033</KEY>
     <ENTRY>银行行别描述</ENTRY>
     <LENGTH>16</LENGTH>
    </item>
    <item>
     <ID>I</ID>
     <KEY>034</KEY>
     <ENTRY>新增担保对象</ENTRY>
     <LENGTH>16</LENGTH>
    </item>
    <item>
     <ID>I</ID>
     <KEY>035</KEY>
     <ENTRY>确定办理不成功吗？</ENTRY>
     <LENGTH>19</LENGTH>
    </item>
    <item>
     <ID>I</ID>
     <KEY>036</KEY>
     <ENTRY>确定要删除此条记录吗？</ENTRY>
     <LENGTH>21</LENGTH>
    </item>
    <item>
     <ID>I</ID>
     <KEY>037</KEY>
     <ENTRY>担保人名称</ENTRY>
     <LENGTH>15</LENGTH>
    </item>
    <item>
     <ID>I</ID>
     <KEY>038</KEY>
     <ENTRY>增加融资细类</ENTRY>
     <LENGTH>16</LENGTH>
    </item>
    <item>
     <ID>I</ID>
     <KEY>039</KEY>
     <ENTRY>减少融资细类</ENTRY>
     <LENGTH>16</LENGTH>
    </item>
   </TPOOL>
   <DESCRIPTIONS>
    <SEOCOMPOTX>
     <CLSNAME>ZCL_WD_TR_4001</CLSNAME>
     <CMPNAME>DEQUEUE_TABLE</CMPNAME>
     <LANGU>1</LANGU>
     <DESCRIPT>解锁</DESCRIPT>
    </SEOCOMPOTX>
    <SEOCOMPOTX>
     <CLSNAME>ZCL_WD_TR_4001</CLSNAME>
     <CMPNAME>ENQUEUE_TABLE</CMPNAME>
     <LANGU>1</LANGU>
     <DESCRIPT>锁表</DESCRIPT>
    </SEOCOMPOTX>
    <SEOCOMPOTX>
     <CLSNAME>ZCL_WD_TR_4001</CLSNAME>
     <CMPNAME>GC_SHARE1</CMPNAME>
     <LANGU>1</LANGU>
     <DESCRIPT>额度类型</DESCRIPT>
    </SEOCOMPOTX>
    <SEOCOMPOTX>
     <CLSNAME>ZCL_WD_TR_4001</CLSNAME>
     <CMPNAME>GC_SHARE2</CMPNAME>
     <LANGU>1</LANGU>
     <DESCRIPT>额度类型</DESCRIPT>
    </SEOCOMPOTX>
    <SEOCOMPOTX>
     <CLSNAME>ZCL_WD_TR_4001</CLSNAME>
     <CMPNAME>GC_SHARE3</CMPNAME>
     <LANGU>1</LANGU>
     <DESCRIPT>额度类型</DESCRIPT>
    </SEOCOMPOTX>
    <SEOCOMPOTX>
     <CLSNAME>ZCL_WD_TR_4001</CLSNAME>
     <CMPNAME>GC_SHARE4</CMPNAME>
     <LANGU>1</LANGU>
     <DESCRIPT>额度类型</DESCRIPT>
    </SEOCOMPOTX>
    <SEOCOMPOTX>
     <CLSNAME>ZCL_WD_TR_4001</CLSNAME>
     <CMPNAME>GC_SPECIAL1</CMPNAME>
     <LANGU>1</LANGU>
     <DESCRIPT>额度类型</DESCRIPT>
    </SEOCOMPOTX>
    <SEOCOMPOTX>
     <CLSNAME>ZCL_WD_TR_4001</CLSNAME>
     <CMPNAME>GC_SPECIAL2</CMPNAME>
     <LANGU>1</LANGU>
     <DESCRIPT>额度类型</DESCRIPT>
    </SEOCOMPOTX>
    <SEOCOMPOTX>
     <CLSNAME>ZCL_WD_TR_4001</CLSNAME>
     <CMPNAME>GC_SPECIAL3</CMPNAME>
     <LANGU>1</LANGU>
     <DESCRIPT>额度类型</DESCRIPT>
    </SEOCOMPOTX>
    <SEOCOMPOTX>
     <CLSNAME>ZCL_WD_TR_4001</CLSNAME>
     <CMPNAME>GC_SPECIAL4</CMPNAME>
     <LANGU>1</LANGU>
     <DESCRIPT>额度类型</DESCRIPT>
    </SEOCOMPOTX>
    <SEOCOMPOTX>
     <CLSNAME>ZCL_WD_TR_4001</CLSNAME>
     <CMPNAME>GC_STATUS_APPROVED</CMPNAME>
     <LANGU>1</LANGU>
     <DESCRIPT>内部融资申请单状态-已审批</DESCRIPT>
    </SEOCOMPOTX>
    <SEOCOMPOTX>
     <CLSNAME>ZCL_WD_TR_4001</CLSNAME>
     <CMPNAME>GC_STATUS_COMPLETE</CMPNAME>
     <LANGU>1</LANGU>
     <DESCRIPT>内部融资申请单状态-已完成</DESCRIPT>
    </SEOCOMPOTX>
    <SEOCOMPOTX>
     <CLSNAME>ZCL_WD_TR_4001</CLSNAME>
     <CMPNAME>GC_STATUS_FAIL</CMPNAME>
     <LANGU>1</LANGU>
     <DESCRIPT>内部融资申请单状态-办理失败</DESCRIPT>
    </SEOCOMPOTX>
    <SEOCOMPOTX>
     <CLSNAME>ZCL_WD_TR_4001</CLSNAME>
     <CMPNAME>GC_STATUS_REJECT</CMPNAME>
     <LANGU>1</LANGU>
     <DESCRIPT>内部融资申请单状态-被拒绝</DESCRIPT>
    </SEOCOMPOTX>
    <SEOCOMPOTX>
     <CLSNAME>ZCL_WD_TR_4001</CLSNAME>
     <CMPNAME>GC_STATUS_RETURN</CMPNAME>
     <LANGU>1</LANGU>
     <DESCRIPT>内部融资申请单状态-被退回</DESCRIPT>
    </SEOCOMPOTX>
    <SEOCOMPOTX>
     <CLSNAME>ZCL_WD_TR_4001</CLSNAME>
     <CMPNAME>GC_STATUS_SAVE</CMPNAME>
     <LANGU>1</LANGU>
     <DESCRIPT>内部融资申请单状态-保存</DESCRIPT>
    </SEOCOMPOTX>
    <SEOCOMPOTX>
     <CLSNAME>ZCL_WD_TR_4001</CLSNAME>
     <CMPNAME>GC_STATUS_UNDER_APPROVAL</CMPNAME>
     <LANGU>1</LANGU>
     <DESCRIPT>内部融资申请单状态-审批中</DESCRIPT>
    </SEOCOMPOTX>
    <SEOCOMPOTX>
     <CLSNAME>ZCL_WD_TR_4001</CLSNAME>
     <CMPNAME>GET_GUARANTY_DBDATA_TO_SHOW</CMPNAME>
     <LANGU>1</LANGU>
     <DESCRIPT>获取担保行项页面显示数据</DESCRIPT>
    </SEOCOMPOTX>
    <SEOCOMPOTX>
     <CLSNAME>ZCL_WD_TR_4001</CLSNAME>
     <CMPNAME>GS_T4001_01</CMPNAME>
     <LANGU>1</LANGU>
     <DESCRIPT>间接融资内部申请表-抬头</DESCRIPT>
    </SEOCOMPOTX>
    <SEOCOMPOTX>
     <CLSNAME>ZCL_WD_TR_4001</CLSNAME>
     <CMPNAME>GS_T4002_01</CMPNAME>
     <LANGU>1</LANGU>
     <DESCRIPT>间接融资台账-抬头</DESCRIPT>
    </SEOCOMPOTX>
    <SEOCOMPOTX>
     <CLSNAME>ZCL_WD_TR_4001</CLSNAME>
     <CMPNAME>GT_EXPENSE_TYPE</CMPNAME>
     <LANGU>1</LANGU>
     <DESCRIPT>费用类型</DESCRIPT>
    </SEOCOMPOTX>
    <SEOCOMPOTX>
     <CLSNAME>ZCL_WD_TR_4001</CLSNAME>
     <CMPNAME>GT_FIN_SUB_CLASS</CMPNAME>
     <LANGU>1</LANGU>
     <DESCRIPT>融资细类</DESCRIPT>
    </SEOCOMPOTX>
    <SEOCOMPOTX>
     <CLSNAME>ZCL_WD_TR_4001</CLSNAME>
     <CMPNAME>GT_T056R</CMPNAME>
     <LANGU>1</LANGU>
     <DESCRIPT>利率参考</DESCRIPT>
    </SEOCOMPOTX>
    <SEOCOMPOTX>
     <CLSNAME>ZCL_WD_TR_4001</CLSNAME>
     <CMPNAME>GT_T4001_02</CMPNAME>
     <LANGU>1</LANGU>
     <DESCRIPT>间接融资内部申请表-融资细分</DESCRIPT>
    </SEOCOMPOTX>
    <SEOCOMPOTX>
     <CLSNAME>ZCL_WD_TR_4001</CLSNAME>
     <CMPNAME>GT_T4001_03</CMPNAME>
     <LANGU>1</LANGU>
     <DESCRIPT>间接融资内部申请表-费用类型</DESCRIPT>
    </SEOCOMPOTX>
    <SEOCOMPOTX>
     <CLSNAME>ZCL_WD_TR_4001</CLSNAME>
     <CMPNAME>GT_T4001_04</CMPNAME>
     <LANGU>1</LANGU>
     <DESCRIPT>间接融资内部申请表-担保信息</DESCRIPT>
    </SEOCOMPOTX>
    <SEOCOMPOTX>
     <CLSNAME>ZCL_WD_TR_4001</CLSNAME>
     <CMPNAME>GT_T4001_05</CMPNAME>
     <LANGU>1</LANGU>
     <DESCRIPT>间接融资内部申请表-银团明细</DESCRIPT>
    </SEOCOMPOTX>
    <SEOCOMPOTX>
     <CLSNAME>ZCL_WD_TR_4001</CLSNAME>
     <CMPNAME>GT_T4002_02</CMPNAME>
     <LANGU>1</LANGU>
     <DESCRIPT>间接融资台账-融资细分</DESCRIPT>
    </SEOCOMPOTX>
    <SEOCOMPOTX>
     <CLSNAME>ZCL_WD_TR_4001</CLSNAME>
     <CMPNAME>GT_T4002_03</CMPNAME>
     <LANGU>1</LANGU>
     <DESCRIPT>间接融资台账-费用类型</DESCRIPT>
    </SEOCOMPOTX>
    <SEOCOMPOTX>
     <CLSNAME>ZCL_WD_TR_4001</CLSNAME>
     <CMPNAME>GT_T4002_04</CMPNAME>
     <LANGU>1</LANGU>
     <DESCRIPT>间接融资台账-担保信息</DESCRIPT>
    </SEOCOMPOTX>
    <SEOCOMPOTX>
     <CLSNAME>ZCL_WD_TR_4001</CLSNAME>
     <CMPNAME>GT_T4002_05</CMPNAME>
     <LANGU>1</LANGU>
     <DESCRIPT>间接融资台账-银团明细</DESCRIPT>
    </SEOCOMPOTX>
    <SEOCOMPOTX>
     <CLSNAME>ZCL_WD_TR_4001</CLSNAME>
     <CMPNAME>GT_T9039</CMPNAME>
     <LANGU>1</LANGU>
     <DESCRIPT>费用类型与融资细类匹配表</DESCRIPT>
    </SEOCOMPOTX>
    <SEOCOMPOTX>
     <CLSNAME>ZCL_WD_TR_4001</CLSNAME>
     <CMPNAME>GT_T9041</CMPNAME>
     <LANGU>1</LANGU>
     <DESCRIPT>融资细类与融资方式匹配表</DESCRIPT>
    </SEOCOMPOTX>
    <SEOCOMPOTX>
     <CLSNAME>ZCL_WD_TR_4001</CLSNAME>
     <CMPNAME>GT_TCURC</CMPNAME>
     <LANGU>1</LANGU>
     <DESCRIPT>货币码</DESCRIPT>
    </SEOCOMPOTX>
    <SEOCOMPOTX>
     <CLSNAME>ZCL_WD_TR_4001</CLSNAME>
     <CMPNAME>GV_CHANGE_FLAG</CMPNAME>
     <LANGU>1</LANGU>
     <DESCRIPT>变更单标识</DESCRIPT>
    </SEOCOMPOTX>
    <SEOCOMPOTX>
     <CLSNAME>ZCL_WD_TR_4001</CLSNAME>
     <CMPNAME>GV_CHANGE_GO_NR</CMPNAME>
     <LANGU>1</LANGU>
     <DESCRIPT>变更的担保对象行号</DESCRIPT>
    </SEOCOMPOTX>
    <SEOCOMPOTX>
     <CLSNAME>ZCL_WD_TR_4001</CLSNAME>
     <CMPNAME>GV_EXTERNAL_WINDOW_FLAG</CMPNAME>
     <LANGU>1</LANGU>
     <DESCRIPT>外部窗口标识</DESCRIPT>
    </SEOCOMPOTX>
    <SEOCOMPOTX>
     <CLSNAME>ZCL_WD_TR_4001</CLSNAME>
     <CMPNAME>GV_GUARANTY_CHANGE_TYPE</CMPNAME>
     <LANGU>1</LANGU>
     <DESCRIPT>担保变更类型（A:增加/D:减少）</DESCRIPT>
    </SEOCOMPOTX>
    <SEOCOMPOTX>
     <CLSNAME>ZCL_WD_TR_4001</CLSNAME>
     <CMPNAME>GV_IF_NO</CMPNAME>
     <LANGU>1</LANGU>
     <DESCRIPT>内部融资台账编号</DESCRIPT>
    </SEOCOMPOTX>
    <SEOCOMPOTX>
     <CLSNAME>ZCL_WD_TR_4001</CLSNAME>
     <CMPNAME>GV_LOCK_FLAG</CMPNAME>
     <LANGU>1</LANGU>
     <DESCRIPT>锁定标识</DESCRIPT>
    </SEOCOMPOTX>
    <SEOCOMPOTX>
     <CLSNAME>ZCL_WD_TR_4001</CLSNAME>
     <CMPNAME>GV_SHOW_MODE</CMPNAME>
     <LANGU>1</LANGU>
     <DESCRIPT>显示模式(10创建；20修改；30显示)</DESCRIPT>
    </SEOCOMPOTX>
    <SEOCOMPOTX>
     <CLSNAME>ZCL_WD_TR_4001</CLSNAME>
     <CMPNAME>GV_T4001_02_MAX_FSC_NR</CMPNAME>
     <LANGU>1</LANGU>
     <DESCRIPT>融资细类行号</DESCRIPT>
    </SEOCOMPOTX>
    <SEOCOMPOTX>
     <CLSNAME>ZCL_WD_TR_4001</CLSNAME>
     <CMPNAME>GV_T4001_03_MAX_SEQNO</CMPNAME>
     <LANGU>1</LANGU>
     <DESCRIPT>序号</DESCRIPT>
    </SEOCOMPOTX>
    <SEOCOMPOTX>
     <CLSNAME>ZCL_WD_TR_4001</CLSNAME>
     <CMPNAME>GV_T4001_04_MAX_GO_NR</CMPNAME>
     <LANGU>1</LANGU>
     <DESCRIPT>担保对象行号</DESCRIPT>
    </SEOCOMPOTX>
    <SEOCOMPOTX>
     <CLSNAME>ZCL_WD_TR_4001</CLSNAME>
     <CMPNAME>GV_T4001_05_MAX_SEQNO</CMPNAME>
     <LANGU>1</LANGU>
     <DESCRIPT>序号</DESCRIPT>
    </SEOCOMPOTX>
    <SEOCOMPOTX>
     <CLSNAME>ZCL_WD_TR_4001</CLSNAME>
     <CMPNAME>O_FAC_ORG_COUNT</CMPNAME>
     <LANGU>1</LANGU>
     <DESCRIPT>自然数</DESCRIPT>
    </SEOCOMPOTX>
    <SEOCOMPOTX>
     <CLSNAME>ZCL_WD_TR_4001</CLSNAME>
     <CMPNAME>SPLIT_GUARANTY_OBJECT</CMPNAME>
     <LANGU>1</LANGU>
     <DESCRIPT>拆分担保对象</DESCRIPT>
    </SEOCOMPOTX>
   </DESCRIPTIONS>
  </asx:values>
 </asx:abap>
</abapGit>
