﻿<?xml version="1.0" encoding="utf-8"?>
<abapGit version="v1.0.0" serializer="LCL_OBJECT_CLAS" serializer_version="v1.0.0">
 <asx:abap xmlns:asx="http://www.sap.com/abapxml" version="1.0">
  <asx:values>
   <VSEOCLASS>
    <CLSNAME>ZCL_3025_HELPER</CLSNAME>
    <VERSION>1</VERSION>
    <LANGU>1</LANGU>
    <DESCRIPT>买方信贷帮助类</DESCRIPT>
    <STATE>1</STATE>
    <CLSCCINCL>X</CLSCCINCL>
    <FIXPT>X</FIXPT>
    <UNICODE>X</UNICODE>
   </VSEOCLASS>
   <DESCRIPTIONS>
    <SEOCOMPOTX>
     <CLSNAME>ZCL_3025_HELPER</CLSNAME>
     <CMPNAME>GET_CATE_T</CMPNAME>
     <LANGU>1</LANGU>
     <DESCRIPT>买方信贷单据类别</DESCRIPT>
    </SEOCOMPOTX>
    <SEOCOMPOTX>
     <CLSNAME>ZCL_3025_HELPER</CLSNAME>
     <CMPNAME>GET_HEAD_ALL</CMPNAME>
     <LANGU>1</LANGU>
     <DESCRIPT>获得抬头信息</DESCRIPT>
    </SEOCOMPOTX>
    <SEOCOMPOTX>
     <CLSNAME>ZCL_3025_HELPER</CLSNAME>
     <CMPNAME>GET_STATUS_T</CMPNAME>
     <LANGU>1</LANGU>
     <DESCRIPT>买方信贷状态文本</DESCRIPT>
    </SEOCOMPOTX>
    <SEOCOMPOTX>
     <CLSNAME>ZCL_3025_HELPER</CLSNAME>
     <CMPNAME>GET_USER_NAME</CMPNAME>
     <LANGU>1</LANGU>
     <DESCRIPT>获取用户名字</DESCRIPT>
    </SEOCOMPOTX>
    <SEOCOMPOTX>
     <CLSNAME>ZCL_3025_HELPER</CLSNAME>
     <CMPNAME>GET_VBRP</CMPNAME>
     <LANGU>1</LANGU>
     <DESCRIPT>过去6个月的销售额</DESCRIPT>
    </SEOCOMPOTX>
   </DESCRIPTIONS>
  </asx:values>
 </asx:abap>
</abapGit>
