﻿<?xml version="1.0" encoding="utf-8"?>
<abapGit version="v1.0.0" serializer="LCL_OBJECT_CLAS" serializer_version="v1.0.0">
 <asx:abap xmlns:asx="http://www.sap.com/abapxml" version="1.0">
  <asx:values>
   <VSEOCLASS>
    <CLSNAME>ZCL_TR_3025_GUI</CLSNAME>
    <VERSION>1</VERSION>
    <LANGU>1</LANGU>
    <DESCRIPT>现金流水匹配类</DESCRIPT>
    <STATE>1</STATE>
    <CLSCCINCL>X</CLSCCINCL>
    <FIXPT>X</FIXPT>
    <UNICODE>X</UNICODE>
   </VSEOCLASS>
   <DESCRIPTIONS>
    <SEOCOMPOTX>
     <CLSNAME>ZCL_TR_3025_GUI</CLSNAME>
     <CMPNAME>AGN_REF</CMPNAME>
     <LANGU>1</LANGU>
     <DESCRIPT>分配现金流水</DESCRIPT>
    </SEOCOMPOTX>
    <SEOCOMPOTX>
     <CLSNAME>ZCL_TR_3025_GUI</CLSNAME>
     <CMPNAME>CVT_DATA</CMPNAME>
     <LANGU>1</LANGU>
     <DESCRIPT>转换数据</DESCRIPT>
    </SEOCOMPOTX>
    <SEOCOMPOTX>
     <CLSNAME>ZCL_TR_3025_GUI</CLSNAME>
     <CMPNAME>GET_BY_REF</CMPNAME>
     <LANGU>1</LANGU>
     <DESCRIPT>根据外部单号取得现金流水</DESCRIPT>
    </SEOCOMPOTX>
    <SEOCOMPOTX>
     <CLSNAME>ZCL_TR_3025_GUI</CLSNAME>
     <CMPNAME>LOCK</CMPNAME>
     <LANGU>1</LANGU>
     <DESCRIPT>锁单</DESCRIPT>
    </SEOCOMPOTX>
    <SEOCOMPOTX>
     <CLSNAME>ZCL_TR_3025_GUI</CLSNAME>
     <CMPNAME>QUERY_01</CMPNAME>
     <LANGU>1</LANGU>
     <DESCRIPT>通用查询</DESCRIPT>
    </SEOCOMPOTX>
    <SEOCOMPOTX>
     <CLSNAME>ZCL_TR_3025_GUI</CLSNAME>
     <CMPNAME>UNAGN_REF</CMPNAME>
     <LANGU>1</LANGU>
     <DESCRIPT>取消分配现金流水</DESCRIPT>
    </SEOCOMPOTX>
    <SEOCOMPOTX>
     <CLSNAME>ZCL_TR_3025_GUI</CLSNAME>
     <CMPNAME>UNLOCK</CMPNAME>
     <LANGU>1</LANGU>
     <DESCRIPT>解锁单</DESCRIPT>
    </SEOCOMPOTX>
   </DESCRIPTIONS>
  </asx:values>
 </asx:abap>
</abapGit>
