﻿<?xml version="1.0" encoding="utf-8"?>
<abapGit version="v1.0.0" serializer="LCL_OBJECT_CLAS" serializer_version="v1.0.0">
 <asx:abap xmlns:asx="http://www.sap.com/abapxml" version="1.0">
  <asx:values>
   <VSEOCLASS>
    <CLSNAME>ZCL_TR_COMMON_SERVICE</CLSNAME>
    <VERSION>1</VERSION>
    <LANGU>1</LANGU>
    <DESCRIPT>TR Module common Service</DESCRIPT>
    <STATE>1</STATE>
    <CLSCCINCL>X</CLSCCINCL>
    <FIXPT>X</FIXPT>
    <UNICODE>X</UNICODE>
   </VSEOCLASS>
   <DESCRIPTIONS>
    <SEOCOMPOTX>
     <CLSNAME>ZCL_TR_COMMON_SERVICE</CLSNAME>
     <CMPNAME>BUKRS_9040</CMPNAME>
     <LANGU>1</LANGU>
     <DESCRIPT>Table Type of ZTRS_9040</DESCRIPT>
    </SEOCOMPOTX>
    <SEOCOMPOTX>
     <CLSNAME>ZCL_TR_COMMON_SERVICE</CLSNAME>
     <CMPNAME>NO</CMPNAME>
     <LANGU>1</LANGU>
     <DESCRIPT>一般标记</DESCRIPT>
    </SEOCOMPOTX>
    <SEOCOMPOTX>
     <CLSNAME>ZCL_TR_COMMON_SERVICE</CLSNAME>
     <CMPNAME>YES</CMPNAME>
     <LANGU>1</LANGU>
     <DESCRIPT>一般标记</DESCRIPT>
    </SEOCOMPOTX>
   </DESCRIPTIONS>
  </asx:values>
 </asx:abap>
</abapGit>
