﻿<?xml version="1.0" encoding="utf-8"?>
<abapGit version="v1.0.0" serializer="LCL_OBJECT_CLAS" serializer_version="v1.0.0">
 <asx:abap xmlns:asx="http://www.sap.com/abapxml" version="1.0">
  <asx:values>
   <VSEOCLASS>
    <CLSNAME>ZCL_TR_FILE_UPDATE</CLSNAME>
    <VERSION>1</VERSION>
    <LANGU>1</LANGU>
    <DESCRIPT>辅助类 ZCL_TR_FILE_UPDATE</DESCRIPT>
    <STATE>1</STATE>
    <CLSCCINCL>X</CLSCCINCL>
    <FIXPT>X</FIXPT>
    <UNICODE>X</UNICODE>
   </VSEOCLASS>
   <TPOOL>
    <item>
     <ID>I</ID>
     <KEY>001</KEY>
     <ENTRY>创建贷款合同BAPI报错:</ENTRY>
     <LENGTH>22</LENGTH>
    </item>
    <item>
     <ID>I</ID>
     <KEY>002</KEY>
     <ENTRY>接收信用证托收</ENTRY>
     <LENGTH>17</LENGTH>
    </item>
    <item>
     <ID>I</ID>
     <KEY>003</KEY>
     <ENTRY>接收信用证押汇</ENTRY>
     <LENGTH>17</LENGTH>
    </item>
    <item>
     <ID>I</ID>
     <KEY>004</KEY>
     <ENTRY>开立信用证兑付</ENTRY>
     <LENGTH>17</LENGTH>
    </item>
    <item>
     <ID>I</ID>
     <KEY>005</KEY>
     <ENTRY>信用证</ENTRY>
     <LENGTH>13</LENGTH>
    </item>
   </TPOOL>
   <DESCRIPTIONS>
    <SEOCOMPOTX>
     <CLSNAME>ZCL_TR_FILE_UPDATE</CLSNAME>
     <CMPNAME>CBFJ</CMPNAME>
     <LANGU>1</LANGU>
     <DESCRIPT>业务类型</DESCRIPT>
    </SEOCOMPOTX>
    <SEOCOMPOTX>
     <CLSNAME>ZCL_TR_FILE_UPDATE</CLSNAME>
     <CMPNAME>CWFJ_CR</CMPNAME>
     <LANGU>1</LANGU>
     <DESCRIPT>业务类型</DESCRIPT>
    </SEOCOMPOTX>
    <SEOCOMPOTX>
     <CLSNAME>ZCL_TR_FILE_UPDATE</CLSNAME>
     <CMPNAME>CWFJ_HT</CMPNAME>
     <LANGU>1</LANGU>
     <DESCRIPT>业务类型</DESCRIPT>
    </SEOCOMPOTX>
    <SEOCOMPOTX>
     <CLSNAME>ZCL_TR_FILE_UPDATE</CLSNAME>
     <CMPNAME>DFFJ</CMPNAME>
     <LANGU>1</LANGU>
     <DESCRIPT>业务类型</DESCRIPT>
    </SEOCOMPOTX>
    <SEOCOMPOTX>
     <CLSNAME>ZCL_TR_FILE_UPDATE</CLSNAME>
     <CMPNAME>DKHT</CMPNAME>
     <LANGU>1</LANGU>
     <DESCRIPT>业务类型</DESCRIPT>
    </SEOCOMPOTX>
    <SEOCOMPOTX>
     <CLSNAME>ZCL_TR_FILE_UPDATE</CLSNAME>
     <CMPNAME>DKHT_TK</CMPNAME>
     <LANGU>1</LANGU>
     <DESCRIPT>业务类型</DESCRIPT>
    </SEOCOMPOTX>
    <SEOCOMPOTX>
     <CLSNAME>ZCL_TR_FILE_UPDATE</CLSNAME>
     <CMPNAME>DWFJ</CMPNAME>
     <LANGU>1</LANGU>
     <DESCRIPT>业务类型</DESCRIPT>
    </SEOCOMPOTX>
    <SEOCOMPOTX>
     <CLSNAME>ZCL_TR_FILE_UPDATE</CLSNAME>
     <CMPNAME>FJ_CDQR</CMPNAME>
     <LANGU>1</LANGU>
     <DESCRIPT>业务类型</DESCRIPT>
    </SEOCOMPOTX>
    <SEOCOMPOTX>
     <CLSNAME>ZCL_TR_FILE_UPDATE</CLSNAME>
     <CMPNAME>FJ_CDQR_YH</CMPNAME>
     <LANGU>1</LANGU>
     <DESCRIPT>业务类型</DESCRIPT>
    </SEOCOMPOTX>
    <SEOCOMPOTX>
     <CLSNAME>ZCL_TR_FILE_UPDATE</CLSNAME>
     <CMPNAME>FJ_DFXX</CMPNAME>
     <LANGU>1</LANGU>
     <DESCRIPT>业务类型</DESCRIPT>
    </SEOCOMPOTX>
    <SEOCOMPOTX>
     <CLSNAME>ZCL_TR_FILE_UPDATE</CLSNAME>
     <CMPNAME>FJ_DFXX_YH</CMPNAME>
     <LANGU>1</LANGU>
     <DESCRIPT>业务类型</DESCRIPT>
    </SEOCOMPOTX>
    <SEOCOMPOTX>
     <CLSNAME>ZCL_TR_FILE_UPDATE</CLSNAME>
     <CMPNAME>FJ_JDFK</CMPNAME>
     <LANGU>1</LANGU>
     <DESCRIPT>业务类型</DESCRIPT>
    </SEOCOMPOTX>
    <SEOCOMPOTX>
     <CLSNAME>ZCL_TR_FILE_UPDATE</CLSNAME>
     <CMPNAME>FJ_JDFK_YH</CMPNAME>
     <LANGU>1</LANGU>
     <DESCRIPT>业务类型</DESCRIPT>
    </SEOCOMPOTX>
    <SEOCOMPOTX>
     <CLSNAME>ZCL_TR_FILE_UPDATE</CLSNAME>
     <CMPNAME>FJ_JDSQ</CMPNAME>
     <LANGU>1</LANGU>
     <DESCRIPT>业务类型</DESCRIPT>
    </SEOCOMPOTX>
    <SEOCOMPOTX>
     <CLSNAME>ZCL_TR_FILE_UPDATE</CLSNAME>
     <CMPNAME>FJ_JDSQ_YH</CMPNAME>
     <LANGU>1</LANGU>
     <DESCRIPT>业务类型</DESCRIPT>
    </SEOCOMPOTX>
    <SEOCOMPOTX>
     <CLSNAME>ZCL_TR_FILE_UPDATE</CLSNAME>
     <CMPNAME>FJ_RZXX</CMPNAME>
     <LANGU>1</LANGU>
     <DESCRIPT>业务类型</DESCRIPT>
    </SEOCOMPOTX>
    <SEOCOMPOTX>
     <CLSNAME>ZCL_TR_FILE_UPDATE</CLSNAME>
     <CMPNAME>FJ_SKPT</CMPNAME>
     <LANGU>1</LANGU>
     <DESCRIPT>业务类型</DESCRIPT>
    </SEOCOMPOTX>
    <SEOCOMPOTX>
     <CLSNAME>ZCL_TR_FILE_UPDATE</CLSNAME>
     <CMPNAME>HTFJ</CMPNAME>
     <LANGU>1</LANGU>
     <DESCRIPT>业务类型</DESCRIPT>
    </SEOCOMPOTX>
    <SEOCOMPOTX>
     <CLSNAME>ZCL_TR_FILE_UPDATE</CLSNAME>
     <CMPNAME>JSTZD_BG_CJ</CMPNAME>
     <LANGU>1</LANGU>
     <DESCRIPT>业务类型</DESCRIPT>
    </SEOCOMPOTX>
    <SEOCOMPOTX>
     <CLSNAME>ZCL_TR_FILE_UPDATE</CLSNAME>
     <CMPNAME>JSTZD_BG_HZ</CMPNAME>
     <LANGU>1</LANGU>
     <DESCRIPT>业务类型</DESCRIPT>
    </SEOCOMPOTX>
    <SEOCOMPOTX>
     <CLSNAME>ZCL_TR_FILE_UPDATE</CLSNAME>
     <CMPNAME>JSTZD_CJ</CMPNAME>
     <LANGU>1</LANGU>
     <DESCRIPT>业务类型</DESCRIPT>
    </SEOCOMPOTX>
    <SEOCOMPOTX>
     <CLSNAME>ZCL_TR_FILE_UPDATE</CLSNAME>
     <CMPNAME>JSTZD_HT</CMPNAME>
     <LANGU>1</LANGU>
     <DESCRIPT>业务类型</DESCRIPT>
    </SEOCOMPOTX>
    <SEOCOMPOTX>
     <CLSNAME>ZCL_TR_FILE_UPDATE</CLSNAME>
     <CMPNAME>JSTZD_TZ</CMPNAME>
     <LANGU>1</LANGU>
     <DESCRIPT>业务类型</DESCRIPT>
    </SEOCOMPOTX>
    <SEOCOMPOTX>
     <CLSNAME>ZCL_TR_FILE_UPDATE</CLSNAME>
     <CMPNAME>M_DOWNLOAD_FILE</CMPNAME>
     <LANGU>1</LANGU>
     <DESCRIPT>下载OpenText文件</DESCRIPT>
    </SEOCOMPOTX>
    <SEOCOMPOTX>
     <CLSNAME>ZCL_TR_FILE_UPDATE</CLSNAME>
     <CMPNAME>TQHK</CMPNAME>
     <LANGU>1</LANGU>
     <DESCRIPT>业务类型</DESCRIPT>
    </SEOCOMPOTX>
   </DESCRIPTIONS>
  </asx:values>
 </asx:abap>
</abapGit>
