﻿<?xml version="1.0" encoding="utf-8"?>
<abapGit version="v1.0.0" serializer="LCL_OBJECT_CLAS" serializer_version="v1.0.0">
 <asx:abap xmlns:asx="http://www.sap.com/abapxml" version="1.0">
  <asx:values>
   <VSEOCLASS>
    <CLSNAME>ZCL_BANK_ABSTRACT_ACTION</CLSNAME>
    <VERSION>1</VERSION>
    <LANGU>1</LANGU>
    <DESCRIPT>BANK ABSTRACT ACTION</DESCRIPT>
    <STATE>1</STATE>
    <CLSCCINCL>X</CLSCCINCL>
    <FIXPT>X</FIXPT>
    <UNICODE>X</UNICODE>
    <RSTAT>K</RSTAT>
    <MSG_ID>ZTR_BANK_APPLICATION</MSG_ID>
   </VSEOCLASS>
   <DESCRIPTIONS>
    <SEOCOMPOTX>
     <CLSNAME>ZCL_BANK_ABSTRACT_ACTION</CLSNAME>
     <CMPNAME>BANKS_LIST</CMPNAME>
     <LANGU>1</LANGU>
     <DESCRIPT>Table Type of ZTRS_BANK</DESCRIPT>
    </SEOCOMPOTX>
    <SEOCOMPOTX>
     <CLSNAME>ZCL_BANK_ABSTRACT_ACTION</CLSNAME>
     <CMPNAME>CONSTRUCTOR</CMPNAME>
     <LANGU>1</LANGU>
     <DESCRIPT>CONSTRUCTOR</DESCRIPT>
    </SEOCOMPOTX>
    <SEOCOMPOTX>
     <CLSNAME>ZCL_BANK_ABSTRACT_ACTION</CLSNAME>
     <CMPNAME>CREATE</CMPNAME>
     <LANGU>1</LANGU>
     <DESCRIPT>创建操作实例</DESCRIPT>
    </SEOCOMPOTX>
    <SEOCOMPOTX>
     <CLSNAME>ZCL_BANK_ABSTRACT_ACTION</CLSNAME>
     <CMPNAME>CREATE_BANK</CMPNAME>
     <LANGU>1</LANGU>
     <DESCRIPT>创建银行实例</DESCRIPT>
    </SEOCOMPOTX>
    <SEOCOMPOTX>
     <CLSNAME>ZCL_BANK_ABSTRACT_ACTION</CLSNAME>
     <CMPNAME>FEEDBACK_FROM_BANK</CMPNAME>
     <LANGU>1</LANGU>
     <DESCRIPT>银行反馈</DESCRIPT>
    </SEOCOMPOTX>
    <SEOCOMPOTX>
     <CLSNAME>ZCL_BANK_ABSTRACT_ACTION</CLSNAME>
     <CMPNAME>IF_ERROR</CMPNAME>
     <LANGU>1</LANGU>
     <DESCRIPT>是否有错误</DESCRIPT>
    </SEOCOMPOTX>
    <SEOCOMPOTX>
     <CLSNAME>ZCL_BANK_ABSTRACT_ACTION</CLSNAME>
     <CMPNAME>INSTANCE</CMPNAME>
     <LANGU>1</LANGU>
     <DESCRIPT>BANK ACTIONS CONSTANTS</DESCRIPT>
    </SEOCOMPOTX>
    <SEOCOMPOTX>
     <CLSNAME>ZCL_BANK_ABSTRACT_ACTION</CLSNAME>
     <CMPNAME>MESSAGES</CMPNAME>
     <LANGU>1</LANGU>
     <DESCRIPT>Message Collector</DESCRIPT>
    </SEOCOMPOTX>
    <SEOCOMPOTX>
     <CLSNAME>ZCL_BANK_ABSTRACT_ACTION</CLSNAME>
     <CMPNAME>NO</CMPNAME>
     <LANGU>1</LANGU>
     <DESCRIPT>一般标记</DESCRIPT>
    </SEOCOMPOTX>
    <SEOCOMPOTX>
     <CLSNAME>ZCL_BANK_ABSTRACT_ACTION</CLSNAME>
     <CMPNAME>PREPARE</CMPNAME>
     <LANGU>1</LANGU>
     <DESCRIPT>准备</DESCRIPT>
    </SEOCOMPOTX>
    <SEOCOMPOTX>
     <CLSNAME>ZCL_BANK_ABSTRACT_ACTION</CLSNAME>
     <CMPNAME>RUN</CMPNAME>
     <LANGU>1</LANGU>
     <DESCRIPT>运行</DESCRIPT>
    </SEOCOMPOTX>
    <SEOCOMPOTX>
     <CLSNAME>ZCL_BANK_ABSTRACT_ACTION</CLSNAME>
     <CMPNAME>RUN_BANK</CMPNAME>
     <LANGU>1</LANGU>
     <DESCRIPT>运行银行</DESCRIPT>
    </SEOCOMPOTX>
    <SEOCOMPOTX>
     <CLSNAME>ZCL_BANK_ABSTRACT_ACTION</CLSNAME>
     <CMPNAME>RUN_CORE</CMPNAME>
     <LANGU>1</LANGU>
     <DESCRIPT>运行(内部核心)</DESCRIPT>
    </SEOCOMPOTX>
    <SEOCOMPOTX>
     <CLSNAME>ZCL_BANK_ABSTRACT_ACTION</CLSNAME>
     <CMPNAME>RUN_FOR_SPECIFIC_ACTION</CMPNAME>
     <LANGU>1</LANGU>
     <DESCRIPT>针对特别操作的运行(需要重定义)</DESCRIPT>
    </SEOCOMPOTX>
    <SEOCOMPOTX>
     <CLSNAME>ZCL_BANK_ABSTRACT_ACTION</CLSNAME>
     <CMPNAME>SET_ENTRIES</CMPNAME>
     <LANGU>1</LANGU>
     <DESCRIPT>设置发送条目</DESCRIPT>
    </SEOCOMPOTX>
    <SEOCOMPOTX>
     <CLSNAME>ZCL_BANK_ABSTRACT_ACTION</CLSNAME>
     <CMPNAME>YES</CMPNAME>
     <LANGU>1</LANGU>
     <DESCRIPT>一般标记</DESCRIPT>
    </SEOCOMPOTX>
   </DESCRIPTIONS>
  </asx:values>
 </asx:abap>
</abapGit>
