﻿<?xml version="1.0" encoding="utf-8"?>
<abapGit version="v1.0.0" serializer="LCL_OBJECT_CLAS" serializer_version="v1.0.0">
 <asx:abap xmlns:asx="http://www.sap.com/abapxml" version="1.0">
  <asx:values>
   <VSEOCLASS>
    <CLSNAME>ZCL_TR_COMMON</CLSNAME>
    <VERSION>1</VERSION>
    <LANGU>1</LANGU>
    <DESCRIPT>资金共用方法类</DESCRIPT>
    <STATE>1</STATE>
    <CLSCCINCL>X</CLSCCINCL>
    <FIXPT>X</FIXPT>
    <UNICODE>X</UNICODE>
   </VSEOCLASS>
   <DESCRIPTIONS>
    <SEOCOMPOTX>
     <CLSNAME>ZCL_TR_COMMON</CLSNAME>
     <CMPNAME>CALL_SPLS_URL</CMPNAME>
     <LANGU>1</LANGU>
     <DESCRIPT>调用审批历史记录</DESCRIPT>
    </SEOCOMPOTX>
    <SEOCOMPOTX>
     <CLSNAME>ZCL_TR_COMMON</CLSNAME>
     <CMPNAME>CHECK_BANKA</CMPNAME>
     <LANGU>1</LANGU>
     <DESCRIPT>银行描述校验</DESCRIPT>
    </SEOCOMPOTX>
    <SEOCOMPOTX>
     <CLSNAME>ZCL_TR_COMMON</CLSNAME>
     <CMPNAME>CHECK_BANKL</CMPNAME>
     <LANGU>1</LANGU>
     <DESCRIPT>银行代码合法校验</DESCRIPT>
    </SEOCOMPOTX>
    <SEOCOMPOTX>
     <CLSNAME>ZCL_TR_COMMON</CLSNAME>
     <CMPNAME>CHECK_BANKL_XYZ</CMPNAME>
     <LANGU>1</LANGU>
     <DESCRIPT>银行代码（信用证用）</DESCRIPT>
    </SEOCOMPOTX>
    <SEOCOMPOTX>
     <CLSNAME>ZCL_TR_COMMON</CLSNAME>
     <CMPNAME>CHECK_BANKS</CMPNAME>
     <LANGU>1</LANGU>
     <DESCRIPT>银行国家合法校验</DESCRIPT>
    </SEOCOMPOTX>
    <SEOCOMPOTX>
     <CLSNAME>ZCL_TR_COMMON</CLSNAME>
     <CMPNAME>CHECK_BANK_IND</CMPNAME>
     <LANGU>1</LANGU>
     <DESCRIPT>银行标识校验</DESCRIPT>
    </SEOCOMPOTX>
    <SEOCOMPOTX>
     <CLSNAME>ZCL_TR_COMMON</CLSNAME>
     <CMPNAME>CHECK_BP_FAC_ORG</CMPNAME>
     <LANGU>1</LANGU>
     <DESCRIPT>BP-融资机构合法校验</DESCRIPT>
    </SEOCOMPOTX>
    <SEOCOMPOTX>
     <CLSNAME>ZCL_TR_COMMON</CLSNAME>
     <CMPNAME>CHECK_BP_GTD_ORG</CMPNAME>
     <LANGU>1</LANGU>
     <DESCRIPT>BP-被担保企业合法校验</DESCRIPT>
    </SEOCOMPOTX>
    <SEOCOMPOTX>
     <CLSNAME>ZCL_TR_COMMON</CLSNAME>
     <CMPNAME>CHECK_BP_GUARANTOR</CMPNAME>
     <LANGU>1</LANGU>
     <DESCRIPT>BP-担保人合法校验</DESCRIPT>
    </SEOCOMPOTX>
    <SEOCOMPOTX>
     <CLSNAME>ZCL_TR_COMMON</CLSNAME>
     <CMPNAME>CHECK_BUKRS</CMPNAME>
     <LANGU>1</LANGU>
     <DESCRIPT>公司代码合法校验</DESCRIPT>
    </SEOCOMPOTX>
    <SEOCOMPOTX>
     <CLSNAME>ZCL_TR_COMMON</CLSNAME>
     <CMPNAME>CHECK_CEPC</CMPNAME>
     <LANGU>1</LANGU>
     <DESCRIPT>利润中心校验</DESCRIPT>
    </SEOCOMPOTX>
    <SEOCOMPOTX>
     <CLSNAME>ZCL_TR_COMMON</CLSNAME>
     <CMPNAME>CHECK_DBHT</CMPNAME>
     <LANGU>1</LANGU>
     <DESCRIPT>担保合同校验</DESCRIPT>
    </SEOCOMPOTX>
    <SEOCOMPOTX>
     <CLSNAME>ZCL_TR_COMMON</CLSNAME>
     <CMPNAME>CHECK_FKTK</CMPNAME>
     <LANGU>1</LANGU>
     <DESCRIPT>付款条款合法性校验</DESCRIPT>
    </SEOCOMPOTX>
    <SEOCOMPOTX>
     <CLSNAME>ZCL_TR_COMMON</CLSNAME>
     <CMPNAME>CHECK_HKONT</CMPNAME>
     <LANGU>1</LANGU>
     <DESCRIPT>会计科目校验</DESCRIPT>
    </SEOCOMPOTX>
    <SEOCOMPOTX>
     <CLSNAME>ZCL_TR_COMMON</CLSNAME>
     <CMPNAME>CHECK_IF_NO</CMPNAME>
     <LANGU>1</LANGU>
     <DESCRIPT>融资台帐号校验</DESCRIPT>
    </SEOCOMPOTX>
    <SEOCOMPOTX>
     <CLSNAME>ZCL_TR_COMMON</CLSNAME>
     <CMPNAME>CHECK_KDGS</CMPNAME>
     <LANGU>1</LANGU>
     <DESCRIPT>快递公司</DESCRIPT>
    </SEOCOMPOTX>
    <SEOCOMPOTX>
     <CLSNAME>ZCL_TR_COMMON</CLSNAME>
     <CMPNAME>CHECK_KOSTL</CMPNAME>
     <LANGU>1</LANGU>
     <DESCRIPT>成本中心合法校验</DESCRIPT>
    </SEOCOMPOTX>
    <SEOCOMPOTX>
     <CLSNAME>ZCL_TR_COMMON</CLSNAME>
     <CMPNAME>CHECK_KUNNR</CMPNAME>
     <LANGU>1</LANGU>
     <DESCRIPT>开证方编码校验</DESCRIPT>
    </SEOCOMPOTX>
    <SEOCOMPOTX>
     <CLSNAME>ZCL_TR_COMMON</CLSNAME>
     <CMPNAME>CHECK_LIFNR</CMPNAME>
     <LANGU>1</LANGU>
     <DESCRIPT>供应商合法校验</DESCRIPT>
    </SEOCOMPOTX>
    <SEOCOMPOTX>
     <CLSNAME>ZCL_TR_COMMON</CLSNAME>
     <CMPNAME>CHECK_PARTNER</CMPNAME>
     <LANGU>1</LANGU>
     <DESCRIPT>业务合作伙伴校验</DESCRIPT>
    </SEOCOMPOTX>
    <SEOCOMPOTX>
     <CLSNAME>ZCL_TR_COMMON</CLSNAME>
     <CMPNAME>CHECK_TINC</CMPNAME>
     <LANGU>1</LANGU>
     <DESCRIPT>国际贸易条款合法性校验</DESCRIPT>
    </SEOCOMPOTX>
    <SEOCOMPOTX>
     <CLSNAME>ZCL_TR_COMMON</CLSNAME>
     <CMPNAME>CHECK_VKORG_STATE</CMPNAME>
     <LANGU>1</LANGU>
     <DESCRIPT>校验内贸和工厂公司代码必填</DESCRIPT>
    </SEOCOMPOTX>
    <SEOCOMPOTX>
     <CLSNAME>ZCL_TR_COMMON</CLSNAME>
     <CMPNAME>CHECK_WAERS</CMPNAME>
     <LANGU>1</LANGU>
     <DESCRIPT>货币合法性校验</DESCRIPT>
    </SEOCOMPOTX>
    <SEOCOMPOTX>
     <CLSNAME>ZCL_TR_COMMON</CLSNAME>
     <CMPNAME>CHECK_WERKS</CMPNAME>
     <LANGU>1</LANGU>
     <DESCRIPT>工厂合法性校验</DESCRIPT>
    </SEOCOMPOTX>
    <SEOCOMPOTX>
     <CLSNAME>ZCL_TR_COMMON</CLSNAME>
     <CMPNAME>CHECK_XYZNO</CMPNAME>
     <LANGU>1</LANGU>
     <DESCRIPT>信用证编码校验</DESCRIPT>
    </SEOCOMPOTX>
    <SEOCOMPOTX>
     <CLSNAME>ZCL_TR_COMMON</CLSNAME>
     <CMPNAME>CHECK_XYZYXD</CMPNAME>
     <LANGU>1</LANGU>
     <DESCRIPT>信用证有效地合法性校验</DESCRIPT>
    </SEOCOMPOTX>
    <SEOCOMPOTX>
     <CLSNAME>ZCL_TR_COMMON</CLSNAME>
     <CMPNAME>CHECK_YHZH</CMPNAME>
     <LANGU>1</LANGU>
     <DESCRIPT>银行账户校验</DESCRIPT>
    </SEOCOMPOTX>
    <SEOCOMPOTX>
     <CLSNAME>ZCL_TR_COMMON</CLSNAME>
     <CMPNAME>CHECK_YHZHBANKL</CMPNAME>
     <LANGU>1</LANGU>
     <DESCRIPT>银行账号和银行代码不匹配</DESCRIPT>
    </SEOCOMPOTX>
    <SEOCOMPOTX>
     <CLSNAME>ZCL_TR_COMMON</CLSNAME>
     <CMPNAME>CHECK_ZHLX</CMPNAME>
     <LANGU>1</LANGU>
     <DESCRIPT>账户类型校验</DESCRIPT>
    </SEOCOMPOTX>
    <SEOCOMPOTX>
     <CLSNAME>ZCL_TR_COMMON</CLSNAME>
     <CMPNAME>CHECK_ZXYZNO</CMPNAME>
     <LANGU>1</LANGU>
     <DESCRIPT>信用证编码校验</DESCRIPT>
    </SEOCOMPOTX>
    <SEOCOMPOTX>
     <CLSNAME>ZCL_TR_COMMON</CLSNAME>
     <CMPNAME>GET_ANLN1_TEXT</CMPNAME>
     <LANGU>1</LANGU>
     <DESCRIPT>获取固定资产描述</DESCRIPT>
    </SEOCOMPOTX>
    <SEOCOMPOTX>
     <CLSNAME>ZCL_TR_COMMON</CLSNAME>
     <CMPNAME>GET_BANK_IND_TEXT</CMPNAME>
     <LANGU>1</LANGU>
     <DESCRIPT>获取银行行别描述</DESCRIPT>
    </SEOCOMPOTX>
    <SEOCOMPOTX>
     <CLSNAME>ZCL_TR_COMMON</CLSNAME>
     <CMPNAME>GET_BANK_INFO</CMPNAME>
     <LANGU>1</LANGU>
     <DESCRIPT>根据银行账号获取描述，开户行信息</DESCRIPT>
    </SEOCOMPOTX>
    <SEOCOMPOTX>
     <CLSNAME>ZCL_TR_COMMON</CLSNAME>
     <CMPNAME>GET_BANK_TEXT</CMPNAME>
     <LANGU>1</LANGU>
     <DESCRIPT>获取银行描述</DESCRIPT>
    </SEOCOMPOTX>
    <SEOCOMPOTX>
     <CLSNAME>ZCL_TR_COMMON</CLSNAME>
     <CMPNAME>GET_BILL_STATUS</CMPNAME>
     <LANGU>1</LANGU>
     <DESCRIPT>获取单据状态</DESCRIPT>
    </SEOCOMPOTX>
    <SEOCOMPOTX>
     <CLSNAME>ZCL_TR_COMMON</CLSNAME>
     <CMPNAME>GET_BILL_TYPE</CMPNAME>
     <LANGU>1</LANGU>
     <DESCRIPT>获取单据类型</DESCRIPT>
    </SEOCOMPOTX>
    <SEOCOMPOTX>
     <CLSNAME>ZCL_TR_COMMON</CLSNAME>
     <CMPNAME>GET_BP_TEXT</CMPNAME>
     <LANGU>1</LANGU>
     <DESCRIPT>获取BP描述</DESCRIPT>
    </SEOCOMPOTX>
    <SEOCOMPOTX>
     <CLSNAME>ZCL_TR_COMMON</CLSNAME>
     <CMPNAME>GET_BUKRS_TEXT</CMPNAME>
     <LANGU>1</LANGU>
     <DESCRIPT>获取公司代码描述</DESCRIPT>
    </SEOCOMPOTX>
    <SEOCOMPOTX>
     <CLSNAME>ZCL_TR_COMMON</CLSNAME>
     <CMPNAME>GET_KOSTL_TEXT</CMPNAME>
     <LANGU>1</LANGU>
     <DESCRIPT>获取成本中心描述</DESCRIPT>
    </SEOCOMPOTX>
    <SEOCOMPOTX>
     <CLSNAME>ZCL_TR_COMMON</CLSNAME>
     <CMPNAME>GET_T042Z</CMPNAME>
     <LANGU>1</LANGU>
     <DESCRIPT>获取支付方式</DESCRIPT>
    </SEOCOMPOTX>
    <SEOCOMPOTX>
     <CLSNAME>ZCL_TR_COMMON</CLSNAME>
     <CMPNAME>GET_USER_FULL_NAME</CMPNAME>
     <LANGU>1</LANGU>
     <DESCRIPT>获取用户全名</DESCRIPT>
    </SEOCOMPOTX>
    <SEOCOMPOTX>
     <CLSNAME>ZCL_TR_COMMON</CLSNAME>
     <CMPNAME>GET_USER_TEXT</CMPNAME>
     <LANGU>1</LANGU>
     <DESCRIPT>获取用户名称</DESCRIPT>
    </SEOCOMPOTX>
    <SEOCOMPOTX>
     <CLSNAME>ZCL_TR_COMMON</CLSNAME>
     <CMPNAME>SET_BUTTON_VISIABLE</CMPNAME>
     <LANGU>1</LANGU>
     <DESCRIPT>01隐藏 02显示按钮</DESCRIPT>
    </SEOCOMPOTX>
   </DESCRIPTIONS>
  </asx:values>
 </asx:abap>
</abapGit>
