﻿<?xml version="1.0" encoding="utf-8"?>
<abapGit version="v1.0.0" serializer="LCL_OBJECT_CLAS" serializer_version="v1.0.0">
 <asx:abap xmlns:asx="http://www.sap.com/abapxml" version="1.0">
  <asx:values>
   <VSEOCLASS>
    <CLSNAME>ZCL_ABSTRACT_BANK_ACCOUNT</CLSNAME>
    <VERSION>1</VERSION>
    <LANGU>1</LANGU>
    <DESCRIPT>抽象银行账户类</DESCRIPT>
    <STATE>1</STATE>
    <CLSCCINCL>X</CLSCCINCL>
    <FIXPT>X</FIXPT>
    <UNICODE>X</UNICODE>
    <RSTAT>K</RSTAT>
    <MSG_ID>ZTR_BANK_APPLICATION</MSG_ID>
   </VSEOCLASS>
   <DESCRIPTIONS>
    <SEOCOMPOTX>
     <CLSNAME>ZCL_ABSTRACT_BANK_ACCOUNT</CLSNAME>
     <CMPNAME>ACCOUNT_BALANCE_DB_TABNAME</CMPNAME>
     <LANGU>1</LANGU>
     <DESCRIPT>表名</DESCRIPT>
    </SEOCOMPOTX>
    <SEOCOMPOTX>
     <CLSNAME>ZCL_ABSTRACT_BANK_ACCOUNT</CLSNAME>
     <CMPNAME>ACTION</CMPNAME>
     <LANGU>1</LANGU>
     <DESCRIPT>银企直连的操作</DESCRIPT>
    </SEOCOMPOTX>
    <SEOCOMPOTX>
     <CLSNAME>ZCL_ABSTRACT_BANK_ACCOUNT</CLSNAME>
     <CMPNAME>BANK_INDICATOR</CMPNAME>
     <LANGU>1</LANGU>
     <DESCRIPT>银企直连中的银行标志</DESCRIPT>
    </SEOCOMPOTX>
    <SEOCOMPOTX>
     <CLSNAME>ZCL_ABSTRACT_BANK_ACCOUNT</CLSNAME>
     <CMPNAME>CONSTRUCTOR</CMPNAME>
     <LANGU>1</LANGU>
     <DESCRIPT>CONSTRUCTOR</DESCRIPT>
    </SEOCOMPOTX>
    <SEOCOMPOTX>
     <CLSNAME>ZCL_ABSTRACT_BANK_ACCOUNT</CLSNAME>
     <CMPNAME>HISTORY_ACC_BALANCE_DB_NAME</CMPNAME>
     <LANGU>1</LANGU>
     <DESCRIPT>表名</DESCRIPT>
    </SEOCOMPOTX>
    <SEOCOMPOTX>
     <CLSNAME>ZCL_ABSTRACT_BANK_ACCOUNT</CLSNAME>
     <CMPNAME>MESSAGES</CMPNAME>
     <LANGU>1</LANGU>
     <DESCRIPT>Message Collector</DESCRIPT>
    </SEOCOMPOTX>
    <SEOCOMPOTX>
     <CLSNAME>ZCL_ABSTRACT_BANK_ACCOUNT</CLSNAME>
     <CMPNAME>NO</CMPNAME>
     <LANGU>1</LANGU>
     <DESCRIPT>一般标记</DESCRIPT>
    </SEOCOMPOTX>
    <SEOCOMPOTX>
     <CLSNAME>ZCL_ABSTRACT_BANK_ACCOUNT</CLSNAME>
     <CMPNAME>SAP_NEW_ACCOUNT_BALANCE</CMPNAME>
     <LANGU>1</LANGU>
     <DESCRIPT>Table Type of ZTRT2090</DESCRIPT>
    </SEOCOMPOTX>
    <SEOCOMPOTX>
     <CLSNAME>ZCL_ABSTRACT_BANK_ACCOUNT</CLSNAME>
     <CMPNAME>SAP_NEW_HISTORY_ACC_BALANCE</CMPNAME>
     <LANGU>1</LANGU>
     <DESCRIPT>Table Type of ZTRT2091</DESCRIPT>
    </SEOCOMPOTX>
    <SEOCOMPOTX>
     <CLSNAME>ZCL_ABSTRACT_BANK_ACCOUNT</CLSNAME>
     <CMPNAME>SAP_NEW_TRANSACTIONS</CMPNAME>
     <LANGU>1</LANGU>
     <DESCRIPT>Table Type of ZTRT_BANK_TRANS</DESCRIPT>
    </SEOCOMPOTX>
    <SEOCOMPOTX>
     <CLSNAME>ZCL_ABSTRACT_BANK_ACCOUNT</CLSNAME>
     <CMPNAME>SYSTEM_INFO</CMPNAME>
     <LANGU>1</LANGU>
     <DESCRIPT>system info</DESCRIPT>
    </SEOCOMPOTX>
    <SEOCOMPOTX>
     <CLSNAME>ZCL_ABSTRACT_BANK_ACCOUNT</CLSNAME>
     <CMPNAME>TRANSACTION_DB_TABNAME</CMPNAME>
     <LANGU>1</LANGU>
     <DESCRIPT>表名</DESCRIPT>
    </SEOCOMPOTX>
    <SEOCOMPOTX>
     <CLSNAME>ZCL_ABSTRACT_BANK_ACCOUNT</CLSNAME>
     <CMPNAME>YES</CMPNAME>
     <LANGU>1</LANGU>
     <DESCRIPT>一般标记</DESCRIPT>
    </SEOCOMPOTX>
   </DESCRIPTIONS>
  </asx:values>
 </asx:abap>
</abapGit>
