﻿<?xml version="1.0" encoding="utf-8"?>
<abapGit version="v1.0.0" serializer="LCL_OBJECT_CLAS" serializer_version="v1.0.0">
 <asx:abap xmlns:asx="http://www.sap.com/abapxml" version="1.0">
  <asx:values>
   <VSEOCLASS>
    <CLSNAME>ZCL_GLOBAL_TECHNICAL_SERVICE</CLSNAME>
    <VERSION>1</VERSION>
    <LANGU>1</LANGU>
    <DESCRIPT>Global service</DESCRIPT>
    <STATE>1</STATE>
    <CLSCCINCL>X</CLSCCINCL>
    <FIXPT>X</FIXPT>
    <UNICODE>X</UNICODE>
    <RSTAT>K</RSTAT>
    <MSG_ID>ZCAMESSAGE</MSG_ID>
   </VSEOCLASS>
   <DESCRIPTIONS>
    <SEOCOMPOTX>
     <CLSNAME>ZCL_GLOBAL_TECHNICAL_SERVICE</CLSNAME>
     <CMPNAME>CHECK_DOMAIN_VALUE</CMPNAME>
     <LANGU>1</LANGU>
     <DESCRIPT>Check Domian Value</DESCRIPT>
    </SEOCOMPOTX>
    <SEOCOMPOTX>
     <CLSNAME>ZCL_GLOBAL_TECHNICAL_SERVICE</CLSNAME>
     <CMPNAME>CHECK_TABLE</CMPNAME>
     <LANGU>1</LANGU>
     <DESCRIPT>check table</DESCRIPT>
    </SEOCOMPOTX>
    <SEOCOMPOTX>
     <CLSNAME>ZCL_GLOBAL_TECHNICAL_SERVICE</CLSNAME>
     <CMPNAME>GET_DOMAIN_TEXT</CMPNAME>
     <LANGU>1</LANGU>
     <DESCRIPT>Get domain text</DESCRIPT>
    </SEOCOMPOTX>
    <SEOCOMPOTX>
     <CLSNAME>ZCL_GLOBAL_TECHNICAL_SERVICE</CLSNAME>
     <CMPNAME>GET_DOMAIN_VALUES</CMPNAME>
     <LANGU>1</LANGU>
     <DESCRIPT>Get Domian Values</DESCRIPT>
    </SEOCOMPOTX>
    <SEOCOMPOTX>
     <CLSNAME>ZCL_GLOBAL_TECHNICAL_SERVICE</CLSNAME>
     <CMPNAME>GET_SYSTEM_INFO</CMPNAME>
     <LANGU>1</LANGU>
     <DESCRIPT>get system infor</DESCRIPT>
    </SEOCOMPOTX>
    <SEOCOMPOTX>
     <CLSNAME>ZCL_GLOBAL_TECHNICAL_SERVICE</CLSNAME>
     <CMPNAME>NO</CMPNAME>
     <LANGU>1</LANGU>
     <DESCRIPT>一般标记</DESCRIPT>
    </SEOCOMPOTX>
    <SEOCOMPOTX>
     <CLSNAME>ZCL_GLOBAL_TECHNICAL_SERVICE</CLSNAME>
     <CMPNAME>SET_LISTBOX_BY_DOMAINVALUES</CMPNAME>
     <LANGU>1</LANGU>
     <DESCRIPT>SET LIST BOX BU DOMAIN VALUES</DESCRIPT>
    </SEOCOMPOTX>
    <SEOCOMPOTX>
     <CLSNAME>ZCL_GLOBAL_TECHNICAL_SERVICE</CLSNAME>
     <CMPNAME>YES</CMPNAME>
     <LANGU>1</LANGU>
     <DESCRIPT>一般标记</DESCRIPT>
    </SEOCOMPOTX>
   </DESCRIPTIONS>
  </asx:values>
 </asx:abap>
</abapGit>
