﻿<?xml version="1.0" encoding="utf-8"?>
<abapGit version="v1.0.0" serializer="LCL_OBJECT_CLAS" serializer_version="v1.0.0">
 <asx:abap xmlns:asx="http://www.sap.com/abapxml" version="1.0">
  <asx:values>
   <VSEOCLASS>
    <CLSNAME>ZCL_BANK_PAYMENT_ENTRY_EDOC</CLSNAME>
    <VERSION>1</VERSION>
    <LANGU>1</LANGU>
    <DESCRIPT>银企直连-支付条目-汇票的条目</DESCRIPT>
    <STATE>1</STATE>
    <CLSCCINCL>X</CLSCCINCL>
    <FIXPT>X</FIXPT>
    <UNICODE>X</UNICODE>
    <RSTAT>K</RSTAT>
    <MSG_ID>ZTR_BANK_APPLICATION</MSG_ID>
   </VSEOCLASS>
   <DESCRIPTIONS>
    <SEOCOMPOTX>
     <CLSNAME>ZCL_BANK_PAYMENT_ENTRY_EDOC</CLSNAME>
     <CMPNAME>SET_AUTO_ACCEPTANCE</CMPNAME>
     <LANGU>1</LANGU>
     <DESCRIPT>设置自动提示承兑</DESCRIPT>
    </SEOCOMPOTX>
    <SEOCOMPOTX>
     <CLSNAME>ZCL_BANK_PAYMENT_ENTRY_EDOC</CLSNAME>
     <CMPNAME>SET_AUTO_RECEIVE</CMPNAME>
     <LANGU>1</LANGU>
     <DESCRIPT>设置自动提示收票</DESCRIPT>
    </SEOCOMPOTX>
   </DESCRIPTIONS>
  </asx:values>
 </asx:abap>
</abapGit>
