﻿<?xml version="1.0" encoding="utf-8"?>
<abapGit version="v1.0.0" serializer="LCL_OBJECT_CLAS" serializer_version="v1.0.0">
 <asx:abap xmlns:asx="http://www.sap.com/abapxml" version="1.0">
  <asx:values>
   <VSEOCLASS>
    <CLSNAME>ZCL_TR_3020</CLSNAME>
    <VERSION>1</VERSION>
    <LANGU>1</LANGU>
    <DESCRIPT>紧急支出计划单辅助类</DESCRIPT>
    <STATE>1</STATE>
    <CLSCCINCL>X</CLSCCINCL>
    <FIXPT>X</FIXPT>
    <UNICODE>X</UNICODE>
   </VSEOCLASS>
   <TPOOL>
    <item>
     <ID>I</ID>
     <KEY>M01</KEY>
     <ENTRY>请输入有效的行项！</ENTRY>
     <LENGTH>19</LENGTH>
    </item>
    <item>
     <ID>I</ID>
     <KEY>M02</KEY>
     <ENTRY>本次计划收支金额超过剩余可支付金额.</ENTRY>
     <LENGTH>23</LENGTH>
    </item>
    <item>
     <ID>I</ID>
     <KEY>M03</KEY>
     <ENTRY>本次计划收支金额超过预估剩余金额.</ENTRY>
     <LENGTH>23</LENGTH>
    </item>
    <item>
     <ID>I</ID>
     <KEY>M04</KEY>
     <ENTRY>当前状态不能提交.</ENTRY>
     <LENGTH>18</LENGTH>
    </item>
    <item>
     <ID>I</ID>
     <KEY>M05</KEY>
     <ENTRY>当前状态不能撤销提交.</ENTRY>
     <LENGTH>18</LENGTH>
    </item>
    <item>
     <ID>I</ID>
     <KEY>M06</KEY>
     <ENTRY>已经创建支付单,取消提交失败.</ENTRY>
     <LENGTH>25</LENGTH>
    </item>
    <item>
     <ID>I</ID>
     <KEY>M07</KEY>
     <ENTRY>单据状态不能删除:</ENTRY>
     <LENGTH>19</LENGTH>
    </item>
    <item>
     <ID>I</ID>
     <KEY>M08</KEY>
     <ENTRY>计划责任部门必输.</ENTRY>
     <LENGTH>16</LENGTH>
    </item>
    <item>
     <ID>I</ID>
     <KEY>M09</KEY>
     <ENTRY>提交紧急支出计划单需要在备注说明原因.</ENTRY>
     <LENGTH>29</LENGTH>
    </item>
    <item>
     <ID>I</ID>
     <KEY>M10</KEY>
     <ENTRY>本次计划收支金额须大于0.</ENTRY>
     <LENGTH>25</LENGTH>
    </item>
    <item>
     <ID>I</ID>
     <KEY>M11</KEY>
     <ENTRY>计划责任部门在公司下不存在.</ENTRY>
     <LENGTH>24</LENGTH>
    </item>
    <item>
     <ID>I</ID>
     <KEY>M12</KEY>
     <ENTRY>当前系统日期不在周资金版本日期范围内,不能创建非当前版本的紧急支出计划单.</ENTRY>
     <LENGTH>74</LENGTH>
    </item>
    <item>
     <ID>I</ID>
     <KEY>M13</KEY>
     <ENTRY>本次计划收支金额超过剩余可支付金额.</ENTRY>
     <LENGTH>20</LENGTH>
    </item>
    <item>
     <ID>I</ID>
     <KEY>M14</KEY>
     <ENTRY>收付款方式错误，无法创建，请联系相关部门</ENTRY>
     <LENGTH>20</LENGTH>
    </item>
    <item>
     <ID>I</ID>
     <KEY>M15</KEY>
     <ENTRY>付款条件错误，无法创建，请联系相关部门</ENTRY>
     <LENGTH>31</LENGTH>
    </item>
    <item>
     <ID>I</ID>
     <KEY>M16</KEY>
     <ENTRY>存在D11 资本性支出现金流量项目的工程项目编号字段为空，请及时维护</ENTRY>
     <LENGTH>68</LENGTH>
    </item>
    <item>
     <ID>I</ID>
     <KEY>M17</KEY>
     <ENTRY>当前状态不能审批.</ENTRY>
     <LENGTH>21</LENGTH>
    </item>
    <item>
     <ID>I</ID>
     <KEY>M18</KEY>
     <ENTRY>紧急支出计划单已经被紧急计划使用.</ENTRY>
     <LENGTH>44</LENGTH>
    </item>
   </TPOOL>
   <DESCRIPTIONS>
    <SEOCOMPOTX>
     <CLSNAME>ZCL_TR_3020</CLSNAME>
     <CMPNAME>CHG_AGN</CMPNAME>
     <LANGU>1</LANGU>
     <DESCRIPT>修改AGN表</DESCRIPT>
    </SEOCOMPOTX>
    <SEOCOMPOTX>
     <CLSNAME>ZCL_TR_3020</CLSNAME>
     <CMPNAME>CONSTRUCTOR</CMPNAME>
     <LANGU>1</LANGU>
     <DESCRIPT>CONSTRUCTOR</DESCRIPT>
    </SEOCOMPOTX>
    <SEOCOMPOTX>
     <CLSNAME>ZCL_TR_3020</CLSNAME>
     <CMPNAME>CRT_AGN</CMPNAME>
     <LANGU>1</LANGU>
     <DESCRIPT>创建AGN表</DESCRIPT>
    </SEOCOMPOTX>
    <SEOCOMPOTX>
     <CLSNAME>ZCL_TR_3020</CLSNAME>
     <CMPNAME>GET_AMT_30</CMPNAME>
     <LANGU>1</LANGU>
     <DESCRIPT>获30类型取周资金计划行项目剩余金额</DESCRIPT>
    </SEOCOMPOTX>
    <SEOCOMPOTX>
     <CLSNAME>ZCL_TR_3020</CLSNAME>
     <CMPNAME>GET_CUR_ITEM</CMPNAME>
     <LANGU>1</LANGU>
     <DESCRIPT>获取周资金计划编号</DESCRIPT>
    </SEOCOMPOTX>
    <SEOCOMPOTX>
     <CLSNAME>ZCL_TR_3020</CLSNAME>
     <CMPNAME>GET_STATUS</CMPNAME>
     <LANGU>1</LANGU>
     <DESCRIPT>获取状态文本</DESCRIPT>
    </SEOCOMPOTX>
    <SEOCOMPOTX>
     <CLSNAME>ZCL_TR_3020</CLSNAME>
     <CMPNAME>GS_AGN</CMPNAME>
     <LANGU>1</LANGU>
     <DESCRIPT>分配</DESCRIPT>
    </SEOCOMPOTX>
    <SEOCOMPOTX>
     <CLSNAME>ZCL_TR_3020</CLSNAME>
     <CMPNAME>GS_HEAD</CMPNAME>
     <LANGU>1</LANGU>
     <DESCRIPT>周预估支付申请单</DESCRIPT>
    </SEOCOMPOTX>
    <SEOCOMPOTX>
     <CLSNAME>ZCL_TR_3020</CLSNAME>
     <CMPNAME>GS_ITEM</CMPNAME>
     <LANGU>1</LANGU>
     <DESCRIPT>周资金计划行项目</DESCRIPT>
    </SEOCOMPOTX>
    <SEOCOMPOTX>
     <CLSNAME>ZCL_TR_3020</CLSNAME>
     <CMPNAME>SP_A</CMPNAME>
     <LANGU>1</LANGU>
     <DESCRIPT>审批同意</DESCRIPT>
    </SEOCOMPOTX>
    <SEOCOMPOTX>
     <CLSNAME>ZCL_TR_3020</CLSNAME>
     <CMPNAME>SP_B</CMPNAME>
     <LANGU>1</LANGU>
     <DESCRIPT>审批退回</DESCRIPT>
    </SEOCOMPOTX>
    <SEOCOMPOTX>
     <CLSNAME>ZCL_TR_3020</CLSNAME>
     <CMPNAME>SP_R</CMPNAME>
     <LANGU>1</LANGU>
     <DESCRIPT>审批拒绝</DESCRIPT>
    </SEOCOMPOTX>
    <SEOCOMPOTX>
     <CLSNAME>ZCL_TR_3020</CLSNAME>
     <CMPNAME>SUB</CMPNAME>
     <LANGU>1</LANGU>
     <DESCRIPT>提交</DESCRIPT>
    </SEOCOMPOTX>
    <SEOCOMPOTX>
     <CLSNAME>ZCL_TR_3020</CLSNAME>
     <CMPNAME>UNSUB</CMPNAME>
     <LANGU>1</LANGU>
     <DESCRIPT>取消提交</DESCRIPT>
    </SEOCOMPOTX>
   </DESCRIPTIONS>
  </asx:values>
 </asx:abap>
</abapGit>
