﻿<?xml version="1.0" encoding="utf-8"?>
<abapGit version="v1.0.0" serializer="LCL_OBJECT_CLAS" serializer_version="v1.0.0">
 <asx:abap xmlns:asx="http://www.sap.com/abapxml" version="1.0">
  <asx:values>
   <VSEOCLASS>
    <CLSNAME>ZCL_ZOKT_MDU_EEW_BP</CLSNAME>
    <VERSION>1</VERSION>
    <LANGU>1</LANGU>
    <DESCRIPT>生成批量更新类</DESCRIPT>
    <STATE>1</STATE>
    <CLSCCINCL>X</CLSCCINCL>
    <FIXPT>X</FIXPT>
    <UNICODE>X</UNICODE>
   </VSEOCLASS>
   <DESCRIPTIONS>
    <SEOCOMPOTX>
     <CLSNAME>ZCL_ZOKT_MDU_EEW_BP</CLSNAME>
     <CMPNAME>GS_FLD_UPD</CMPNAME>
     <LANGU>1</LANGU>
     <DESCRIPT>Template for Extension Tables</DESCRIPT>
    </SEOCOMPOTX>
    <SEOCOMPOTX>
     <CLSNAME>ZCL_ZOKT_MDU_EEW_BP</CLSNAME>
     <CMPNAME>GT_BUT_EEW</CMPNAME>
     <LANGU>1</LANGU>
     <DESCRIPT>Template for Extension Tables</DESCRIPT>
    </SEOCOMPOTX>
   </DESCRIPTIONS>
  </asx:values>
 </asx:abap>
</abapGit>
