﻿<?xml version="1.0" encoding="utf-8"?>
<abapGit version="v1.0.0" serializer="LCL_OBJECT_CLAS" serializer_version="v1.0.0">
 <asx:abap xmlns:asx="http://www.sap.com/abapxml" version="1.0">
  <asx:values>
   <VSEOCLASS>
    <CLSNAME>ZCL_WD_TR_1013</CLSNAME>
    <VERSION>1</VERSION>
    <LANGU>1</LANGU>
    <DESCRIPT>现金盘点表辅助类</DESCRIPT>
    <STATE>1</STATE>
    <CLSCCINCL>X</CLSCCINCL>
    <FIXPT>X</FIXPT>
    <UNICODE>X</UNICODE>
   </VSEOCLASS>
   <DESCRIPTIONS>
    <SEOCOMPOTX>
     <CLSNAME>ZCL_WD_TR_1013</CLSNAME>
     <CMPNAME>AUTHORITY_CHECK</CMPNAME>
     <LANGU>1</LANGU>
     <DESCRIPT>权限检查</DESCRIPT>
    </SEOCOMPOTX>
    <SEOCOMPOTX>
     <CLSNAME>ZCL_WD_TR_1013</CLSNAME>
     <CMPNAME>GC_AUTHORITY_CHECK</CMPNAME>
     <LANGU>1</LANGU>
     <DESCRIPT>权限检查启用标识</DESCRIPT>
    </SEOCOMPOTX>
    <SEOCOMPOTX>
     <CLSNAME>ZCL_WD_TR_1013</CLSNAME>
     <CMPNAME>GV_ATTACHMENT_TMP_GUID</CMPNAME>
     <LANGU>1</LANGU>
     <DESCRIPT>附件临时GUID</DESCRIPT>
    </SEOCOMPOTX>
   </DESCRIPTIONS>
  </asx:values>
 </asx:abap>
</abapGit>
