﻿<?xml version="1.0" encoding="utf-8"?>
<abapGit version="v1.0.0" serializer="LCL_OBJECT_CLAS" serializer_version="v1.0.0">
 <asx:abap xmlns:asx="http://www.sap.com/abapxml" version="1.0">
  <asx:values>
   <VSEOCLASS>
    <CLSNAME>ZCL_TR_3024_GUI</CLSNAME>
    <VERSION>1</VERSION>
    <LANGU>1</LANGU>
    <DESCRIPT>银行对账</DESCRIPT>
    <STATE>1</STATE>
    <CLSCCINCL>X</CLSCCINCL>
    <FIXPT>X</FIXPT>
    <UNICODE>X</UNICODE>
   </VSEOCLASS>
   <TPOOL>
    <item>
     <ID>I</ID>
     <KEY>M01</KEY>
     <ENTRY>输入数据不正确.</ENTRY>
     <LENGTH>18</LENGTH>
    </item>
   </TPOOL>
   <DESCRIPTIONS>
    <SEOCOMPOTX>
     <CLSNAME>ZCL_TR_3024_GUI</CLSNAME>
     <CMPNAME>AGN_REF</CMPNAME>
     <LANGU>1</LANGU>
     <DESCRIPT>记录外部单据号</DESCRIPT>
    </SEOCOMPOTX>
    <SEOCOMPOTX>
     <CLSNAME>ZCL_TR_3024_GUI</CLSNAME>
     <CMPNAME>AUTH</CMPNAME>
     <LANGU>1</LANGU>
     <DESCRIPT>权限检查开关(DEV&amp;QAS)</DESCRIPT>
    </SEOCOMPOTX>
    <SEOCOMPOTX>
     <CLSNAME>ZCL_TR_3024_GUI</CLSNAME>
     <CMPNAME>CHANG_ITEM</CMPNAME>
     <LANGU>1</LANGU>
     <DESCRIPT>更改银企直连行项目</DESCRIPT>
    </SEOCOMPOTX>
    <SEOCOMPOTX>
     <CLSNAME>ZCL_TR_3024_GUI</CLSNAME>
     <CMPNAME>CHECK_3023_04</CMPNAME>
     <LANGU>1</LANGU>
     <DESCRIPT>检查余额表</DESCRIPT>
    </SEOCOMPOTX>
    <SEOCOMPOTX>
     <CLSNAME>ZCL_TR_3024_GUI</CLSNAME>
     <CMPNAME>GET_BY_REF</CMPNAME>
     <LANGU>1</LANGU>
     <DESCRIPT>外部单据号取数</DESCRIPT>
    </SEOCOMPOTX>
    <SEOCOMPOTX>
     <CLSNAME>ZCL_TR_3024_GUI</CLSNAME>
     <CMPNAME>GET_BY_REF1</CMPNAME>
     <LANGU>1</LANGU>
     <DESCRIPT>垮分配路径外部单据号取数(自己考虑不同路径的外部单号是否重复)</DESCRIPT>
    </SEOCOMPOTX>
    <SEOCOMPOTX>
     <CLSNAME>ZCL_TR_3024_GUI</CLSNAME>
     <CMPNAME>GET_GROUP</CMPNAME>
     <LANGU>1</LANGU>
     <DESCRIPT>获得可以取得的过账类型- 放弃</DESCRIPT>
    </SEOCOMPOTX>
    <SEOCOMPOTX>
     <CLSNAME>ZCL_TR_3024_GUI</CLSNAME>
     <CMPNAME>GET_PPZT</CMPNAME>
     <LANGU>1</LANGU>
     <DESCRIPT>获得匹配状态</DESCRIPT>
    </SEOCOMPOTX>
    <SEOCOMPOTX>
     <CLSNAME>ZCL_TR_3024_GUI</CLSNAME>
     <CMPNAME>GET_REF2_BY_REF</CMPNAME>
     <LANGU>1</LANGU>
     <DESCRIPT>获取票据关联流水号</DESCRIPT>
    </SEOCOMPOTX>
    <SEOCOMPOTX>
     <CLSNAME>ZCL_TR_3024_GUI</CLSNAME>
     <CMPNAME>IV_POST_RSTGR</CMPNAME>
     <LANGU>1</LANGU>
     <DESCRIPT>函数ZTR_DPC_PROCESS_EXTENSION是否执行</DESCRIPT>
    </SEOCOMPOTX>
    <SEOCOMPOTX>
     <CLSNAME>ZCL_TR_3024_GUI</CLSNAME>
     <CMPNAME>LOCK_1</CMPNAME>
     <LANGU>1</LANGU>
     <DESCRIPT>锁定银企直连记录</DESCRIPT>
    </SEOCOMPOTX>
    <SEOCOMPOTX>
     <CLSNAME>ZCL_TR_3024_GUI</CLSNAME>
     <CMPNAME>LOCK_2</CMPNAME>
     <LANGU>1</LANGU>
     <DESCRIPT>锁定网银记录</DESCRIPT>
    </SEOCOMPOTX>
    <SEOCOMPOTX>
     <CLSNAME>ZCL_TR_3024_GUI</CLSNAME>
     <CMPNAME>MAPPING_BY_ATUO</CMPNAME>
     <LANGU>1</LANGU>
     <DESCRIPT>对账平台过账后的自动对账</DESCRIPT>
    </SEOCOMPOTX>
    <SEOCOMPOTX>
     <CLSNAME>ZCL_TR_3024_GUI</CLSNAME>
     <CMPNAME>MAPPING_BY_MANUAL</CMPNAME>
     <LANGU>1</LANGU>
     <DESCRIPT>对账平台手工对账</DESCRIPT>
    </SEOCOMPOTX>
    <SEOCOMPOTX>
     <CLSNAME>ZCL_TR_3024_GUI</CLSNAME>
     <CMPNAME>MAPPING_BY_REF</CMPNAME>
     <LANGU>1</LANGU>
     <DESCRIPT>外部单据号匹配</DESCRIPT>
    </SEOCOMPOTX>
    <SEOCOMPOTX>
     <CLSNAME>ZCL_TR_3024_GUI</CLSNAME>
     <CMPNAME>MAPPING_UNMAPPING_LOG</CMPNAME>
     <LANGU>1</LANGU>
     <DESCRIPT>对账平台对账日志记录-新增附加表</DESCRIPT>
    </SEOCOMPOTX>
    <SEOCOMPOTX>
     <CLSNAME>ZCL_TR_3024_GUI</CLSNAME>
     <CMPNAME>QUERY_34</CMPNAME>
     <LANGU>1</LANGU>
     <DESCRIPT>资金集中管理-付款查询</DESCRIPT>
    </SEOCOMPOTX>
    <SEOCOMPOTX>
     <CLSNAME>ZCL_TR_3024_GUI</CLSNAME>
     <CMPNAME>QUERY_ZZ</CMPNAME>
     <LANGU>1</LANGU>
     <DESCRIPT>无法分发查询</DESCRIPT>
    </SEOCOMPOTX>
    <SEOCOMPOTX>
     <CLSNAME>ZCL_TR_3024_GUI</CLSNAME>
     <CMPNAME>QUREY_21</CMPNAME>
     <LANGU>1</LANGU>
     <DESCRIPT>保证金退款单查询</DESCRIPT>
    </SEOCOMPOTX>
    <SEOCOMPOTX>
     <CLSNAME>ZCL_TR_3024_GUI</CLSNAME>
     <CMPNAME>QUREY_22</CMPNAME>
     <LANGU>1</LANGU>
     <DESCRIPT>供应商收款查询</DESCRIPT>
    </SEOCOMPOTX>
    <SEOCOMPOTX>
     <CLSNAME>ZCL_TR_3024_GUI</CLSNAME>
     <CMPNAME>QUREY_23</CMPNAME>
     <LANGU>1</LANGU>
     <DESCRIPT>客户收款查询</DESCRIPT>
    </SEOCOMPOTX>
    <SEOCOMPOTX>
     <CLSNAME>ZCL_TR_3024_GUI</CLSNAME>
     <CMPNAME>QUREY_24</CMPNAME>
     <LANGU>1</LANGU>
     <DESCRIPT>非营业收款查询</DESCRIPT>
    </SEOCOMPOTX>
    <SEOCOMPOTX>
     <CLSNAME>ZCL_TR_3024_GUI</CLSNAME>
     <CMPNAME>QUREY_25</CMPNAME>
     <LANGU>1</LANGU>
     <DESCRIPT>客诉理赔收款查询</DESCRIPT>
    </SEOCOMPOTX>
    <SEOCOMPOTX>
     <CLSNAME>ZCL_TR_3024_GUI</CLSNAME>
     <CMPNAME>QUREY_26</CMPNAME>
     <LANGU>1</LANGU>
     <DESCRIPT>票据贴现</DESCRIPT>
    </SEOCOMPOTX>
    <SEOCOMPOTX>
     <CLSNAME>ZCL_TR_3024_GUI</CLSNAME>
     <CMPNAME>QUREY_27</CMPNAME>
     <LANGU>1</LANGU>
     <DESCRIPT>票据托收</DESCRIPT>
    </SEOCOMPOTX>
    <SEOCOMPOTX>
     <CLSNAME>ZCL_TR_3024_GUI</CLSNAME>
     <CMPNAME>QUREY_28</CMPNAME>
     <LANGU>1</LANGU>
     <DESCRIPT>投标保证金</DESCRIPT>
    </SEOCOMPOTX>
    <SEOCOMPOTX>
     <CLSNAME>ZCL_TR_3024_GUI</CLSNAME>
     <CMPNAME>QUREY_31</CMPNAME>
     <LANGU>1</LANGU>
     <DESCRIPT>保证金支付单查询</DESCRIPT>
    </SEOCOMPOTX>
    <SEOCOMPOTX>
     <CLSNAME>ZCL_TR_3024_GUI</CLSNAME>
     <CMPNAME>QUREY_32</CMPNAME>
     <LANGU>1</LANGU>
     <DESCRIPT>供应商付款查询</DESCRIPT>
    </SEOCOMPOTX>
    <SEOCOMPOTX>
     <CLSNAME>ZCL_TR_3024_GUI</CLSNAME>
     <CMPNAME>QUREY_33</CMPNAME>
     <LANGU>1</LANGU>
     <DESCRIPT>客户付款查询</DESCRIPT>
    </SEOCOMPOTX>
    <SEOCOMPOTX>
     <CLSNAME>ZCL_TR_3024_GUI</CLSNAME>
     <CMPNAME>QUREY_35</CMPNAME>
     <LANGU>1</LANGU>
     <DESCRIPT>汇票兑付查询</DESCRIPT>
    </SEOCOMPOTX>
    <SEOCOMPOTX>
     <CLSNAME>ZCL_TR_3024_GUI</CLSNAME>
     <CMPNAME>QUREY_36</CMPNAME>
     <LANGU>1</LANGU>
     <DESCRIPT>票据回购</DESCRIPT>
    </SEOCOMPOTX>
    <SEOCOMPOTX>
     <CLSNAME>ZCL_TR_3024_GUI</CLSNAME>
     <CMPNAME>QUREY_40</CMPNAME>
     <LANGU>1</LANGU>
     <DESCRIPT>开立信用证兑付单查询</DESCRIPT>
    </SEOCOMPOTX>
    <SEOCOMPOTX>
     <CLSNAME>ZCL_TR_3024_GUI</CLSNAME>
     <CMPNAME>QUREY_41</CMPNAME>
     <LANGU>1</LANGU>
     <DESCRIPT>接收信用证融资查询</DESCRIPT>
    </SEOCOMPOTX>
    <SEOCOMPOTX>
     <CLSNAME>ZCL_TR_3024_GUI</CLSNAME>
     <CMPNAME>QUREY_42</CMPNAME>
     <LANGU>1</LANGU>
     <DESCRIPT>接收信用证兑付查询</DESCRIPT>
    </SEOCOMPOTX>
    <SEOCOMPOTX>
     <CLSNAME>ZCL_TR_3024_GUI</CLSNAME>
     <CMPNAME>SET_REF2_BY_REF</CMPNAME>
     <LANGU>1</LANGU>
     <DESCRIPT>更新票据关联流水号</DESCRIPT>
    </SEOCOMPOTX>
    <SEOCOMPOTX>
     <CLSNAME>ZCL_TR_3024_GUI</CLSNAME>
     <CMPNAME>UNAGN_REF</CMPNAME>
     <LANGU>1</LANGU>
     <DESCRIPT>取消记录外部单据号</DESCRIPT>
    </SEOCOMPOTX>
    <SEOCOMPOTX>
     <CLSNAME>ZCL_TR_3024_GUI</CLSNAME>
     <CMPNAME>UNAGN_REF_DRAFT</CMPNAME>
     <LANGU>1</LANGU>
     <DESCRIPT>取消汇票-台账关联信息</DESCRIPT>
    </SEOCOMPOTX>
    <SEOCOMPOTX>
     <CLSNAME>ZCL_TR_3024_GUI</CLSNAME>
     <CMPNAME>UNLOCK_1</CMPNAME>
     <LANGU>1</LANGU>
     <DESCRIPT>解锁银企直连记录</DESCRIPT>
    </SEOCOMPOTX>
    <SEOCOMPOTX>
     <CLSNAME>ZCL_TR_3024_GUI</CLSNAME>
     <CMPNAME>UNLOCK_2</CMPNAME>
     <LANGU>1</LANGU>
     <DESCRIPT>解锁网银记录</DESCRIPT>
    </SEOCOMPOTX>
    <SEOCOMPOTX>
     <CLSNAME>ZCL_TR_3024_GUI</CLSNAME>
     <CMPNAME>UNMAPPING_BY_ATUO</CMPNAME>
     <LANGU>1</LANGU>
     <DESCRIPT>对账平台过账后的自动对账</DESCRIPT>
    </SEOCOMPOTX>
    <SEOCOMPOTX>
     <CLSNAME>ZCL_TR_3024_GUI</CLSNAME>
     <CMPNAME>UNMAPPING_BY_MANUAL</CMPNAME>
     <LANGU>1</LANGU>
     <DESCRIPT>对账平台手工对账取消</DESCRIPT>
    </SEOCOMPOTX>
    <SEOCOMPOTX>
     <CLSNAME>ZCL_TR_3024_GUI</CLSNAME>
     <CMPNAME>UNMAPPING_BY_REF</CMPNAME>
     <LANGU>1</LANGU>
     <DESCRIPT>取消外部单据号匹配</DESCRIPT>
    </SEOCOMPOTX>
   </DESCRIPTIONS>
  </asx:values>
 </asx:abap>
</abapGit>
