﻿<?xml version="1.0" encoding="utf-8"?>
<abapGit version="v1.0.0" serializer="LCL_OBJECT_CLAS" serializer_version="v1.0.0">
 <asx:abap xmlns:asx="http://www.sap.com/abapxml" version="1.0">
  <asx:values>
   <VSEOCLASS>
    <CLSNAME>ZCL_TR_VAR</CLSNAME>
    <VERSION>1</VERSION>
    <LANGU>1</LANGU>
    <DESCRIPT>资金计划部分固定变量的赋值</DESCRIPT>
    <STATE>1</STATE>
    <CLSCCINCL>X</CLSCCINCL>
    <FIXPT>X</FIXPT>
    <UNICODE>X</UNICODE>
   </VSEOCLASS>
   <DESCRIPTIONS>
    <SEOCOMPOTX>
     <CLSNAME>ZCL_TR_VAR</CLSNAME>
     <CMPNAME>MV_PRD</CMPNAME>
     <LANGU>1</LANGU>
     <DESCRIPT>字符字段长度 1</DESCRIPT>
    </SEOCOMPOTX>
    <SEOCOMPOTX>
     <CLSNAME>ZCL_TR_VAR</CLSNAME>
     <CMPNAME>ZVAR001</CMPNAME>
     <LANGU>1</LANGU>
     <DESCRIPT>能创建支付单的周资金计划状态</DESCRIPT>
    </SEOCOMPOTX>
    <SEOCOMPOTX>
     <CLSNAME>ZCL_TR_VAR</CLSNAME>
     <CMPNAME>ZVAR002</CMPNAME>
     <LANGU>1</LANGU>
     <DESCRIPT>周资金计划创建支付单的时效性检查</DESCRIPT>
    </SEOCOMPOTX>
    <SEOCOMPOTX>
     <CLSNAME>ZCL_TR_VAR</CLSNAME>
     <CMPNAME>ZVAR003</CMPNAME>
     <LANGU>1</LANGU>
     <DESCRIPT>周资金计划提交审批检查月资金计划</DESCRIPT>
    </SEOCOMPOTX>
   </DESCRIPTIONS>
  </asx:values>
 </asx:abap>
</abapGit>
