﻿<?xml version="1.0" encoding="utf-8"?>
<abapGit version="v1.0.0" serializer="LCL_OBJECT_CLAS" serializer_version="v1.0.0">
 <asx:abap xmlns:asx="http://www.sap.com/abapxml" version="1.0">
  <asx:values>
   <VSEOCLASS>
    <CLSNAME>ZCL_TR_CAPITAL_PLATFORM_DOCX</CLSNAME>
    <VERSION>1</VERSION>
    <LANGU>1</LANGU>
    <DESCRIPT>资金集中管理平台单据-TT划转单</DESCRIPT>
    <STATE>1</STATE>
    <CLSCCINCL>X</CLSCCINCL>
    <FIXPT>X</FIXPT>
    <UNICODE>X</UNICODE>
    <RSTAT>K</RSTAT>
    <MSG_ID>ZTR04</MSG_ID>
   </VSEOCLASS>
   <DESCRIPTIONS>
    <SEOCOMPOTX>
     <CLSNAME>ZCL_TR_CAPITAL_PLATFORM_DOCX</CLSNAME>
     <CMPNAME>ACCOUNT_USAGE_IS_PAYEE</CMPNAME>
     <LANGU>1</LANGU>
     <DESCRIPT>账户用途</DESCRIPT>
    </SEOCOMPOTX>
    <SEOCOMPOTX>
     <CLSNAME>ZCL_TR_CAPITAL_PLATFORM_DOCX</CLSNAME>
     <CMPNAME>ACCOUNT_USAGE_IS_PAYER</CMPNAME>
     <LANGU>1</LANGU>
     <DESCRIPT>账户用途</DESCRIPT>
    </SEOCOMPOTX>
    <SEOCOMPOTX>
     <CLSNAME>ZCL_TR_CAPITAL_PLATFORM_DOCX</CLSNAME>
     <CMPNAME>BANK_ACCOUNT_CONFIG</CMPNAME>
     <LANGU>1</LANGU>
     <DESCRIPT>Table type of ZTRT0189_3</DESCRIPT>
    </SEOCOMPOTX>
    <SEOCOMPOTX>
     <CLSNAME>ZCL_TR_CAPITAL_PLATFORM_DOCX</CLSNAME>
     <CMPNAME>BANK_ACCOUNT_USAGE</CMPNAME>
     <LANGU>1</LANGU>
     <DESCRIPT>账户用途</DESCRIPT>
    </SEOCOMPOTX>
    <SEOCOMPOTX>
     <CLSNAME>ZCL_TR_CAPITAL_PLATFORM_DOCX</CLSNAME>
     <CMPNAME>BANK_ACCOUNT_USAGE_TEXT</CMPNAME>
     <LANGU>1</LANGU>
     <DESCRIPT>固定值的短文本</DESCRIPT>
    </SEOCOMPOTX>
    <SEOCOMPOTX>
     <CLSNAME>ZCL_TR_CAPITAL_PLATFORM_DOCX</CLSNAME>
     <CMPNAME>PAYMENT_METHOD_IS_BANK_INTF</CMPNAME>
     <LANGU>1</LANGU>
     <DESCRIPT>支付方式</DESCRIPT>
    </SEOCOMPOTX>
    <SEOCOMPOTX>
     <CLSNAME>ZCL_TR_CAPITAL_PLATFORM_DOCX</CLSNAME>
     <CMPNAME>ROUTINE_CONFIG</CMPNAME>
     <LANGU>1</LANGU>
     <DESCRIPT>Table Type of ZTRT0189_1</DESCRIPT>
    </SEOCOMPOTX>
    <SEOCOMPOTX>
     <CLSNAME>ZCL_TR_CAPITAL_PLATFORM_DOCX</CLSNAME>
     <CMPNAME>SALES_RATIO_CONFIG</CMPNAME>
     <LANGU>1</LANGU>
     <DESCRIPT>Table Type of ZTRT0189_2</DESCRIPT>
    </SEOCOMPOTX>
    <SEOCOMPOTX>
     <CLSNAME>ZCL_TR_CAPITAL_PLATFORM_DOCX</CLSNAME>
     <CMPNAME>SALES_RATIO_CONFIG_GJAHR</CMPNAME>
     <LANGU>1</LANGU>
     <DESCRIPT>财年</DESCRIPT>
    </SEOCOMPOTX>
    <SEOCOMPOTX>
     <CLSNAME>ZCL_TR_CAPITAL_PLATFORM_DOCX</CLSNAME>
     <CMPNAME>SALES_RATIO_CONFIG_MONAT</CMPNAME>
     <LANGU>1</LANGU>
     <DESCRIPT>期间</DESCRIPT>
    </SEOCOMPOTX>
    <SEOCOMPOTX>
     <CLSNAME>ZCL_TR_CAPITAL_PLATFORM_DOCX</CLSNAME>
     <CMPNAME>USED_ROUTINE_CONFIG_VERSION</CMPNAME>
     <LANGU>1</LANGU>
     <DESCRIPT>版本</DESCRIPT>
    </SEOCOMPOTX>
   </DESCRIPTIONS>
  </asx:values>
 </asx:abap>
</abapGit>
