﻿<?xml version="1.0" encoding="utf-8"?>
<abapGit version="v1.0.0" serializer="LCL_OBJECT_CLAS" serializer_version="v1.0.0">
 <asx:abap xmlns:asx="http://www.sap.com/abapxml" version="1.0">
  <asx:values>
   <VSEOCLASS>
    <CLSNAME>ZCL_CAPTICAL_ENCRYPTOR</CLSNAME>
    <VERSION>1</VERSION>
    <LANGU>1</LANGU>
    <DESCRIPT>资金系统加密器</DESCRIPT>
    <STATE>1</STATE>
    <CLSCCINCL>X</CLSCCINCL>
    <FIXPT>X</FIXPT>
    <UNICODE>X</UNICODE>
    <RSTAT>K</RSTAT>
    <MSG_ID>ZTR_BANK_APPLICATION</MSG_ID>
   </VSEOCLASS>
   <DESCRIPTIONS>
    <SEOCOMPOTX>
     <CLSNAME>ZCL_CAPTICAL_ENCRYPTOR</CLSNAME>
     <CMPNAME>ACTIVATION_RESULT_ACTIVE</CMPNAME>
     <LANGU>1</LANGU>
     <DESCRIPT>字符字段长度 1</DESCRIPT>
    </SEOCOMPOTX>
    <SEOCOMPOTX>
     <CLSNAME>ZCL_CAPTICAL_ENCRYPTOR</CLSNAME>
     <CMPNAME>ACTIVATION_RESULT_ERROR</CMPNAME>
     <LANGU>1</LANGU>
     <DESCRIPT>字符字段长度 1</DESCRIPT>
    </SEOCOMPOTX>
    <SEOCOMPOTX>
     <CLSNAME>ZCL_CAPTICAL_ENCRYPTOR</CLSNAME>
     <CMPNAME>ACTIVATION_RESULT_NOT_ACTIVE</CMPNAME>
     <LANGU>1</LANGU>
     <DESCRIPT>字符字段长度 1</DESCRIPT>
    </SEOCOMPOTX>
    <SEOCOMPOTX>
     <CLSNAME>ZCL_CAPTICAL_ENCRYPTOR</CLSNAME>
     <CMPNAME>ALL_USER</CMPNAME>
     <LANGU>1</LANGU>
     <DESCRIPT>加密用户</DESCRIPT>
    </SEOCOMPOTX>
    <SEOCOMPOTX>
     <CLSNAME>ZCL_CAPTICAL_ENCRYPTOR</CLSNAME>
     <CMPNAME>BY_USER</CMPNAME>
     <LANGU>1</LANGU>
     <DESCRIPT>加密用户</DESCRIPT>
    </SEOCOMPOTX>
    <SEOCOMPOTX>
     <CLSNAME>ZCL_CAPTICAL_ENCRYPTOR</CLSNAME>
     <CMPNAME>CLASS_CONSTRUCTOR</CMPNAME>
     <LANGU>1</LANGU>
     <DESCRIPT>CLASS_CONSTRUCTOR</DESCRIPT>
    </SEOCOMPOTX>
    <SEOCOMPOTX>
     <CLSNAME>ZCL_CAPTICAL_ENCRYPTOR</CLSNAME>
     <CMPNAME>CONSTRUCTOR</CMPNAME>
     <LANGU>1</LANGU>
     <DESCRIPT>CONSTRUCTOR</DESCRIPT>
    </SEOCOMPOTX>
    <SEOCOMPOTX>
     <CLSNAME>ZCL_CAPTICAL_ENCRYPTOR</CLSNAME>
     <CMPNAME>CURRENT_DEVELOPE_ITEM</CMPNAME>
     <LANGU>1</LANGU>
     <DESCRIPT>SSF项目</DESCRIPT>
    </SEOCOMPOTX>
    <SEOCOMPOTX>
     <CLSNAME>ZCL_CAPTICAL_ENCRYPTOR</CLSNAME>
     <CMPNAME>CURRENT_ENVELOPE_ITEM</CMPNAME>
     <LANGU>1</LANGU>
     <DESCRIPT>SSF项目</DESCRIPT>
    </SEOCOMPOTX>
    <SEOCOMPOTX>
     <CLSNAME>ZCL_CAPTICAL_ENCRYPTOR</CLSNAME>
     <CMPNAME>CURRENT_SIGN_ITEM</CMPNAME>
     <LANGU>1</LANGU>
     <DESCRIPT>SSF项目</DESCRIPT>
    </SEOCOMPOTX>
    <SEOCOMPOTX>
     <CLSNAME>ZCL_CAPTICAL_ENCRYPTOR</CLSNAME>
     <CMPNAME>CURRENT_UTF8_ITEM</CMPNAME>
     <LANGU>1</LANGU>
     <DESCRIPT>SSF项目</DESCRIPT>
    </SEOCOMPOTX>
    <SEOCOMPOTX>
     <CLSNAME>ZCL_CAPTICAL_ENCRYPTOR</CLSNAME>
     <CMPNAME>CURRENT_VERIFY_4_ENVELOPE_ITEM</CMPNAME>
     <LANGU>1</LANGU>
     <DESCRIPT>SSF项目</DESCRIPT>
    </SEOCOMPOTX>
    <SEOCOMPOTX>
     <CLSNAME>ZCL_CAPTICAL_ENCRYPTOR</CLSNAME>
     <CMPNAME>CURRENT_VERIFY_4_SIGN_ITEM</CMPNAME>
     <LANGU>1</LANGU>
     <DESCRIPT>SSF项目</DESCRIPT>
    </SEOCOMPOTX>
    <SEOCOMPOTX>
     <CLSNAME>ZCL_CAPTICAL_ENCRYPTOR</CLSNAME>
     <CMPNAME>ENCRIPTED_DATA</CMPNAME>
     <LANGU>1</LANGU>
     <DESCRIPT>加密的字段数据</DESCRIPT>
    </SEOCOMPOTX>
    <SEOCOMPOTX>
     <CLSNAME>ZCL_CAPTICAL_ENCRYPTOR</CLSNAME>
     <CMPNAME>ENCRIPTED_DATA_LENGTH</CMPNAME>
     <LANGU>1</LANGU>
     <DESCRIPT>Table Type of ZTRS_ENCRYPT_LENGTH</DESCRIPT>
    </SEOCOMPOTX>
    <SEOCOMPOTX>
     <CLSNAME>ZCL_CAPTICAL_ENCRYPTOR</CLSNAME>
     <CMPNAME>ENCRYPTOR_UUID</CMPNAME>
     <LANGU>1</LANGU>
     <DESCRIPT>加密的UUID</DESCRIPT>
    </SEOCOMPOTX>
    <SEOCOMPOTX>
     <CLSNAME>ZCL_CAPTICAL_ENCRYPTOR</CLSNAME>
     <CMPNAME>EXTERNAL_SOURCE_DATA</CMPNAME>
     <LANGU>1</LANGU>
     <DESCRIPT>外来需要加密的数据</DESCRIPT>
    </SEOCOMPOTX>
    <SEOCOMPOTX>
     <CLSNAME>ZCL_CAPTICAL_ENCRYPTOR</CLSNAME>
     <CMPNAME>FROM_WEBDYNPRO</CMPNAME>
     <LANGU>1</LANGU>
     <DESCRIPT>一般标记</DESCRIPT>
    </SEOCOMPOTX>
    <SEOCOMPOTX>
     <CLSNAME>ZCL_CAPTICAL_ENCRYPTOR</CLSNAME>
     <CMPNAME>INTERNAL_DESCRYPTED_DATA</CMPNAME>
     <LANGU>1</LANGU>
     <DESCRIPT>内部解密后的数据</DESCRIPT>
    </SEOCOMPOTX>
    <SEOCOMPOTX>
     <CLSNAME>ZCL_CAPTICAL_ENCRYPTOR</CLSNAME>
     <CMPNAME>METHOD</CMPNAME>
     <LANGU>1</LANGU>
     <DESCRIPT>字符字段长度 = 10</DESCRIPT>
    </SEOCOMPOTX>
    <SEOCOMPOTX>
     <CLSNAME>ZCL_CAPTICAL_ENCRYPTOR</CLSNAME>
     <CMPNAME>METHOD_IS_COMPARISION</CMPNAME>
     <LANGU>1</LANGU>
     <DESCRIPT>字符字段长度 = 10</DESCRIPT>
    </SEOCOMPOTX>
    <SEOCOMPOTX>
     <CLSNAME>ZCL_CAPTICAL_ENCRYPTOR</CLSNAME>
     <CMPNAME>METHOD_IS_DECRYPTION</CMPNAME>
     <LANGU>1</LANGU>
     <DESCRIPT>字符字段长度 = 10</DESCRIPT>
    </SEOCOMPOTX>
    <SEOCOMPOTX>
     <CLSNAME>ZCL_CAPTICAL_ENCRYPTOR</CLSNAME>
     <CMPNAME>METHOD_IS_ENCRYPTION</CMPNAME>
     <LANGU>1</LANGU>
     <DESCRIPT>字符字段长度 = 10</DESCRIPT>
    </SEOCOMPOTX>
    <SEOCOMPOTX>
     <CLSNAME>ZCL_CAPTICAL_ENCRYPTOR</CLSNAME>
     <CMPNAME>OBJECT_CODE</CMPNAME>
     <LANGU>1</LANGU>
     <DESCRIPT>加密的业务对象号码</DESCRIPT>
    </SEOCOMPOTX>
    <SEOCOMPOTX>
     <CLSNAME>ZCL_CAPTICAL_ENCRYPTOR</CLSNAME>
     <CMPNAME>OBJECT_TYPE</CMPNAME>
     <LANGU>1</LANGU>
     <DESCRIPT>加密的业务对象类型</DESCRIPT>
    </SEOCOMPOTX>
    <SEOCOMPOTX>
     <CLSNAME>ZCL_CAPTICAL_ENCRYPTOR</CLSNAME>
     <CMPNAME>OBJECT_TYPE_IS_PAYMORD</CMPNAME>
     <LANGU>1</LANGU>
     <DESCRIPT>业务类型是支付单</DESCRIPT>
    </SEOCOMPOTX>
    <SEOCOMPOTX>
     <CLSNAME>ZCL_CAPTICAL_ENCRYPTOR</CLSNAME>
     <CMPNAME>OBJECT_TYPE_IS_PAYMORD_P004</CMPNAME>
     <LANGU>1</LANGU>
     <DESCRIPT>业务类型是支付单(保证金)</DESCRIPT>
    </SEOCOMPOTX>
    <SEOCOMPOTX>
     <CLSNAME>ZCL_CAPTICAL_ENCRYPTOR</CLSNAME>
     <CMPNAME>SKIP</CMPNAME>
     <LANGU>1</LANGU>
     <DESCRIPT>字符字段长度 1</DESCRIPT>
    </SEOCOMPOTX>
    <SEOCOMPOTX>
     <CLSNAME>ZCL_CAPTICAL_ENCRYPTOR</CLSNAME>
     <CMPNAME>SSF_PARAMETERS</CMPNAME>
     <LANGU>1</LANGU>
     <DESCRIPT>SSF 参数</DESCRIPT>
    </SEOCOMPOTX>
    <SEOCOMPOTX>
     <CLSNAME>ZCL_CAPTICAL_ENCRYPTOR</CLSNAME>
     <CMPNAME>SSF_TYPE_IS_DEVELOPE</CMPNAME>
     <LANGU>1</LANGU>
     <DESCRIPT>SSF类型</DESCRIPT>
    </SEOCOMPOTX>
    <SEOCOMPOTX>
     <CLSNAME>ZCL_CAPTICAL_ENCRYPTOR</CLSNAME>
     <CMPNAME>SSF_TYPE_IS_ENVELOPE</CMPNAME>
     <LANGU>1</LANGU>
     <DESCRIPT>SSF类型</DESCRIPT>
    </SEOCOMPOTX>
    <SEOCOMPOTX>
     <CLSNAME>ZCL_CAPTICAL_ENCRYPTOR</CLSNAME>
     <CMPNAME>SSF_TYPE_IS_KRN_ENVELOPE</CMPNAME>
     <LANGU>1</LANGU>
     <DESCRIPT>SSF类型</DESCRIPT>
    </SEOCOMPOTX>
    <SEOCOMPOTX>
     <CLSNAME>ZCL_CAPTICAL_ENCRYPTOR</CLSNAME>
     <CMPNAME>SSF_TYPE_IS_KRN_SIGN</CMPNAME>
     <LANGU>1</LANGU>
     <DESCRIPT>SSF类型</DESCRIPT>
    </SEOCOMPOTX>
    <SEOCOMPOTX>
     <CLSNAME>ZCL_CAPTICAL_ENCRYPTOR</CLSNAME>
     <CMPNAME>SSF_TYPE_IS_KRN_VERIFY_4_ENV</CMPNAME>
     <LANGU>1</LANGU>
     <DESCRIPT>SSF类型</DESCRIPT>
    </SEOCOMPOTX>
    <SEOCOMPOTX>
     <CLSNAME>ZCL_CAPTICAL_ENCRYPTOR</CLSNAME>
     <CMPNAME>SSF_TYPE_IS_KRN_VERIFY_4_SIGN</CMPNAME>
     <LANGU>1</LANGU>
     <DESCRIPT>SSF类型</DESCRIPT>
    </SEOCOMPOTX>
    <SEOCOMPOTX>
     <CLSNAME>ZCL_CAPTICAL_ENCRYPTOR</CLSNAME>
     <CMPNAME>SSF_TYPE_IS_SIGN</CMPNAME>
     <LANGU>1</LANGU>
     <DESCRIPT>SSF类型</DESCRIPT>
    </SEOCOMPOTX>
    <SEOCOMPOTX>
     <CLSNAME>ZCL_CAPTICAL_ENCRYPTOR</CLSNAME>
     <CMPNAME>SSF_TYPE_IS_UTF8</CMPNAME>
     <LANGU>1</LANGU>
     <DESCRIPT>SSF类型</DESCRIPT>
    </SEOCOMPOTX>
    <SEOCOMPOTX>
     <CLSNAME>ZCL_CAPTICAL_ENCRYPTOR</CLSNAME>
     <CMPNAME>SSF_TYPE_IS_VERIFY_4_ENVELOPE</CMPNAME>
     <LANGU>1</LANGU>
     <DESCRIPT>SSF类型</DESCRIPT>
    </SEOCOMPOTX>
    <SEOCOMPOTX>
     <CLSNAME>ZCL_CAPTICAL_ENCRYPTOR</CLSNAME>
     <CMPNAME>SSF_TYPE_IS_VERIFY_4_SIGN</CMPNAME>
     <LANGU>1</LANGU>
     <DESCRIPT>SSF类型</DESCRIPT>
    </SEOCOMPOTX>
   </DESCRIPTIONS>
  </asx:values>
 </asx:abap>
</abapGit>
