﻿<?xml version="1.0" encoding="utf-8"?>
<abapGit version="v1.0.0" serializer="LCL_OBJECT_CLAS" serializer_version="v1.0.0">
 <asx:abap xmlns:asx="http://www.sap.com/abapxml" version="1.0">
  <asx:values>
   <VSEOCLASS>
    <CLSNAME>ZCL_WD_TR_4004</CLSNAME>
    <VERSION>1</VERSION>
    <LANGU>1</LANGU>
    <DESCRIPT>开立内保外贷申请单</DESCRIPT>
    <STATE>1</STATE>
    <CLSCCINCL>X</CLSCCINCL>
    <FIXPT>X</FIXPT>
    <UNICODE>X</UNICODE>
   </VSEOCLASS>
   <TPOOL>
    <item>
     <ID>I</ID>
     <KEY>001</KEY>
     <ENTRY>内保外贷申请单号</ENTRY>
     <LENGTH>17</LENGTH>
    </item>
    <item>
     <ID>I</ID>
     <KEY>002</KEY>
     <ENTRY>申请人</ENTRY>
     <LENGTH>13</LENGTH>
    </item>
    <item>
     <ID>I</ID>
     <KEY>003</KEY>
     <ENTRY>申请日期</ENTRY>
     <LENGTH>14</LENGTH>
    </item>
    <item>
     <ID>I</ID>
     <KEY>004</KEY>
     <ENTRY>单据状态</ENTRY>
     <LENGTH>20</LENGTH>
    </item>
    <item>
     <ID>I</ID>
     <KEY>005</KEY>
     <ENTRY>境内企业</ENTRY>
     <LENGTH>14</LENGTH>
    </item>
    <item>
     <ID>I</ID>
     <KEY>006</KEY>
     <ENTRY>境外企业</ENTRY>
     <LENGTH>14</LENGTH>
    </item>
    <item>
     <ID>I</ID>
     <KEY>007</KEY>
     <ENTRY>内部融资台账编号</ENTRY>
     <LENGTH>18</LENGTH>
    </item>
    <item>
     <ID>I</ID>
     <KEY>008</KEY>
     <ENTRY>融资机构(境内银行)</ENTRY>
     <LENGTH>20</LENGTH>
    </item>
    <item>
     <ID>I</ID>
     <KEY>009</KEY>
     <ENTRY>融资机构(境外银行)</ENTRY>
     <LENGTH>20</LENGTH>
    </item>
    <item>
     <ID>I</ID>
     <KEY>010</KEY>
     <ENTRY>融资期限</ENTRY>
     <LENGTH>14</LENGTH>
    </item>
    <item>
     <ID>I</ID>
     <KEY>011</KEY>
     <ENTRY>预计达成日期</ENTRY>
     <LENGTH>16</LENGTH>
    </item>
    <item>
     <ID>I</ID>
     <KEY>012</KEY>
     <ENTRY>申请额度</ENTRY>
     <LENGTH>14</LENGTH>
    </item>
    <item>
     <ID>I</ID>
     <KEY>013</KEY>
     <ENTRY>货币码</ENTRY>
     <LENGTH>13</LENGTH>
    </item>
    <item>
     <ID>I</ID>
     <KEY>014</KEY>
     <ENTRY>境内企业名称</ENTRY>
     <LENGTH>16</LENGTH>
    </item>
    <item>
     <ID>I</ID>
     <KEY>015</KEY>
     <ENTRY>境外企业名称</ENTRY>
     <LENGTH>16</LENGTH>
    </item>
    <item>
     <ID>I</ID>
     <KEY>016</KEY>
     <ENTRY>融资机构名称(境内银行)</ENTRY>
     <LENGTH>22</LENGTH>
    </item>
    <item>
     <ID>I</ID>
     <KEY>017</KEY>
     <ENTRY>融资机构名称(境外银行)</ENTRY>
     <LENGTH>22</LENGTH>
    </item>
    <item>
     <ID>I</ID>
     <KEY>018</KEY>
     <ENTRY>创建开立保函申请单</ENTRY>
     <LENGTH>21</LENGTH>
    </item>
    <item>
     <ID>I</ID>
     <KEY>019</KEY>
     <ENTRY>新增</ENTRY>
     <LENGTH>12</LENGTH>
    </item>
    <item>
     <ID>I</ID>
     <KEY>020</KEY>
     <ENTRY>删除</ENTRY>
     <LENGTH>12</LENGTH>
    </item>
    <item>
     <ID>I</ID>
     <KEY>021</KEY>
     <ENTRY>提取间融费用</ENTRY>
     <LENGTH>18</LENGTH>
    </item>
    <item>
     <ID>I</ID>
     <KEY>022</KEY>
     <ENTRY>确认贷款办理成功将生成内保外贷台账，确认执行吗？</ENTRY>
     <LENGTH>48</LENGTH>
    </item>
    <item>
     <ID>I</ID>
     <KEY>023</KEY>
     <ENTRY>确认贷款办理成功</ENTRY>
     <LENGTH>18</LENGTH>
    </item>
    <item>
     <ID>I</ID>
     <KEY>024</KEY>
     <ENTRY>是否确定业务终止？</ENTRY>
     <LENGTH>19</LENGTH>
    </item>
    <item>
     <ID>I</ID>
     <KEY>025</KEY>
     <ENTRY>业务终止</ENTRY>
     <LENGTH>14</LENGTH>
    </item>
    <item>
     <ID>I</ID>
     <KEY>026</KEY>
     <ENTRY>确定要发送保函确认吗？</ENTRY>
     <LENGTH>21</LENGTH>
    </item>
    <item>
     <ID>I</ID>
     <KEY>027</KEY>
     <ENTRY>发送保函确认</ENTRY>
     <LENGTH>16</LENGTH>
    </item>
    <item>
     <ID>I</ID>
     <KEY>028</KEY>
     <ENTRY>融资机构名称</ENTRY>
     <LENGTH>14</LENGTH>
    </item>
    <item>
     <ID>I</ID>
     <KEY>029</KEY>
     <ENTRY>融资方式</ENTRY>
     <LENGTH>14</LENGTH>
    </item>
    <item>
     <ID>I</ID>
     <KEY>030</KEY>
     <ENTRY>额度类型</ENTRY>
     <LENGTH>14</LENGTH>
    </item>
    <item>
     <ID>I</ID>
     <KEY>100</KEY>
     <ENTRY>贷款合同号输入重复</ENTRY>
     <LENGTH>19</LENGTH>
    </item>
    <item>
     <ID>I</ID>
     <KEY>101</KEY>
     <ENTRY>输入的贷款合同号是主合同</ENTRY>
     <LENGTH>23</LENGTH>
    </item>
    <item>
     <ID>I</ID>
     <KEY>102</KEY>
     <ENTRY>贷款合同号输入重复,已关联其他申请单</ENTRY>
     <LENGTH>28</LENGTH>
    </item>
   </TPOOL>
   <DESCRIPTIONS>
    <SEOCOMPOTX>
     <CLSNAME>ZCL_WD_TR_4004</CLSNAME>
     <CMPNAME>DEQUEUE_TABLE</CMPNAME>
     <LANGU>1</LANGU>
     <DESCRIPT>解锁</DESCRIPT>
    </SEOCOMPOTX>
    <SEOCOMPOTX>
     <CLSNAME>ZCL_WD_TR_4004</CLSNAME>
     <CMPNAME>ENQUEUE_TABLE</CMPNAME>
     <LANGU>1</LANGU>
     <DESCRIPT>锁表</DESCRIPT>
    </SEOCOMPOTX>
    <SEOCOMPOTX>
     <CLSNAME>ZCL_WD_TR_4004</CLSNAME>
     <CMPNAME>GC_STATUS_APPROVED</CMPNAME>
     <LANGU>1</LANGU>
     <DESCRIPT>开立内保外贷申请状态-OA审批通过</DESCRIPT>
    </SEOCOMPOTX>
    <SEOCOMPOTX>
     <CLSNAME>ZCL_WD_TR_4004</CLSNAME>
     <CMPNAME>GC_STATUS_CANCLE</CMPNAME>
     <LANGU>1</LANGU>
     <DESCRIPT>开立内保外贷申请状态-业务终止</DESCRIPT>
    </SEOCOMPOTX>
    <SEOCOMPOTX>
     <CLSNAME>ZCL_WD_TR_4004</CLSNAME>
     <CMPNAME>GC_STATUS_LG_FAIL</CMPNAME>
     <LANGU>1</LANGU>
     <DESCRIPT>开立内保外贷申请状态-保函办理失败</DESCRIPT>
    </SEOCOMPOTX>
    <SEOCOMPOTX>
     <CLSNAME>ZCL_WD_TR_4004</CLSNAME>
     <CMPNAME>GC_STATUS_LG_SUCCESS</CMPNAME>
     <LANGU>1</LANGU>
     <DESCRIPT>开立内保外贷申请状态-确认发送保函</DESCRIPT>
    </SEOCOMPOTX>
    <SEOCOMPOTX>
     <CLSNAME>ZCL_WD_TR_4004</CLSNAME>
     <CMPNAME>GC_STATUS_LOAN_SUCCESS</CMPNAME>
     <LANGU>1</LANGU>
     <DESCRIPT>开立内保外贷申请状态-贷款办理成功</DESCRIPT>
    </SEOCOMPOTX>
    <SEOCOMPOTX>
     <CLSNAME>ZCL_WD_TR_4004</CLSNAME>
     <CMPNAME>GC_STATUS_REJECT</CMPNAME>
     <LANGU>1</LANGU>
     <DESCRIPT>开立内保外贷申请状态-OA审批拒绝</DESCRIPT>
    </SEOCOMPOTX>
    <SEOCOMPOTX>
     <CLSNAME>ZCL_WD_TR_4004</CLSNAME>
     <CMPNAME>GC_STATUS_RETURN</CMPNAME>
     <LANGU>1</LANGU>
     <DESCRIPT>开立内保外贷申请状态-OA审批退回</DESCRIPT>
    </SEOCOMPOTX>
    <SEOCOMPOTX>
     <CLSNAME>ZCL_WD_TR_4004</CLSNAME>
     <CMPNAME>GC_STATUS_SAVE</CMPNAME>
     <LANGU>1</LANGU>
     <DESCRIPT>开立内保外贷申请状态-保存</DESCRIPT>
    </SEOCOMPOTX>
    <SEOCOMPOTX>
     <CLSNAME>ZCL_WD_TR_4004</CLSNAME>
     <CMPNAME>GC_STATUS_UNDER_APPROVAL</CMPNAME>
     <LANGU>1</LANGU>
     <DESCRIPT>开立内保外贷申请状态-提交OA审批</DESCRIPT>
    </SEOCOMPOTX>
    <SEOCOMPOTX>
     <CLSNAME>ZCL_WD_TR_4004</CLSNAME>
     <CMPNAME>GS_T4006_01</CMPNAME>
     <LANGU>1</LANGU>
     <DESCRIPT>开立内保外贷申请单</DESCRIPT>
    </SEOCOMPOTX>
    <SEOCOMPOTX>
     <CLSNAME>ZCL_WD_TR_4004</CLSNAME>
     <CMPNAME>GT_EXPENSE_TYPE</CMPNAME>
     <LANGU>1</LANGU>
     <DESCRIPT>费用类型</DESCRIPT>
    </SEOCOMPOTX>
    <SEOCOMPOTX>
     <CLSNAME>ZCL_WD_TR_4004</CLSNAME>
     <CMPNAME>GT_FIN_SUB_CLASS</CMPNAME>
     <LANGU>1</LANGU>
     <DESCRIPT>融资细类</DESCRIPT>
    </SEOCOMPOTX>
    <SEOCOMPOTX>
     <CLSNAME>ZCL_WD_TR_4004</CLSNAME>
     <CMPNAME>GT_T056R</CMPNAME>
     <LANGU>1</LANGU>
     <DESCRIPT>利率参考</DESCRIPT>
    </SEOCOMPOTX>
    <SEOCOMPOTX>
     <CLSNAME>ZCL_WD_TR_4004</CLSNAME>
     <CMPNAME>GT_T4006_02</CMPNAME>
     <LANGU>1</LANGU>
     <DESCRIPT>开立内保外贷申请单-费用类型</DESCRIPT>
    </SEOCOMPOTX>
    <SEOCOMPOTX>
     <CLSNAME>ZCL_WD_TR_4004</CLSNAME>
     <CMPNAME>GT_T4006_03</CMPNAME>
     <LANGU>1</LANGU>
     <DESCRIPT>开立内保外贷申请单-贷款合同</DESCRIPT>
    </SEOCOMPOTX>
    <SEOCOMPOTX>
     <CLSNAME>ZCL_WD_TR_4004</CLSNAME>
     <CMPNAME>GT_TCURC</CMPNAME>
     <LANGU>1</LANGU>
     <DESCRIPT>货币码</DESCRIPT>
    </SEOCOMPOTX>
    <SEOCOMPOTX>
     <CLSNAME>ZCL_WD_TR_4004</CLSNAME>
     <CMPNAME>GT_ZFDZT_TEXT</CMPNAME>
     <LANGU>1</LANGU>
     <DESCRIPT>DOMAIN NAME</DESCRIPT>
    </SEOCOMPOTX>
    <SEOCOMPOTX>
     <CLSNAME>ZCL_WD_TR_4004</CLSNAME>
     <CMPNAME>GV_ATTACHMENT_TMP_GUID</CMPNAME>
     <LANGU>1</LANGU>
     <DESCRIPT>发行单附件临时GUID</DESCRIPT>
    </SEOCOMPOTX>
    <SEOCOMPOTX>
     <CLSNAME>ZCL_WD_TR_4004</CLSNAME>
     <CMPNAME>GV_EXTERNAL_WINDOW_FLAG</CMPNAME>
     <LANGU>1</LANGU>
     <DESCRIPT>外部窗口标识</DESCRIPT>
    </SEOCOMPOTX>
    <SEOCOMPOTX>
     <CLSNAME>ZCL_WD_TR_4004</CLSNAME>
     <CMPNAME>GV_LOCK_FLAG</CMPNAME>
     <LANGU>1</LANGU>
     <DESCRIPT>锁定标识</DESCRIPT>
    </SEOCOMPOTX>
    <SEOCOMPOTX>
     <CLSNAME>ZCL_WD_TR_4004</CLSNAME>
     <CMPNAME>GV_SHOW_MODE</CMPNAME>
     <LANGU>1</LANGU>
     <DESCRIPT>显示模式</DESCRIPT>
    </SEOCOMPOTX>
    <SEOCOMPOTX>
     <CLSNAME>ZCL_WD_TR_4004</CLSNAME>
     <CMPNAME>GV_T4006_02_MAX_SEQNO</CMPNAME>
     <LANGU>1</LANGU>
     <DESCRIPT>序号</DESCRIPT>
    </SEOCOMPOTX>
    <SEOCOMPOTX>
     <CLSNAME>ZCL_WD_TR_4004</CLSNAME>
     <CMPNAME>GV_T4006_03_MAX_SEQNO</CMPNAME>
     <LANGU>1</LANGU>
     <DESCRIPT>序号</DESCRIPT>
    </SEOCOMPOTX>
   </DESCRIPTIONS>
  </asx:values>
 </asx:abap>
</abapGit>
