﻿<?xml version="1.0" encoding="utf-8"?>
<abapGit version="v1.0.0" serializer="LCL_OBJECT_CLAS" serializer_version="v1.0.0">
 <asx:abap xmlns:asx="http://www.sap.com/abapxml" version="1.0">
  <asx:values>
   <VSEOCLASS>
    <CLSNAME>ZCL_PAYMORDER_MEMORY_ROOT</CLSNAME>
    <VERSION>1</VERSION>
    <LANGU>1</LANGU>
    <DESCRIPT>内存共享:支付单根内存</DESCRIPT>
    <STATE>1</STATE>
    <CLSCCINCL>X</CLSCCINCL>
    <FIXPT>X</FIXPT>
    <UNICODE>X</UNICODE>
    <RSTAT>K</RSTAT>
    <MSG_ID>ZTR_BANK_APPLICATION</MSG_ID>
    <CLSSHAREDMEMORY>X</CLSSHAREDMEMORY>
   </VSEOCLASS>
   <DESCRIPTIONS>
    <SEOCOMPOTX>
     <CLSNAME>ZCL_PAYMORDER_MEMORY_ROOT</CLSNAME>
     <CMPNAME>MS_2001</CMPNAME>
     <LANGU>1</LANGU>
     <DESCRIPT>支付单申请-抬头信息</DESCRIPT>
    </SEOCOMPOTX>
    <SEOCOMPOTX>
     <CLSNAME>ZCL_PAYMORDER_MEMORY_ROOT</CLSNAME>
     <CMPNAME>MS_2002</CMPNAME>
     <LANGU>1</LANGU>
     <DESCRIPT>支付单信息-收款银行信息</DESCRIPT>
    </SEOCOMPOTX>
    <SEOCOMPOTX>
     <CLSNAME>ZCL_PAYMORDER_MEMORY_ROOT</CLSNAME>
     <CMPNAME>MS_2003</CMPNAME>
     <LANGU>1</LANGU>
     <DESCRIPT>支付单-付款银行信息</DESCRIPT>
    </SEOCOMPOTX>
    <SEOCOMPOTX>
     <CLSNAME>ZCL_PAYMORDER_MEMORY_ROOT</CLSNAME>
     <CMPNAME>MS_2101</CMPNAME>
     <LANGU>1</LANGU>
     <DESCRIPT>保证金支付单付款信息-抬头</DESCRIPT>
    </SEOCOMPOTX>
    <SEOCOMPOTX>
     <CLSNAME>ZCL_PAYMORDER_MEMORY_ROOT</CLSNAME>
     <CMPNAME>MS_ERROR_MESSAGE</CMPNAME>
     <LANGU>1</LANGU>
     <DESCRIPT>ABAP 系统字段</DESCRIPT>
    </SEOCOMPOTX>
    <SEOCOMPOTX>
     <CLSNAME>ZCL_PAYMORDER_MEMORY_ROOT</CLSNAME>
     <CMPNAME>M_DECRYPTION_COMPLETION</CMPNAME>
     <LANGU>1</LANGU>
     <DESCRIPT>一般标记</DESCRIPT>
    </SEOCOMPOTX>
    <SEOCOMPOTX>
     <CLSNAME>ZCL_PAYMORDER_MEMORY_ROOT</CLSNAME>
     <CMPNAME>M_ENCRYPTION_COMPLETION</CMPNAME>
     <LANGU>1</LANGU>
     <DESCRIPT>一般标记</DESCRIPT>
    </SEOCOMPOTX>
    <SEOCOMPOTX>
     <CLSNAME>ZCL_PAYMORDER_MEMORY_ROOT</CLSNAME>
     <CMPNAME>M_ZZFTYPE</CMPNAME>
     <LANGU>1</LANGU>
     <DESCRIPT>支付单据类型</DESCRIPT>
    </SEOCOMPOTX>
    <SEOCOMPOTX>
     <CLSNAME>ZCL_PAYMORDER_MEMORY_ROOT</CLSNAME>
     <CMPNAME>ORDERS_MEMORY</CMPNAME>
     <LANGU>1</LANGU>
     <DESCRIPT>Table Type of ZTRS_PAYMORD_SHAREMEMORY</DESCRIPT>
    </SEOCOMPOTX>
   </DESCRIPTIONS>
  </asx:values>
 </asx:abap>
</abapGit>
