﻿<?xml version="1.0" encoding="utf-8"?>
<abapGit version="v1.0.0" serializer="LCL_OBJECT_CLAS" serializer_version="v1.0.0">
 <asx:abap xmlns:asx="http://www.sap.com/abapxml" version="1.0">
  <asx:values>
   <VSEOCLASS>
    <CLSNAME>ZCL_3023_BANK</CLSNAME>
    <VERSION>1</VERSION>
    <LANGU>1</LANGU>
    <DESCRIPT>银行对账单银行超类</DESCRIPT>
    <STATE>1</STATE>
    <CLSCCINCL>X</CLSCCINCL>
    <FIXPT>X</FIXPT>
    <UNICODE>X</UNICODE>
   </VSEOCLASS>
   <TPOOL>
    <item>
     <ID>I</ID>
     <KEY>E01</KEY>
     <ENTRY>交易金额</ENTRY>
     <LENGTH>14</LENGTH>
    </item>
    <item>
     <ID>I</ID>
     <KEY>E02</KEY>
     <ENTRY>发生额</ENTRY>
     <LENGTH>13</LENGTH>
    </item>
    <item>
     <ID>I</ID>
     <KEY>E03</KEY>
     <ENTRY>借贷标识</ENTRY>
     <LENGTH>14</LENGTH>
    </item>
    <item>
     <ID>I</ID>
     <KEY>F03</KEY>
     <ENTRY>期初-银行已收企业未收</ENTRY>
     <LENGTH>21</LENGTH>
    </item>
    <item>
     <ID>I</ID>
     <KEY>F04</KEY>
     <ENTRY>期初-银行已付企业未付</ENTRY>
     <LENGTH>21</LENGTH>
    </item>
   </TPOOL>
   <DESCRIPTIONS>
    <SEOCOMPOTX>
     <CLSNAME>ZCL_3023_BANK</CLSNAME>
     <CMPNAME>CONSTRUCTOR</CMPNAME>
     <LANGU>1</LANGU>
     <DESCRIPT>CONSTRUCTOR</DESCRIPT>
    </SEOCOMPOTX>
    <SEOCOMPOTX>
     <CLSNAME>ZCL_3023_BANK</CLSNAME>
     <CMPNAME>MS_01</CMPNAME>
     <LANGU>1</LANGU>
     <DESCRIPT>网银模板-HEAD</DESCRIPT>
    </SEOCOMPOTX>
    <SEOCOMPOTX>
     <CLSNAME>ZCL_3023_BANK</CLSNAME>
     <CMPNAME>MS_13</CMPNAME>
     <LANGU>1</LANGU>
     <DESCRIPT>银行账户表</DESCRIPT>
    </SEOCOMPOTX>
    <SEOCOMPOTX>
     <CLSNAME>ZCL_3023_BANK</CLSNAME>
     <CMPNAME>MS_D01</CMPNAME>
     <LANGU>1</LANGU>
     <DESCRIPT>导入网银数据</DESCRIPT>
    </SEOCOMPOTX>
    <SEOCOMPOTX>
     <CLSNAME>ZCL_3023_BANK</CLSNAME>
     <CMPNAME>MT_02</CMPNAME>
     <LANGU>1</LANGU>
     <DESCRIPT>网银模板-ITEM</DESCRIPT>
    </SEOCOMPOTX>
    <SEOCOMPOTX>
     <CLSNAME>ZCL_3023_BANK</CLSNAME>
     <CMPNAME>MT_D02</CMPNAME>
     <LANGU>1</LANGU>
     <DESCRIPT>网银数据行项目</DESCRIPT>
    </SEOCOMPOTX>
    <SEOCOMPOTX>
     <CLSNAME>ZCL_3023_BANK</CLSNAME>
     <CMPNAME>MV_BANKS</CMPNAME>
     <LANGU>1</LANGU>
     <DESCRIPT>银行国家代码</DESCRIPT>
    </SEOCOMPOTX>
    <SEOCOMPOTX>
     <CLSNAME>ZCL_3023_BANK</CLSNAME>
     <CMPNAME>MV_BANK_IND</CMPNAME>
     <LANGU>1</LANGU>
     <DESCRIPT>银企直连中的银行标志</DESCRIPT>
    </SEOCOMPOTX>
    <SEOCOMPOTX>
     <CLSNAME>ZCL_3023_BANK</CLSNAME>
     <CMPNAME>MV_BUKRS</CMPNAME>
     <LANGU>1</LANGU>
     <DESCRIPT>公司代码</DESCRIPT>
    </SEOCOMPOTX>
    <SEOCOMPOTX>
     <CLSNAME>ZCL_3023_BANK</CLSNAME>
     <CMPNAME>MV_HBKID</CMPNAME>
     <LANGU>1</LANGU>
     <DESCRIPT>开户银行的简要键</DESCRIPT>
    </SEOCOMPOTX>
    <SEOCOMPOTX>
     <CLSNAME>ZCL_3023_BANK</CLSNAME>
     <CMPNAME>MV_HKTID</CMPNAME>
     <LANGU>1</LANGU>
     <DESCRIPT>帐户细目的代码</DESCRIPT>
    </SEOCOMPOTX>
    <SEOCOMPOTX>
     <CLSNAME>ZCL_3023_BANK</CLSNAME>
     <CMPNAME>MV_VERSNO</CMPNAME>
     <LANGU>1</LANGU>
     <DESCRIPT>版本管理：版本号</DESCRIPT>
    </SEOCOMPOTX>
    <SEOCOMPOTX>
     <CLSNAME>ZCL_3023_BANK</CLSNAME>
     <CMPNAME>MV_ZBKJYYE</CMPNAME>
     <LANGU>1</LANGU>
     <DESCRIPT>上次交易后余额</DESCRIPT>
    </SEOCOMPOTX>
   </DESCRIPTIONS>
  </asx:values>
 </asx:abap>
</abapGit>
