﻿<?xml version="1.0" encoding="utf-8"?>
<abapGit version="v1.0.0" serializer="LCL_OBJECT_CLAS" serializer_version="v1.0.0">
 <asx:abap xmlns:asx="http://www.sap.com/abapxml" version="1.0">
  <asx:values>
   <VSEOCLASS>
    <CLSNAME>ZCL_BANK_PAYMENT_ENTRY</CLSNAME>
    <VERSION>1</VERSION>
    <LANGU>1</LANGU>
    <DESCRIPT>银企直连:支付条目</DESCRIPT>
    <STATE>1</STATE>
    <CLSCCINCL>X</CLSCCINCL>
    <FIXPT>X</FIXPT>
    <UNICODE>X</UNICODE>
    <RSTAT>K</RSTAT>
    <MSG_ID>ZTR_BANK_APPLICATION</MSG_ID>
   </VSEOCLASS>
   <TPOOL>
    <item>
     <ID>I</ID>
     <KEY>001</KEY>
     <ENTRY>从银行交易流水中确定交易成功</ENTRY>
     <LENGTH>24</LENGTH>
    </item>
   </TPOOL>
   <DESCRIPTIONS>
    <SEOCOMPOTX>
     <CLSNAME>ZCL_BANK_PAYMENT_ENTRY</CLSNAME>
     <CMPNAME>BANK_ACTION</CMPNAME>
     <LANGU>1</LANGU>
     <DESCRIPT>银企直连的操作</DESCRIPT>
    </SEOCOMPOTX>
    <SEOCOMPOTX>
     <CLSNAME>ZCL_BANK_PAYMENT_ENTRY</CLSNAME>
     <CMPNAME>CONSTRUCTOR</CMPNAME>
     <LANGU>1</LANGU>
     <DESCRIPT>CONSTRUCTOR</DESCRIPT>
    </SEOCOMPOTX>
    <SEOCOMPOTX>
     <CLSNAME>ZCL_BANK_PAYMENT_ENTRY</CLSNAME>
     <CMPNAME>CREATE_FROM_PAYMENT_ENTRY</CMPNAME>
     <LANGU>1</LANGU>
     <DESCRIPT>The entry should by create from payment entry</DESCRIPT>
    </SEOCOMPOTX>
    <SEOCOMPOTX>
     <CLSNAME>ZCL_BANK_PAYMENT_ENTRY</CLSNAME>
     <CMPNAME>CREATE_FROM_PAYMENT_ORDER</CMPNAME>
     <LANGU>1</LANGU>
     <DESCRIPT>The entry should be create from payment order</DESCRIPT>
    </SEOCOMPOTX>
    <SEOCOMPOTX>
     <CLSNAME>ZCL_BANK_PAYMENT_ENTRY</CLSNAME>
     <CMPNAME>DEQUEUE</CMPNAME>
     <LANGU>1</LANGU>
     <DESCRIPT>解锁</DESCRIPT>
    </SEOCOMPOTX>
    <SEOCOMPOTX>
     <CLSNAME>ZCL_BANK_PAYMENT_ENTRY</CLSNAME>
     <CMPNAME>DEQUEUE_PAYMENT_ENTRY</CMPNAME>
     <LANGU>1</LANGU>
     <DESCRIPT>解锁支付条目</DESCRIPT>
    </SEOCOMPOTX>
    <SEOCOMPOTX>
     <CLSNAME>ZCL_BANK_PAYMENT_ENTRY</CLSNAME>
     <CMPNAME>DEQUEUE_PAYMENT_ORDER</CMPNAME>
     <LANGU>1</LANGU>
     <DESCRIPT>解锁支付单</DESCRIPT>
    </SEOCOMPOTX>
    <SEOCOMPOTX>
     <CLSNAME>ZCL_BANK_PAYMENT_ENTRY</CLSNAME>
     <CMPNAME>DUMMY_MESSAGE</CMPNAME>
     <LANGU>1</LANGU>
     <DESCRIPT>字符字段长度 1</DESCRIPT>
    </SEOCOMPOTX>
    <SEOCOMPOTX>
     <CLSNAME>ZCL_BANK_PAYMENT_ENTRY</CLSNAME>
     <CMPNAME>ENQUEUE</CMPNAME>
     <LANGU>1</LANGU>
     <DESCRIPT>锁定</DESCRIPT>
    </SEOCOMPOTX>
    <SEOCOMPOTX>
     <CLSNAME>ZCL_BANK_PAYMENT_ENTRY</CLSNAME>
     <CMPNAME>ENQUEUE_PAYMENT_ENTRY</CMPNAME>
     <LANGU>1</LANGU>
     <DESCRIPT>锁定支付条目</DESCRIPT>
    </SEOCOMPOTX>
    <SEOCOMPOTX>
     <CLSNAME>ZCL_BANK_PAYMENT_ENTRY</CLSNAME>
     <CMPNAME>ENQUEUE_PAYMENT_ORDER</CMPNAME>
     <LANGU>1</LANGU>
     <DESCRIPT>锁定支付单</DESCRIPT>
    </SEOCOMPOTX>
    <SEOCOMPOTX>
     <CLSNAME>ZCL_BANK_PAYMENT_ENTRY</CLSNAME>
     <CMPNAME>ENTRY_STATUS_APP_ERROR</CMPNAME>
     <LANGU>1</LANGU>
     <DESCRIPT>银企直连状态-银企直连功能处理出现异常</DESCRIPT>
    </SEOCOMPOTX>
    <SEOCOMPOTX>
     <CLSNAME>ZCL_BANK_PAYMENT_ENTRY</CLSNAME>
     <CMPNAME>ENTRY_STATUS_APP_PROCESS</CMPNAME>
     <LANGU>1</LANGU>
     <DESCRIPT>银企直连状态-支付指令进入银企直连功能</DESCRIPT>
    </SEOCOMPOTX>
    <SEOCOMPOTX>
     <CLSNAME>ZCL_BANK_PAYMENT_ENTRY</CLSNAME>
     <CMPNAME>ENTRY_STATUS_APP_REJECT</CMPNAME>
     <LANGU>1</LANGU>
     <DESCRIPT>银企直连状态-银企直连功能拒绝处理</DESCRIPT>
    </SEOCOMPOTX>
    <SEOCOMPOTX>
     <CLSNAME>ZCL_BANK_PAYMENT_ENTRY</CLSNAME>
     <CMPNAME>ENTRY_STATUS_BANK_TRANX_FAILED</CMPNAME>
     <LANGU>1</LANGU>
     <DESCRIPT>银企直连状态-银行处理完成-交易失败</DESCRIPT>
    </SEOCOMPOTX>
    <SEOCOMPOTX>
     <CLSNAME>ZCL_BANK_PAYMENT_ENTRY</CLSNAME>
     <CMPNAME>ENTRY_STATUS_BANK_TRANX_OK</CMPNAME>
     <LANGU>1</LANGU>
     <DESCRIPT>银企直连状态-银行处理完成-交易成功</DESCRIPT>
    </SEOCOMPOTX>
    <SEOCOMPOTX>
     <CLSNAME>ZCL_BANK_PAYMENT_ENTRY</CLSNAME>
     <CMPNAME>ENTRY_STATUS_RECEIVE_FAILED</CMPNAME>
     <LANGU>1</LANGU>
     <DESCRIPT>接收期间错误</DESCRIPT>
    </SEOCOMPOTX>
    <SEOCOMPOTX>
     <CLSNAME>ZCL_BANK_PAYMENT_ENTRY</CLSNAME>
     <CMPNAME>ENTRY_STATUS_SEND_FAILED</CMPNAME>
     <LANGU>1</LANGU>
     <DESCRIPT>银企直连状态-发送失败</DESCRIPT>
    </SEOCOMPOTX>
    <SEOCOMPOTX>
     <CLSNAME>ZCL_BANK_PAYMENT_ENTRY</CLSNAME>
     <CMPNAME>INSTANCE_CREATION_TYPE</CMPNAME>
     <LANGU>1</LANGU>
     <DESCRIPT>CREATE_FROM_PAYMENT_ORDER or CREATE_FROM_PAYMENT_ENTRY</DESCRIPT>
    </SEOCOMPOTX>
    <SEOCOMPOTX>
     <CLSNAME>ZCL_BANK_PAYMENT_ENTRY</CLSNAME>
     <CMPNAME>MESSAGES</CMPNAME>
     <LANGU>1</LANGU>
     <DESCRIPT>Message Collector</DESCRIPT>
    </SEOCOMPOTX>
    <SEOCOMPOTX>
     <CLSNAME>ZCL_BANK_PAYMENT_ENTRY</CLSNAME>
     <CMPNAME>NO</CMPNAME>
     <LANGU>1</LANGU>
     <DESCRIPT>一般标记</DESCRIPT>
    </SEOCOMPOTX>
    <SEOCOMPOTX>
     <CLSNAME>ZCL_BANK_PAYMENT_ENTRY</CLSNAME>
     <CMPNAME>PAYMENT_ENTRY</CMPNAME>
     <LANGU>1</LANGU>
     <DESCRIPT>银企直连的支付条目信息</DESCRIPT>
    </SEOCOMPOTX>
    <SEOCOMPOTX>
     <CLSNAME>ZCL_BANK_PAYMENT_ENTRY</CLSNAME>
     <CMPNAME>PAYMENT_ORDER</CMPNAME>
     <LANGU>1</LANGU>
     <DESCRIPT>支付单清单表</DESCRIPT>
    </SEOCOMPOTX>
    <SEOCOMPOTX>
     <CLSNAME>ZCL_BANK_PAYMENT_ENTRY</CLSNAME>
     <CMPNAME>SET_BY_PAYMENT_ENTRY</CMPNAME>
     <LANGU>1</LANGU>
     <DESCRIPT>根据支付条目建立条目实例</DESCRIPT>
    </SEOCOMPOTX>
    <SEOCOMPOTX>
     <CLSNAME>ZCL_BANK_PAYMENT_ENTRY</CLSNAME>
     <CMPNAME>SET_BY_PAYMENT_ORDER</CMPNAME>
     <LANGU>1</LANGU>
     <DESCRIPT>根据支付单建立条目实例</DESCRIPT>
    </SEOCOMPOTX>
    <SEOCOMPOTX>
     <CLSNAME>ZCL_BANK_PAYMENT_ENTRY</CLSNAME>
     <CMPNAME>SET_ENTRY</CMPNAME>
     <LANGU>1</LANGU>
     <DESCRIPT>建立条目实例</DESCRIPT>
    </SEOCOMPOTX>
    <SEOCOMPOTX>
     <CLSNAME>ZCL_BANK_PAYMENT_ENTRY</CLSNAME>
     <CMPNAME>TRIGGER_BY_ACCOUNT_TRANX</CMPNAME>
     <LANGU>1</LANGU>
     <DESCRIPT>一般标记</DESCRIPT>
    </SEOCOMPOTX>
    <SEOCOMPOTX>
     <CLSNAME>ZCL_BANK_PAYMENT_ENTRY</CLSNAME>
     <CMPNAME>YES</CMPNAME>
     <LANGU>1</LANGU>
     <DESCRIPT>一般标记</DESCRIPT>
    </SEOCOMPOTX>
   </DESCRIPTIONS>
  </asx:values>
 </asx:abap>
</abapGit>
