﻿<?xml version="1.0" encoding="utf-8"?>
<abapGit version="v1.0.0" serializer="LCL_OBJECT_CLAS" serializer_version="v1.0.0">
 <asx:abap xmlns:asx="http://www.sap.com/abapxml" version="1.0">
  <asx:values>
   <VSEOCLASS>
    <CLSNAME>ZCL_EPIC_BANK_COMMLOGON_ASSIGN</CLSNAME>
    <VERSION>1</VERSION>
    <LANGU>1</LANGU>
    <DESCRIPT>Bank Communication User Assignment</DESCRIPT>
    <STATE>1</STATE>
    <CLSCCINCL>X</CLSCCINCL>
    <FIXPT>X</FIXPT>
    <UNICODE>X</UNICODE>
   </VSEOCLASS>
   <DESCRIPTIONS>
    <SEOCOMPOTX>
     <CLSNAME>ZCL_EPIC_BANK_COMMLOGON_ASSIGN</CLSNAME>
     <CMPNAME>CHANGE</CMPNAME>
     <LANGU>1</LANGU>
     <DESCRIPT>Change assignment</DESCRIPT>
    </SEOCOMPOTX>
    <SEOCOMPOTX>
     <CLSNAME>ZCL_EPIC_BANK_COMMLOGON_ASSIGN</CLSNAME>
     <CMPNAME>CHANGE_USER_ASSIGN</CMPNAME>
     <LANGU>1</LANGU>
     <DESCRIPT>Change user assignment</DESCRIPT>
    </SEOCOMPOTX>
    <SEOCOMPOTX>
     <CLSNAME>ZCL_EPIC_BANK_COMMLOGON_ASSIGN</CLSNAME>
     <CMPNAME>COMM_EXISTS_ASSIGN</CMPNAME>
     <LANGU>1</LANGU>
     <DESCRIPT>Communication key exists in user assignment</DESCRIPT>
    </SEOCOMPOTX>
    <SEOCOMPOTX>
     <CLSNAME>ZCL_EPIC_BANK_COMMLOGON_ASSIGN</CLSNAME>
     <CMPNAME>CONSTRUCTOR</CMPNAME>
     <LANGU>1</LANGU>
     <DESCRIPT>CONSTRUCTOR</DESCRIPT>
    </SEOCOMPOTX>
    <SEOCOMPOTX>
     <CLSNAME>ZCL_EPIC_BANK_COMMLOGON_ASSIGN</CLSNAME>
     <CMPNAME>DELETE</CMPNAME>
     <LANGU>1</LANGU>
     <DESCRIPT>Delete assignment</DESCRIPT>
    </SEOCOMPOTX>
    <SEOCOMPOTX>
     <CLSNAME>ZCL_EPIC_BANK_COMMLOGON_ASSIGN</CLSNAME>
     <CMPNAME>DELETE_USER_ASSIGN</CMPNAME>
     <LANGU>1</LANGU>
     <DESCRIPT>Delete user assignment</DESCRIPT>
    </SEOCOMPOTX>
    <SEOCOMPOTX>
     <CLSNAME>ZCL_EPIC_BANK_COMMLOGON_ASSIGN</CLSNAME>
     <CMPNAME>INSERT</CMPNAME>
     <LANGU>1</LANGU>
     <DESCRIPT>Create assignment</DESCRIPT>
    </SEOCOMPOTX>
    <SEOCOMPOTX>
     <CLSNAME>ZCL_EPIC_BANK_COMMLOGON_ASSIGN</CLSNAME>
     <CMPNAME>INSERT_USER_ASSIGN</CMPNAME>
     <LANGU>1</LANGU>
     <DESCRIPT>Insert user assignment</DESCRIPT>
    </SEOCOMPOTX>
    <SEOCOMPOTX>
     <CLSNAME>ZCL_EPIC_BANK_COMMLOGON_ASSIGN</CLSNAME>
     <CMPNAME>LOCK</CMPNAME>
     <LANGU>1</LANGU>
     <DESCRIPT>Lock object</DESCRIPT>
    </SEOCOMPOTX>
    <SEOCOMPOTX>
     <CLSNAME>ZCL_EPIC_BANK_COMMLOGON_ASSIGN</CLSNAME>
     <CMPNAME>MS_BANK_ASSIGN</CMPNAME>
     <LANGU>1</LANGU>
     <DESCRIPT>银行登录账户分配</DESCRIPT>
    </SEOCOMPOTX>
    <SEOCOMPOTX>
     <CLSNAME>ZCL_EPIC_BANK_COMMLOGON_ASSIGN</CLSNAME>
     <CMPNAME>S_LOAD_ALL</CMPNAME>
     <LANGU>1</LANGU>
     <DESCRIPT>Load all user assignments</DESCRIPT>
    </SEOCOMPOTX>
    <SEOCOMPOTX>
     <CLSNAME>ZCL_EPIC_BANK_COMMLOGON_ASSIGN</CLSNAME>
     <CMPNAME>UNLOCK</CMPNAME>
     <LANGU>1</LANGU>
     <DESCRIPT>Unlock object</DESCRIPT>
    </SEOCOMPOTX>
   </DESCRIPTIONS>
  </asx:values>
 </asx:abap>
</abapGit>
