﻿<?xml version="1.0" encoding="utf-8"?>
<abapGit version="v1.0.0" serializer="LCL_OBJECT_CLAS" serializer_version="v1.0.0">
 <asx:abap xmlns:asx="http://www.sap.com/abapxml" version="1.0">
  <asx:values>
   <VSEOCLASS>
    <CLSNAME>ZCL_0192_RAW_ITEM_SELECTER</CLSNAME>
    <VERSION>1</VERSION>
    <LANGU>1</LANGU>
    <DESCRIPT>行项目选择器</DESCRIPT>
    <STATE>1</STATE>
    <CLSCCINCL>X</CLSCCINCL>
    <FIXPT>X</FIXPT>
    <UNICODE>X</UNICODE>
    <RSTAT>K</RSTAT>
    <MSG_ID>ZTR04</MSG_ID>
   </VSEOCLASS>
   <TPOOL>
    <item>
     <ID>I</ID>
     <KEY>001</KEY>
     <ENTRY>选择</ENTRY>
     <LENGTH>12</LENGTH>
    </item>
    <item>
     <ID>I</ID>
     <KEY>002</KEY>
     <ENTRY>您没有选择任何记录</ENTRY>
     <LENGTH>19</LENGTH>
    </item>
    <item>
     <ID>I</ID>
     <KEY>003</KEY>
     <ENTRY>您确定不选择创建单据行项目的记录吗？</ENTRY>
     <LENGTH>28</LENGTH>
    </item>
    <item>
     <ID>I</ID>
     <KEY>004</KEY>
     <ENTRY>是</ENTRY>
     <LENGTH>11</LENGTH>
    </item>
    <item>
     <ID>I</ID>
     <KEY>005</KEY>
     <ENTRY>否</ENTRY>
     <LENGTH>11</LENGTH>
    </item>
    <item>
     <ID>I</ID>
     <KEY>006</KEY>
     <ENTRY>您选择了记录</ENTRY>
     <LENGTH>10</LENGTH>
    </item>
    <item>
     <ID>I</ID>
     <KEY>007</KEY>
     <ENTRY>您确定要放弃选择的记录吗？</ENTRY>
     <LENGTH>23</LENGTH>
    </item>
    <item>
     <ID>I</ID>
     <KEY>B03</KEY>
     <ENTRY>确定选择</ENTRY>
     <LENGTH>14</LENGTH>
    </item>
   </TPOOL>
   <DESCRIPTIONS>
    <SEOCOMPOTX>
     <CLSNAME>ZCL_0192_RAW_ITEM_SELECTER</CLSNAME>
     <CMPNAME>ALV_CONTAINER</CMPNAME>
     <LANGU>1</LANGU>
     <DESCRIPT>Control Container</DESCRIPT>
    </SEOCOMPOTX>
    <SEOCOMPOTX>
     <CLSNAME>ZCL_0192_RAW_ITEM_SELECTER</CLSNAME>
     <CMPNAME>ALV_GRID</CMPNAME>
     <LANGU>1</LANGU>
     <DESCRIPT>ALV List Viewer</DESCRIPT>
    </SEOCOMPOTX>
    <SEOCOMPOTX>
     <CLSNAME>ZCL_0192_RAW_ITEM_SELECTER</CLSNAME>
     <CMPNAME>ALV_STRUCTURE</CMPNAME>
     <LANGU>1</LANGU>
     <DESCRIPT>表名</DESCRIPT>
    </SEOCOMPOTX>
    <SEOCOMPOTX>
     <CLSNAME>ZCL_0192_RAW_ITEM_SELECTER</CLSNAME>
     <CMPNAME>CONSTRUCTOR</CMPNAME>
     <LANGU>1</LANGU>
     <DESCRIPT>CONSTRUCTOR</DESCRIPT>
    </SEOCOMPOTX>
    <SEOCOMPOTX>
     <CLSNAME>ZCL_0192_RAW_ITEM_SELECTER</CLSNAME>
     <CMPNAME>INITIATING_BUKRS</CMPNAME>
     <LANGU>1</LANGU>
     <DESCRIPT>公司代码</DESCRIPT>
    </SEOCOMPOTX>
    <SEOCOMPOTX>
     <CLSNAME>ZCL_0192_RAW_ITEM_SELECTER</CLSNAME>
     <CMPNAME>SELECTION</CMPNAME>
     <LANGU>1</LANGU>
     <DESCRIPT>选择条件</DESCRIPT>
    </SEOCOMPOTX>
    <SEOCOMPOTX>
     <CLSNAME>ZCL_0192_RAW_ITEM_SELECTER</CLSNAME>
     <CMPNAME>SELECT_ALL</CMPNAME>
     <LANGU>1</LANGU>
     <DESCRIPT>全选按钮2020.3.10</DESCRIPT>
    </SEOCOMPOTX>
   </DESCRIPTIONS>
  </asx:values>
 </asx:abap>
</abapGit>
