﻿<?xml version="1.0" encoding="utf-8"?>
<abapGit version="v1.0.0" serializer="LCL_OBJECT_CLAS" serializer_version="v1.0.0">
 <asx:abap xmlns:asx="http://www.sap.com/abapxml" version="1.0">
  <asx:values>
   <VSEOCLASS>
    <CLSNAME>ZCL_WD_COMMON</CLSNAME>
    <VERSION>1</VERSION>
    <LANGU>1</LANGU>
    <DESCRIPT>wda 公共类</DESCRIPT>
    <STATE>1</STATE>
    <CLSCCINCL>X</CLSCCINCL>
    <FIXPT>X</FIXPT>
    <UNICODE>X</UNICODE>
   </VSEOCLASS>
   <DESCRIPTIONS>
    <SEOCOMPOTX>
     <CLSNAME>ZCL_WD_COMMON</CLSNAME>
     <CMPNAME>CHECK_MANDATORY</CMPNAME>
     <LANGU>1</LANGU>
     <DESCRIPT>检查页面必输项</DESCRIPT>
    </SEOCOMPOTX>
    <SEOCOMPOTX>
     <CLSNAME>ZCL_WD_COMMON</CLSNAME>
     <CMPNAME>CHECK_MANDATORY_ATTR_ON_VIEW</CMPNAME>
     <LANGU>1</LANGU>
     <DESCRIPT>检查页面必输项(传参)</DESCRIPT>
    </SEOCOMPOTX>
    <SEOCOMPOTX>
     <CLSNAME>ZCL_WD_COMMON</CLSNAME>
     <CMPNAME>GET_LIST_STATUS</CMPNAME>
     <LANGU>1</LANGU>
     <DESCRIPT>获取状态下拉值</DESCRIPT>
    </SEOCOMPOTX>
    <SEOCOMPOTX>
     <CLSNAME>ZCL_WD_COMMON</CLSNAME>
     <CMPNAME>SET_LIST_FOR_STATUS</CMPNAME>
     <LANGU>1</LANGU>
     <DESCRIPT>设置状态的下拉</DESCRIPT>
    </SEOCOMPOTX>
   </DESCRIPTIONS>
  </asx:values>
 </asx:abap>
</abapGit>
