﻿<?xml version="1.0" encoding="utf-8"?>
<abapGit version="v1.0.0" serializer="LCL_OBJECT_CLAS" serializer_version="v1.0.0">
 <asx:abap xmlns:asx="http://www.sap.com/abapxml" version="1.0">
  <asx:values>
   <VSEOCLASS>
    <CLSNAME>ZCL_ABSTRACT_BANK_FUNCTION</CLSNAME>
    <VERSION>1</VERSION>
    <LANGU>1</LANGU>
    <DESCRIPT>Bank Function</DESCRIPT>
    <STATE>1</STATE>
    <CLSCCINCL>X</CLSCCINCL>
    <FIXPT>X</FIXPT>
    <UNICODE>X</UNICODE>
    <RSTAT>K</RSTAT>
    <MSG_ID>ZTR_BANK_APPLICATION</MSG_ID>
   </VSEOCLASS>
   <DESCRIPTIONS>
    <SEOCOMPOTX>
     <CLSNAME>ZCL_ABSTRACT_BANK_FUNCTION</CLSNAME>
     <CMPNAME>ACTION</CMPNAME>
     <LANGU>1</LANGU>
     <DESCRIPT>银企直连的操作</DESCRIPT>
    </SEOCOMPOTX>
    <SEOCOMPOTX>
     <CLSNAME>ZCL_ABSTRACT_BANK_FUNCTION</CLSNAME>
     <CMPNAME>ADJUST_FILE_AFTER_CREATION</CMPNAME>
     <LANGU>1</LANGU>
     <DESCRIPT>创建发送的文件后调整文件</DESCRIPT>
    </SEOCOMPOTX>
    <SEOCOMPOTX>
     <CLSNAME>ZCL_ABSTRACT_BANK_FUNCTION</CLSNAME>
     <CMPNAME>APPEND_RESPONSE_DATA</CMPNAME>
     <LANGU>1</LANGU>
     <DESCRIPT>添加银行反馈数据</DESCRIPT>
    </SEOCOMPOTX>
    <SEOCOMPOTX>
     <CLSNAME>ZCL_ABSTRACT_BANK_FUNCTION</CLSNAME>
     <CMPNAME>BANK_INDICATOR</CMPNAME>
     <LANGU>1</LANGU>
     <DESCRIPT>银企直连中的银行标志</DESCRIPT>
    </SEOCOMPOTX>
    <SEOCOMPOTX>
     <CLSNAME>ZCL_ABSTRACT_BANK_FUNCTION</CLSNAME>
     <CMPNAME>CHECK_RESPONSE_IF_FINISHED</CMPNAME>
     <LANGU>1</LANGU>
     <DESCRIPT>检查反馈是否完成</DESCRIPT>
    </SEOCOMPOTX>
    <SEOCOMPOTX>
     <CLSNAME>ZCL_ABSTRACT_BANK_FUNCTION</CLSNAME>
     <CMPNAME>CONSTRUCTOR</CMPNAME>
     <LANGU>1</LANGU>
     <DESCRIPT>CONSTRUCTOR</DESCRIPT>
    </SEOCOMPOTX>
    <SEOCOMPOTX>
     <CLSNAME>ZCL_ABSTRACT_BANK_FUNCTION</CLSNAME>
     <CMPNAME>CONTINUE</CMPNAME>
     <LANGU>1</LANGU>
     <DESCRIPT>继续取得发送文件</DESCRIPT>
    </SEOCOMPOTX>
    <SEOCOMPOTX>
     <CLSNAME>ZCL_ABSTRACT_BANK_FUNCTION</CLSNAME>
     <CMPNAME>CONVERT_DATA_TO_DMEE_TYPE</CMPNAME>
     <LANGU>1</LANGU>
     <DESCRIPT>把发送的数据转换为DMEE格式的数据</DESCRIPT>
    </SEOCOMPOTX>
    <SEOCOMPOTX>
     <CLSNAME>ZCL_ABSTRACT_BANK_FUNCTION</CLSNAME>
     <CMPNAME>CREATE_ACTION_FORMATTED_DATA</CMPNAME>
     <LANGU>1</LANGU>
     <DESCRIPT>按照ACTION配置的格式结构建立返回数据</DESCRIPT>
    </SEOCOMPOTX>
    <SEOCOMPOTX>
     <CLSNAME>ZCL_ABSTRACT_BANK_FUNCTION</CLSNAME>
     <CMPNAME>CREATE_FILE_GENERAL</CMPNAME>
     <LANGU>1</LANGU>
     <DESCRIPT>创建发送文件(基本功能)</DESCRIPT>
    </SEOCOMPOTX>
    <SEOCOMPOTX>
     <CLSNAME>ZCL_ABSTRACT_BANK_FUNCTION</CLSNAME>
     <CMPNAME>CURRENT_RESPONSE_IS_FINISHED</CMPNAME>
     <LANGU>1</LANGU>
     <DESCRIPT>一般标记</DESCRIPT>
    </SEOCOMPOTX>
    <SEOCOMPOTX>
     <CLSNAME>ZCL_ABSTRACT_BANK_FUNCTION</CLSNAME>
     <CMPNAME>DUMMY_MESSAGE</CMPNAME>
     <LANGU>1</LANGU>
     <DESCRIPT>一般标记</DESCRIPT>
    </SEOCOMPOTX>
    <SEOCOMPOTX>
     <CLSNAME>ZCL_ABSTRACT_BANK_FUNCTION</CLSNAME>
     <CMPNAME>ENTRY_SENDING_SEQUENCE_FIELD</CMPNAME>
     <LANGU>1</LANGU>
     <DESCRIPT>字段名</DESCRIPT>
    </SEOCOMPOTX>
    <SEOCOMPOTX>
     <CLSNAME>ZCL_ABSTRACT_BANK_FUNCTION</CLSNAME>
     <CMPNAME>FILE_ADJUSTER</CMPNAME>
     <LANGU>1</LANGU>
     <DESCRIPT>银行文件调整器</DESCRIPT>
    </SEOCOMPOTX>
    <SEOCOMPOTX>
     <CLSNAME>ZCL_ABSTRACT_BANK_FUNCTION</CLSNAME>
     <CMPNAME>FUNCTION_CONFIG</CMPNAME>
     <LANGU>1</LANGU>
     <DESCRIPT>银行功能</DESCRIPT>
    </SEOCOMPOTX>
    <SEOCOMPOTX>
     <CLSNAME>ZCL_ABSTRACT_BANK_FUNCTION</CLSNAME>
     <CMPNAME>GET_NEXT_SENDING_FILE</CMPNAME>
     <LANGU>1</LANGU>
     <DESCRIPT>取得下一个发送的文件</DESCRIPT>
    </SEOCOMPOTX>
    <SEOCOMPOTX>
     <CLSNAME>ZCL_ABSTRACT_BANK_FUNCTION</CLSNAME>
     <CMPNAME>IF_ENVIROMENT_ERROR</CMPNAME>
     <LANGU>1</LANGU>
     <DESCRIPT>银行环境是否有错误</DESCRIPT>
    </SEOCOMPOTX>
    <SEOCOMPOTX>
     <CLSNAME>ZCL_ABSTRACT_BANK_FUNCTION</CLSNAME>
     <CMPNAME>MESSAGES</CMPNAME>
     <LANGU>1</LANGU>
     <DESCRIPT>Message Collector</DESCRIPT>
    </SEOCOMPOTX>
    <SEOCOMPOTX>
     <CLSNAME>ZCL_ABSTRACT_BANK_FUNCTION</CLSNAME>
     <CMPNAME>NO</CMPNAME>
     <LANGU>1</LANGU>
     <DESCRIPT>一般标记</DESCRIPT>
    </SEOCOMPOTX>
    <SEOCOMPOTX>
     <CLSNAME>ZCL_ABSTRACT_BANK_FUNCTION</CLSNAME>
     <CMPNAME>PROCESS_RESPONSE_INTERNAL</CMPNAME>
     <LANGU>1</LANGU>
     <DESCRIPT>处理反馈(内部)</DESCRIPT>
    </SEOCOMPOTX>
    <SEOCOMPOTX>
     <CLSNAME>ZCL_ABSTRACT_BANK_FUNCTION</CLSNAME>
     <CMPNAME>RESPONSE_DATA</CMPNAME>
     <LANGU>1</LANGU>
     <DESCRIPT>Table Type of ZTRS_BANK_RESPONSE_DATA</DESCRIPT>
    </SEOCOMPOTX>
    <SEOCOMPOTX>
     <CLSNAME>ZCL_ABSTRACT_BANK_FUNCTION</CLSNAME>
     <CMPNAME>RESPONSE_FILES</CMPNAME>
     <LANGU>1</LANGU>
     <DESCRIPT>Table Type of ZTRS_BANK_RESPONSE_FILE</DESCRIPT>
    </SEOCOMPOTX>
    <SEOCOMPOTX>
     <CLSNAME>ZCL_ABSTRACT_BANK_FUNCTION</CLSNAME>
     <CMPNAME>SENDING_FILES</CMPNAME>
     <LANGU>1</LANGU>
     <DESCRIPT>Table Type of ZTRS_BANK_SENDING_FILE</DESCRIPT>
    </SEOCOMPOTX>
    <SEOCOMPOTX>
     <CLSNAME>ZCL_ABSTRACT_BANK_FUNCTION</CLSNAME>
     <CMPNAME>SET_CURRENT_SEQUENCE</CMPNAME>
     <LANGU>1</LANGU>
     <DESCRIPT>设置当前发送序号</DESCRIPT>
    </SEOCOMPOTX>
    <SEOCOMPOTX>
     <CLSNAME>ZCL_ABSTRACT_BANK_FUNCTION</CLSNAME>
     <CMPNAME>STEP</CMPNAME>
     <LANGU>1</LANGU>
     <DESCRIPT>操作步骤</DESCRIPT>
    </SEOCOMPOTX>
    <SEOCOMPOTX>
     <CLSNAME>ZCL_ABSTRACT_BANK_FUNCTION</CLSNAME>
     <CMPNAME>YES</CMPNAME>
     <LANGU>1</LANGU>
     <DESCRIPT>一般标记</DESCRIPT>
    </SEOCOMPOTX>
   </DESCRIPTIONS>
  </asx:values>
 </asx:abap>
</abapGit>
