﻿<?xml version="1.0" encoding="utf-8"?>
<abapGit version="v1.0.0" serializer="LCL_OBJECT_CLAS" serializer_version="v1.0.0">
 <asx:abap xmlns:asx="http://www.sap.com/abapxml" version="1.0">
  <asx:values>
   <VSEOCLASS>
    <CLSNAME>ZCL_WD_TR_4005</CLSNAME>
    <VERSION>1</VERSION>
    <LANGU>1</LANGU>
    <DESCRIPT>开立保函申请单</DESCRIPT>
    <STATE>1</STATE>
    <CLSCCINCL>X</CLSCCINCL>
    <FIXPT>X</FIXPT>
    <UNICODE>X</UNICODE>
   </VSEOCLASS>
   <TPOOL>
    <item>
     <ID>I</ID>
     <KEY>001</KEY>
     <ENTRY>开立保函申请单号</ENTRY>
     <LENGTH>18</LENGTH>
    </item>
    <item>
     <ID>I</ID>
     <KEY>002</KEY>
     <ENTRY>单据状态</ENTRY>
     <LENGTH>19</LENGTH>
    </item>
    <item>
     <ID>I</ID>
     <KEY>003</KEY>
     <ENTRY>公司代码</ENTRY>
     <LENGTH>14</LENGTH>
    </item>
    <item>
     <ID>I</ID>
     <KEY>004</KEY>
     <ENTRY>申请日期</ENTRY>
     <LENGTH>14</LENGTH>
    </item>
    <item>
     <ID>I</ID>
     <KEY>005</KEY>
     <ENTRY>申请人部门</ENTRY>
     <LENGTH>15</LENGTH>
    </item>
    <item>
     <ID>I</ID>
     <KEY>006</KEY>
     <ENTRY>申请人</ENTRY>
     <LENGTH>13</LENGTH>
    </item>
    <item>
     <ID>I</ID>
     <KEY>007</KEY>
     <ENTRY>上游申请单号</ENTRY>
     <LENGTH>16</LENGTH>
    </item>
    <item>
     <ID>I</ID>
     <KEY>008</KEY>
     <ENTRY>保函类型</ENTRY>
     <LENGTH>14</LENGTH>
    </item>
    <item>
     <ID>I</ID>
     <KEY>009</KEY>
     <ENTRY>保函发出行</ENTRY>
     <LENGTH>15</LENGTH>
    </item>
    <item>
     <ID>I</ID>
     <KEY>010</KEY>
     <ENTRY>保函申请金额</ENTRY>
     <LENGTH>16</LENGTH>
    </item>
    <item>
     <ID>I</ID>
     <KEY>011</KEY>
     <ENTRY>保函申请币种</ENTRY>
     <LENGTH>16</LENGTH>
    </item>
    <item>
     <ID>I</ID>
     <KEY>012</KEY>
     <ENTRY>预计开始日期</ENTRY>
     <LENGTH>16</LENGTH>
    </item>
    <item>
     <ID>I</ID>
     <KEY>013</KEY>
     <ENTRY>预计到期日期</ENTRY>
     <LENGTH>16</LENGTH>
    </item>
    <item>
     <ID>I</ID>
     <KEY>014</KEY>
     <ENTRY>保函编号</ENTRY>
     <LENGTH>16</LENGTH>
    </item>
    <item>
     <ID>I</ID>
     <KEY>015</KEY>
     <ENTRY>公司名称</ENTRY>
     <LENGTH>14</LENGTH>
    </item>
    <item>
     <ID>I</ID>
     <KEY>016</KEY>
     <ENTRY>申请人部门名称</ENTRY>
     <LENGTH>17</LENGTH>
    </item>
    <item>
     <ID>I</ID>
     <KEY>017</KEY>
     <ENTRY>保函发出行名称</ENTRY>
     <LENGTH>17</LENGTH>
    </item>
    <item>
     <ID>I</ID>
     <KEY>018</KEY>
     <ENTRY>对外担保申请单号</ENTRY>
     <LENGTH>18</LENGTH>
    </item>
    <item>
     <ID>I</ID>
     <KEY>019</KEY>
     <ENTRY>对外担保申请状态</ENTRY>
     <LENGTH>18</LENGTH>
    </item>
    <item>
     <ID>I</ID>
     <KEY>020</KEY>
     <ENTRY>担保币种</ENTRY>
     <LENGTH>14</LENGTH>
    </item>
    <item>
     <ID>I</ID>
     <KEY>021</KEY>
     <ENTRY>担保金额</ENTRY>
     <LENGTH>14</LENGTH>
    </item>
    <item>
     <ID>I</ID>
     <KEY>022</KEY>
     <ENTRY>担保合同号</ENTRY>
     <LENGTH>15</LENGTH>
    </item>
    <item>
     <ID>I</ID>
     <KEY>023</KEY>
     <ENTRY>对外担保台账状态</ENTRY>
     <LENGTH>18</LENGTH>
    </item>
    <item>
     <ID>I</ID>
     <KEY>024</KEY>
     <ENTRY>开立保函台账编号</ENTRY>
     <LENGTH>18</LENGTH>
    </item>
    <item>
     <ID>I</ID>
     <KEY>025</KEY>
     <ENTRY>融资机构名称</ENTRY>
     <LENGTH>14</LENGTH>
    </item>
    <item>
     <ID>I</ID>
     <KEY>026</KEY>
     <ENTRY>融资方式</ENTRY>
     <LENGTH>14</LENGTH>
    </item>
    <item>
     <ID>I</ID>
     <KEY>027</KEY>
     <ENTRY>额度类型</ENTRY>
     <LENGTH>14</LENGTH>
    </item>
   </TPOOL>
   <DESCRIPTIONS>
    <SEOCOMPOTX>
     <CLSNAME>ZCL_WD_TR_4005</CLSNAME>
     <CMPNAME>AUTHORITY_CHECK</CMPNAME>
     <LANGU>1</LANGU>
     <DESCRIPT>权限检查</DESCRIPT>
    </SEOCOMPOTX>
    <SEOCOMPOTX>
     <CLSNAME>ZCL_WD_TR_4005</CLSNAME>
     <CMPNAME>AUTHORITY_CHECK_BUKRS</CMPNAME>
     <LANGU>1</LANGU>
     <DESCRIPT>权限检查</DESCRIPT>
    </SEOCOMPOTX>
    <SEOCOMPOTX>
     <CLSNAME>ZCL_WD_TR_4005</CLSNAME>
     <CMPNAME>AUTHORITY_CHECK_KOSTL</CMPNAME>
     <LANGU>1</LANGU>
     <DESCRIPT>权限检查</DESCRIPT>
    </SEOCOMPOTX>
    <SEOCOMPOTX>
     <CLSNAME>ZCL_WD_TR_4005</CLSNAME>
     <CMPNAME>DEQUEUE_TABLE</CMPNAME>
     <LANGU>1</LANGU>
     <DESCRIPT>解锁</DESCRIPT>
    </SEOCOMPOTX>
    <SEOCOMPOTX>
     <CLSNAME>ZCL_WD_TR_4005</CLSNAME>
     <CMPNAME>ENQUEUE_TABLE</CMPNAME>
     <LANGU>1</LANGU>
     <DESCRIPT>锁表</DESCRIPT>
    </SEOCOMPOTX>
    <SEOCOMPOTX>
     <CLSNAME>ZCL_WD_TR_4005</CLSNAME>
     <CMPNAME>GC_STATUS_APPROVED</CMPNAME>
     <LANGU>1</LANGU>
     <DESCRIPT>开立保函申请单状态-OA审批通过</DESCRIPT>
    </SEOCOMPOTX>
    <SEOCOMPOTX>
     <CLSNAME>ZCL_WD_TR_4005</CLSNAME>
     <CMPNAME>GC_STATUS_APPROVED_YY</CMPNAME>
     <LANGU>1</LANGU>
     <DESCRIPT>开立保函申请单状态-用印审批通过</DESCRIPT>
    </SEOCOMPOTX>
    <SEOCOMPOTX>
     <CLSNAME>ZCL_WD_TR_4005</CLSNAME>
     <CMPNAME>GC_STATUS_DELETE</CMPNAME>
     <LANGU>1</LANGU>
     <DESCRIPT>开立保函申请单状态-删除</DESCRIPT>
    </SEOCOMPOTX>
    <SEOCOMPOTX>
     <CLSNAME>ZCL_WD_TR_4005</CLSNAME>
     <CMPNAME>GC_STATUS_FAIL</CMPNAME>
     <LANGU>1</LANGU>
     <DESCRIPT>开立保函申请单状态-办理失败</DESCRIPT>
    </SEOCOMPOTX>
    <SEOCOMPOTX>
     <CLSNAME>ZCL_WD_TR_4005</CLSNAME>
     <CMPNAME>GC_STATUS_REJECT</CMPNAME>
     <LANGU>1</LANGU>
     <DESCRIPT>开立保函申请单状态-OA审批拒绝</DESCRIPT>
    </SEOCOMPOTX>
    <SEOCOMPOTX>
     <CLSNAME>ZCL_WD_TR_4005</CLSNAME>
     <CMPNAME>GC_STATUS_REJECT_YY</CMPNAME>
     <LANGU>1</LANGU>
     <DESCRIPT>开立保函申请单状态-用印审批拒绝</DESCRIPT>
    </SEOCOMPOTX>
    <SEOCOMPOTX>
     <CLSNAME>ZCL_WD_TR_4005</CLSNAME>
     <CMPNAME>GC_STATUS_RETURN</CMPNAME>
     <LANGU>1</LANGU>
     <DESCRIPT>开立保函申请单状态-OA审批退回</DESCRIPT>
    </SEOCOMPOTX>
    <SEOCOMPOTX>
     <CLSNAME>ZCL_WD_TR_4005</CLSNAME>
     <CMPNAME>GC_STATUS_RETURN_YY</CMPNAME>
     <LANGU>1</LANGU>
     <DESCRIPT>开立保函申请单状态-用印审批退回</DESCRIPT>
    </SEOCOMPOTX>
    <SEOCOMPOTX>
     <CLSNAME>ZCL_WD_TR_4005</CLSNAME>
     <CMPNAME>GC_STATUS_SAVE</CMPNAME>
     <LANGU>1</LANGU>
     <DESCRIPT>开立保函申请单状态-保存</DESCRIPT>
    </SEOCOMPOTX>
    <SEOCOMPOTX>
     <CLSNAME>ZCL_WD_TR_4005</CLSNAME>
     <CMPNAME>GC_STATUS_SUCCESS</CMPNAME>
     <LANGU>1</LANGU>
     <DESCRIPT>开立保函申请单状态-办理成功</DESCRIPT>
    </SEOCOMPOTX>
    <SEOCOMPOTX>
     <CLSNAME>ZCL_WD_TR_4005</CLSNAME>
     <CMPNAME>GC_STATUS_UNDER_APPROVAL</CMPNAME>
     <LANGU>1</LANGU>
     <DESCRIPT>开立保函申请单状态-提交OA审批</DESCRIPT>
    </SEOCOMPOTX>
    <SEOCOMPOTX>
     <CLSNAME>ZCL_WD_TR_4005</CLSNAME>
     <CMPNAME>GC_STATUS_UNDER_APPROVAL_YY</CMPNAME>
     <LANGU>1</LANGU>
     <DESCRIPT>开立保函申请单状态-提交用印审批</DESCRIPT>
    </SEOCOMPOTX>
    <SEOCOMPOTX>
     <CLSNAME>ZCL_WD_TR_4005</CLSNAME>
     <CMPNAME>GS_T4005_01</CMPNAME>
     <LANGU>1</LANGU>
     <DESCRIPT>开立保函申请单</DESCRIPT>
    </SEOCOMPOTX>
    <SEOCOMPOTX>
     <CLSNAME>ZCL_WD_TR_4005</CLSNAME>
     <CMPNAME>GS_T4006_01</CMPNAME>
     <LANGU>1</LANGU>
     <DESCRIPT>开立内保外贷申请单</DESCRIPT>
    </SEOCOMPOTX>
    <SEOCOMPOTX>
     <CLSNAME>ZCL_WD_TR_4005</CLSNAME>
     <CMPNAME>GT_FIN_SUB_CLASS</CMPNAME>
     <LANGU>1</LANGU>
     <DESCRIPT>融资细类</DESCRIPT>
    </SEOCOMPOTX>
    <SEOCOMPOTX>
     <CLSNAME>ZCL_WD_TR_4005</CLSNAME>
     <CMPNAME>GT_TCURC</CMPNAME>
     <LANGU>1</LANGU>
     <DESCRIPT>货币码</DESCRIPT>
    </SEOCOMPOTX>
    <SEOCOMPOTX>
     <CLSNAME>ZCL_WD_TR_4005</CLSNAME>
     <CMPNAME>GT_ZFDZT_TEXT</CMPNAME>
     <LANGU>1</LANGU>
     <DESCRIPT>DOMAIN NAME</DESCRIPT>
    </SEOCOMPOTX>
    <SEOCOMPOTX>
     <CLSNAME>ZCL_WD_TR_4005</CLSNAME>
     <CMPNAME>GV_ATTACHMENT_TMP_GUID</CMPNAME>
     <LANGU>1</LANGU>
     <DESCRIPT>附件临时GUID</DESCRIPT>
    </SEOCOMPOTX>
    <SEOCOMPOTX>
     <CLSNAME>ZCL_WD_TR_4005</CLSNAME>
     <CMPNAME>GV_ECOO_NO</CMPNAME>
     <LANGU>1</LANGU>
     <DESCRIPT>内保外贷台账号</DESCRIPT>
    </SEOCOMPOTX>
    <SEOCOMPOTX>
     <CLSNAME>ZCL_WD_TR_4005</CLSNAME>
     <CMPNAME>GV_EXTERNAL_WINDOW_FLAG</CMPNAME>
     <LANGU>1</LANGU>
     <DESCRIPT>外部窗口标识</DESCRIPT>
    </SEOCOMPOTX>
    <SEOCOMPOTX>
     <CLSNAME>ZCL_WD_TR_4005</CLSNAME>
     <CMPNAME>GV_LG_NO</CMPNAME>
     <LANGU>1</LANGU>
     <DESCRIPT>开立保函台账号</DESCRIPT>
    </SEOCOMPOTX>
    <SEOCOMPOTX>
     <CLSNAME>ZCL_WD_TR_4005</CLSNAME>
     <CMPNAME>GV_LOCK_FLAG</CMPNAME>
     <LANGU>1</LANGU>
     <DESCRIPT>锁定标识</DESCRIPT>
    </SEOCOMPOTX>
    <SEOCOMPOTX>
     <CLSNAME>ZCL_WD_TR_4005</CLSNAME>
     <CMPNAME>GV_SHOW_MODE</CMPNAME>
     <LANGU>1</LANGU>
     <DESCRIPT>显示模式</DESCRIPT>
    </SEOCOMPOTX>
   </DESCRIPTIONS>
  </asx:values>
 </asx:abap>
</abapGit>
