﻿<?xml version="1.0" encoding="utf-8"?>
<abapGit version="v1.0.0" serializer="LCL_OBJECT_CLAS" serializer_version="v1.0.0">
 <asx:abap xmlns:asx="http://www.sap.com/abapxml" version="1.0">
  <asx:values>
   <VSEOCLASS>
    <CLSNAME>ZCL_TR_3027_GUI</CLSNAME>
    <VERSION>1</VERSION>
    <LANGU>1</LANGU>
    <DESCRIPT>买方信贷评分类</DESCRIPT>
    <STATE>1</STATE>
    <CLSCCINCL>X</CLSCCINCL>
    <FIXPT>X</FIXPT>
    <UNICODE>X</UNICODE>
   </VSEOCLASS>
   <DESCRIPTIONS>
    <SEOCOMPOTX>
     <CLSNAME>ZCL_TR_3027_GUI</CLSNAME>
     <CMPNAME>A0_1</CMPNAME>
     <LANGU>1</LANGU>
     <DESCRIPT>A0 1类型的接口</DESCRIPT>
    </SEOCOMPOTX>
    <SEOCOMPOTX>
     <CLSNAME>ZCL_TR_3027_GUI</CLSNAME>
     <CMPNAME>A0_2</CMPNAME>
     <LANGU>1</LANGU>
     <DESCRIPT>A0 2类型的接口</DESCRIPT>
    </SEOCOMPOTX>
    <SEOCOMPOTX>
     <CLSNAME>ZCL_TR_3027_GUI</CLSNAME>
     <CMPNAME>A0_3</CMPNAME>
     <LANGU>1</LANGU>
     <DESCRIPT>A0 3类型的接口</DESCRIPT>
    </SEOCOMPOTX>
    <SEOCOMPOTX>
     <CLSNAME>ZCL_TR_3027_GUI</CLSNAME>
     <CMPNAME>A0_4</CMPNAME>
     <LANGU>1</LANGU>
     <DESCRIPT>A0 4类型的接口</DESCRIPT>
    </SEOCOMPOTX>
    <SEOCOMPOTX>
     <CLSNAME>ZCL_TR_3027_GUI</CLSNAME>
     <CMPNAME>B0_1</CMPNAME>
     <LANGU>1</LANGU>
     <DESCRIPT>B0 1类型的接口</DESCRIPT>
    </SEOCOMPOTX>
    <SEOCOMPOTX>
     <CLSNAME>ZCL_TR_3027_GUI</CLSNAME>
     <CMPNAME>B0_2</CMPNAME>
     <LANGU>1</LANGU>
     <DESCRIPT>B0 2类型的接口</DESCRIPT>
    </SEOCOMPOTX>
    <SEOCOMPOTX>
     <CLSNAME>ZCL_TR_3027_GUI</CLSNAME>
     <CMPNAME>B0_3</CMPNAME>
     <LANGU>1</LANGU>
     <DESCRIPT>B0 3类型的接口</DESCRIPT>
    </SEOCOMPOTX>
    <SEOCOMPOTX>
     <CLSNAME>ZCL_TR_3027_GUI</CLSNAME>
     <CMPNAME>B0_4</CMPNAME>
     <LANGU>1</LANGU>
     <DESCRIPT>B0 4类型的接口</DESCRIPT>
    </SEOCOMPOTX>
    <SEOCOMPOTX>
     <CLSNAME>ZCL_TR_3027_GUI</CLSNAME>
     <CMPNAME>B0_5</CMPNAME>
     <LANGU>1</LANGU>
     <DESCRIPT>B0 5类型的接口</DESCRIPT>
    </SEOCOMPOTX>
    <SEOCOMPOTX>
     <CLSNAME>ZCL_TR_3027_GUI</CLSNAME>
     <CMPNAME>B0_6</CMPNAME>
     <LANGU>1</LANGU>
     <DESCRIPT>B0 6类型的接口</DESCRIPT>
    </SEOCOMPOTX>
    <SEOCOMPOTX>
     <CLSNAME>ZCL_TR_3027_GUI</CLSNAME>
     <CMPNAME>B0_7</CMPNAME>
     <LANGU>1</LANGU>
     <DESCRIPT>B0 7类型的接口</DESCRIPT>
    </SEOCOMPOTX>
    <SEOCOMPOTX>
     <CLSNAME>ZCL_TR_3027_GUI</CLSNAME>
     <CMPNAME>B0_8</CMPNAME>
     <LANGU>1</LANGU>
     <DESCRIPT>B0 8类型的接口</DESCRIPT>
    </SEOCOMPOTX>
    <SEOCOMPOTX>
     <CLSNAME>ZCL_TR_3027_GUI</CLSNAME>
     <CMPNAME>B0_9</CMPNAME>
     <LANGU>1</LANGU>
     <DESCRIPT>B0 9类型的接口</DESCRIPT>
    </SEOCOMPOTX>
    <SEOCOMPOTX>
     <CLSNAME>ZCL_TR_3027_GUI</CLSNAME>
     <CMPNAME>C0_1</CMPNAME>
     <LANGU>1</LANGU>
     <DESCRIPT>C0 1类型的接口</DESCRIPT>
    </SEOCOMPOTX>
    <SEOCOMPOTX>
     <CLSNAME>ZCL_TR_3027_GUI</CLSNAME>
     <CMPNAME>C0_2</CMPNAME>
     <LANGU>1</LANGU>
     <DESCRIPT>C0 2类型的接口</DESCRIPT>
    </SEOCOMPOTX>
    <SEOCOMPOTX>
     <CLSNAME>ZCL_TR_3027_GUI</CLSNAME>
     <CMPNAME>C0_3</CMPNAME>
     <LANGU>1</LANGU>
     <DESCRIPT>C0 3类型的接口</DESCRIPT>
    </SEOCOMPOTX>
    <SEOCOMPOTX>
     <CLSNAME>ZCL_TR_3027_GUI</CLSNAME>
     <CMPNAME>C0_4</CMPNAME>
     <LANGU>1</LANGU>
     <DESCRIPT>C0 4类型的接口</DESCRIPT>
    </SEOCOMPOTX>
    <SEOCOMPOTX>
     <CLSNAME>ZCL_TR_3027_GUI</CLSNAME>
     <CMPNAME>D0_1</CMPNAME>
     <LANGU>1</LANGU>
     <DESCRIPT>D0 1类型的接口</DESCRIPT>
    </SEOCOMPOTX>
    <SEOCOMPOTX>
     <CLSNAME>ZCL_TR_3027_GUI</CLSNAME>
     <CMPNAME>D0_2</CMPNAME>
     <LANGU>1</LANGU>
     <DESCRIPT>D0 2类型的接口</DESCRIPT>
    </SEOCOMPOTX>
    <SEOCOMPOTX>
     <CLSNAME>ZCL_TR_3027_GUI</CLSNAME>
     <CMPNAME>D0_3</CMPNAME>
     <LANGU>1</LANGU>
     <DESCRIPT>D0 3类型的接口</DESCRIPT>
    </SEOCOMPOTX>
    <SEOCOMPOTX>
     <CLSNAME>ZCL_TR_3027_GUI</CLSNAME>
     <CMPNAME>D0_4</CMPNAME>
     <LANGU>1</LANGU>
     <DESCRIPT>D0 4类型的接口</DESCRIPT>
    </SEOCOMPOTX>
    <SEOCOMPOTX>
     <CLSNAME>ZCL_TR_3027_GUI</CLSNAME>
     <CMPNAME>D0_5</CMPNAME>
     <LANGU>1</LANGU>
     <DESCRIPT>D0 5类型的接口</DESCRIPT>
    </SEOCOMPOTX>
    <SEOCOMPOTX>
     <CLSNAME>ZCL_TR_3027_GUI</CLSNAME>
     <CMPNAME>D0_6</CMPNAME>
     <LANGU>1</LANGU>
     <DESCRIPT>D0 6类型的接口</DESCRIPT>
    </SEOCOMPOTX>
    <SEOCOMPOTX>
     <CLSNAME>ZCL_TR_3027_GUI</CLSNAME>
     <CMPNAME>E0_1</CMPNAME>
     <LANGU>1</LANGU>
     <DESCRIPT>E0 1类型的接口</DESCRIPT>
    </SEOCOMPOTX>
    <SEOCOMPOTX>
     <CLSNAME>ZCL_TR_3027_GUI</CLSNAME>
     <CMPNAME>E0_2</CMPNAME>
     <LANGU>1</LANGU>
     <DESCRIPT>E0 2类型的接口</DESCRIPT>
    </SEOCOMPOTX>
    <SEOCOMPOTX>
     <CLSNAME>ZCL_TR_3027_GUI</CLSNAME>
     <CMPNAME>E0_3</CMPNAME>
     <LANGU>1</LANGU>
     <DESCRIPT>E0 3类型的接口</DESCRIPT>
    </SEOCOMPOTX>
    <SEOCOMPOTX>
     <CLSNAME>ZCL_TR_3027_GUI</CLSNAME>
     <CMPNAME>E0_4</CMPNAME>
     <LANGU>1</LANGU>
     <DESCRIPT>E0 4类型的接口</DESCRIPT>
    </SEOCOMPOTX>
    <SEOCOMPOTX>
     <CLSNAME>ZCL_TR_3027_GUI</CLSNAME>
     <CMPNAME>E0_5</CMPNAME>
     <LANGU>1</LANGU>
     <DESCRIPT>E0 5类型的接口</DESCRIPT>
    </SEOCOMPOTX>
    <SEOCOMPOTX>
     <CLSNAME>ZCL_TR_3027_GUI</CLSNAME>
     <CMPNAME>E0_6</CMPNAME>
     <LANGU>1</LANGU>
     <DESCRIPT>E0 6类型的接口</DESCRIPT>
    </SEOCOMPOTX>
   </DESCRIPTIONS>
  </asx:values>
 </asx:abap>
</abapGit>
