﻿<?xml version="1.0" encoding="utf-8"?>
<abapGit version="v1.0.0" serializer="LCL_OBJECT_CLAS" serializer_version="v1.0.0">
 <asx:abap xmlns:asx="http://www.sap.com/abapxml" version="1.0">
  <asx:values>
   <VSEOCLASS>
    <CLSNAME>ZCL_TR_3015</CLSNAME>
    <VERSION>1</VERSION>
    <LANGU>1</LANGU>
    <DESCRIPT>月预估项目计划辅助类</DESCRIPT>
    <STATE>1</STATE>
    <CLSCCINCL>X</CLSCCINCL>
    <FIXPT>X</FIXPT>
    <UNICODE>X</UNICODE>
   </VSEOCLASS>
   <TPOOL>
    <item>
     <ID>I</ID>
     <KEY>M01</KEY>
     <ENTRY>无法找到符合要求的月度资金计划编号，请检查资金计划周期配置表是否已经维护对应月份的周期配置.</ENTRY>
     <LENGTH>94</LENGTH>
    </item>
    <item>
     <ID>I</ID>
     <KEY>M02</KEY>
     <ENTRY>公司或年度或月份或计划责任部门不能为空</ENTRY>
     <LENGTH>27</LENGTH>
    </item>
    <item>
     <ID>I</ID>
     <KEY>M03</KEY>
     <ENTRY>请输入有效的行项</ENTRY>
     <LENGTH>18</LENGTH>
    </item>
    <item>
     <ID>I</ID>
     <KEY>M04</KEY>
     <ENTRY>同一周内现金流量代码重复，请重新选择预计收支日期</ENTRY>
     <LENGTH>25</LENGTH>
    </item>
    <item>
     <ID>I</ID>
     <KEY>M05</KEY>
     <ENTRY>行项目:</ENTRY>
     <LENGTH>13</LENGTH>
    </item>
    <item>
     <ID>I</ID>
     <KEY>M06</KEY>
     <ENTRY>现金流量代码、货币、收付款方式、金额、预计收支日期为必填项.</ENTRY>
     <LENGTH>42</LENGTH>
    </item>
    <item>
     <ID>I</ID>
     <KEY>M07</KEY>
     <ENTRY>已存在月预估项目计划，不能重复创建</ENTRY>
     <LENGTH>27</LENGTH>
    </item>
    <item>
     <ID>I</ID>
     <KEY>M08</KEY>
     <ENTRY>该计划责任部门财年:</ENTRY>
     <LENGTH>10</LENGTH>
    </item>
    <item>
     <ID>I</ID>
     <KEY>M09</KEY>
     <ENTRY>期间:</ENTRY>
     <LENGTH>13</LENGTH>
    </item>
    <item>
     <ID>I</ID>
     <KEY>M10</KEY>
     <ENTRY>计划责任部门并不包含现金流量代码</ENTRY>
     <LENGTH>18</LENGTH>
    </item>
    <item>
     <ID>I</ID>
     <KEY>M11</KEY>
     <ENTRY>现金流量代码</ENTRY>
     <LENGTH>15</LENGTH>
    </item>
    <item>
     <ID>I</ID>
     <KEY>M12</KEY>
     <ENTRY>支出</ENTRY>
     <LENGTH>12</LENGTH>
    </item>
    <item>
     <ID>I</ID>
     <KEY>M13</KEY>
     <ENTRY>收入</ENTRY>
     <LENGTH>12</LENGTH>
    </item>
    <item>
     <ID>I</ID>
     <KEY>M14</KEY>
     <ENTRY>,供应商不正确</ENTRY>
     <LENGTH>17</LENGTH>
    </item>
    <item>
     <ID>I</ID>
     <KEY>M15</KEY>
     <ENTRY>预计收支日期没有找到对应周.</ENTRY>
     <LENGTH>21</LENGTH>
    </item>
    <item>
     <ID>I</ID>
     <KEY>M16</KEY>
     <ENTRY>现金流量代码&apos;D11&apos;, 项目必输.</ENTRY>
     <LENGTH>30</LENGTH>
    </item>
    <item>
     <ID>I</ID>
     <KEY>M17</KEY>
     <ENTRY>项目不正确.</ENTRY>
     <LENGTH>10</LENGTH>
    </item>
    <item>
     <ID>I</ID>
     <KEY>M18</KEY>
     <ENTRY>货币不正确.</ENTRY>
     <LENGTH>16</LENGTH>
    </item>
    <item>
     <ID>I</ID>
     <KEY>M19</KEY>
     <ENTRY>计划责任部门无效:</ENTRY>
     <LENGTH>17</LENGTH>
    </item>
    <item>
     <ID>I</ID>
     <KEY>M20</KEY>
     <ENTRY>收支方式必输.</ENTRY>
     <LENGTH>17</LENGTH>
    </item>
    <item>
     <ID>I</ID>
     <KEY>M21</KEY>
     <ENTRY>月没有对应的月资金计划版本.</ENTRY>
     <LENGTH>24</LENGTH>
    </item>
    <item>
     <ID>I</ID>
     <KEY>M22</KEY>
     <ENTRY>已根据会计年度与月份自动更新月度资金计划版本</ENTRY>
     <LENGTH>44</LENGTH>
    </item>
    <item>
     <ID>I</ID>
     <KEY>M23</KEY>
     <ENTRY>公司代码不存在</ENTRY>
     <LENGTH>17</LENGTH>
    </item>
    <item>
     <ID>I</ID>
     <KEY>M24</KEY>
     <ENTRY>项目不存在</ENTRY>
     <LENGTH>15</LENGTH>
    </item>
    <item>
     <ID>I</ID>
     <KEY>M25</KEY>
     <ENTRY>已存在于月预估项目计划</ENTRY>
     <LENGTH>25</LENGTH>
    </item>
   </TPOOL>
   <DESCRIPTIONS>
    <SEOCOMPOTX>
     <CLSNAME>ZCL_TR_3015</CLSNAME>
     <CMPNAME>CONSTRUCTOR</CMPNAME>
     <LANGU>1</LANGU>
     <DESCRIPT>CONSTRUCTOR</DESCRIPT>
    </SEOCOMPOTX>
    <SEOCOMPOTX>
     <CLSNAME>ZCL_TR_3015</CLSNAME>
     <CMPNAME>GET_FUNDS_FOR_KOSTL</CMPNAME>
     <LANGU>1</LANGU>
     <DESCRIPT>获取成本中心对应的现金流量</DESCRIPT>
    </SEOCOMPOTX>
    <SEOCOMPOTX>
     <CLSNAME>ZCL_TR_3015</CLSNAME>
     <CMPNAME>GET_FUND_FLOW</CMPNAME>
     <LANGU>1</LANGU>
     <DESCRIPT>获取资金现金流量表</DESCRIPT>
    </SEOCOMPOTX>
    <SEOCOMPOTX>
     <CLSNAME>ZCL_TR_3015</CLSNAME>
     <CMPNAME>GET_FUND_FLOWS</CMPNAME>
     <LANGU>1</LANGU>
     <DESCRIPT>获取资金现金流量表</DESCRIPT>
    </SEOCOMPOTX>
    <SEOCOMPOTX>
     <CLSNAME>ZCL_TR_3015</CLSNAME>
     <CMPNAME>GET_HEAD_3016</CMPNAME>
     <LANGU>1</LANGU>
     <DESCRIPT>获取周预估计划项目</DESCRIPT>
    </SEOCOMPOTX>
    <SEOCOMPOTX>
     <CLSNAME>ZCL_TR_3015</CLSNAME>
     <CMPNAME>GET_KOSTLS</CMPNAME>
     <LANGU>1</LANGU>
     <DESCRIPT>获取公司对应的成本中心(放弃)</DESCRIPT>
    </SEOCOMPOTX>
    <SEOCOMPOTX>
     <CLSNAME>ZCL_TR_3015</CLSNAME>
     <CMPNAME>GET_KOSTLS_V2</CMPNAME>
     <LANGU>1</LANGU>
     <DESCRIPT>获取公司对应的成本中心</DESCRIPT>
    </SEOCOMPOTX>
    <SEOCOMPOTX>
     <CLSNAME>ZCL_TR_3015</CLSNAME>
     <CMPNAME>GET_KOSTLS_V3</CMPNAME>
     <LANGU>1</LANGU>
     <DESCRIPT>获取公司对应的成本中心</DESCRIPT>
    </SEOCOMPOTX>
    <SEOCOMPOTX>
     <CLSNAME>ZCL_TR_3015</CLSNAME>
     <CMPNAME>GET_MPLAN_VERSION</CMPNAME>
     <LANGU>1</LANGU>
     <DESCRIPT>获取资金计化月度版本号</DESCRIPT>
    </SEOCOMPOTX>
    <SEOCOMPOTX>
     <CLSNAME>ZCL_TR_3015</CLSNAME>
     <CMPNAME>GET_STATUS</CMPNAME>
     <LANGU>1</LANGU>
     <DESCRIPT>获取状态文本</DESCRIPT>
    </SEOCOMPOTX>
    <SEOCOMPOTX>
     <CLSNAME>ZCL_TR_3015</CLSNAME>
     <CMPNAME>GS_HEAD</CMPNAME>
     <LANGU>1</LANGU>
     <DESCRIPT>月预估项目计划单</DESCRIPT>
    </SEOCOMPOTX>
    <SEOCOMPOTX>
     <CLSNAME>ZCL_TR_3015</CLSNAME>
     <CMPNAME>GS_ITEM</CMPNAME>
     <LANGU>1</LANGU>
     <DESCRIPT>月预估项目计划单行项</DESCRIPT>
    </SEOCOMPOTX>
    <SEOCOMPOTX>
     <CLSNAME>ZCL_TR_3015</CLSNAME>
     <CMPNAME>GT_ITEM</CMPNAME>
     <LANGU>1</LANGU>
     <DESCRIPT>月预估项目计划单行项</DESCRIPT>
    </SEOCOMPOTX>
   </DESCRIPTIONS>
  </asx:values>
 </asx:abap>
</abapGit>
