﻿<?xml version="1.0" encoding="utf-8"?>
<abapGit version="v1.0.0" serializer="LCL_OBJECT_CLAS" serializer_version="v1.0.0">
 <asx:abap xmlns:asx="http://www.sap.com/abapxml" version="1.0">
  <asx:values>
   <VSEOCLASS>
    <CLSNAME>ZCL_TR_GETDESC</CLSNAME>
    <VERSION>1</VERSION>
    <LANGU>1</LANGU>
    <DESCRIPT>资金各种获取描述</DESCRIPT>
    <STATE>1</STATE>
    <CLSCCINCL>X</CLSCCINCL>
    <FIXPT>X</FIXPT>
    <UNICODE>X</UNICODE>
   </VSEOCLASS>
   <DESCRIPTIONS>
    <SEOCOMPOTX>
     <CLSNAME>ZCL_TR_GETDESC</CLSNAME>
     <CMPNAME>GET_BANKL_DESC</CMPNAME>
     <LANGU>1</LANGU>
     <DESCRIPT>获取银行代码描述</DESCRIPT>
    </SEOCOMPOTX>
    <SEOCOMPOTX>
     <CLSNAME>ZCL_TR_GETDESC</CLSNAME>
     <CMPNAME>GET_BANK_DETAIL</CMPNAME>
     <LANGU>1</LANGU>
     <DESCRIPT>获取银行账号描述、开户行描述</DESCRIPT>
    </SEOCOMPOTX>
    <SEOCOMPOTX>
     <CLSNAME>ZCL_TR_GETDESC</CLSNAME>
     <CMPNAME>GET_BP_NAME</CMPNAME>
     <LANGU>1</LANGU>
     <DESCRIPT>获取BP名字</DESCRIPT>
    </SEOCOMPOTX>
    <SEOCOMPOTX>
     <CLSNAME>ZCL_TR_GETDESC</CLSNAME>
     <CMPNAME>GET_BTYPE_DESC</CMPNAME>
     <LANGU>1</LANGU>
     <DESCRIPT>获取订单类型描述</DESCRIPT>
    </SEOCOMPOTX>
    <SEOCOMPOTX>
     <CLSNAME>ZCL_TR_GETDESC</CLSNAME>
     <CMPNAME>GET_BUKRS_DESC</CMPNAME>
     <LANGU>1</LANGU>
     <DESCRIPT>获取公司描述</DESCRIPT>
    </SEOCOMPOTX>
    <SEOCOMPOTX>
     <CLSNAME>ZCL_TR_GETDESC</CLSNAME>
     <CMPNAME>GET_DOMAIN_DESE</CMPNAME>
     <LANGU>1</LANGU>
     <DESCRIPT>获取域对应的描述</DESCRIPT>
    </SEOCOMPOTX>
    <SEOCOMPOTX>
     <CLSNAME>ZCL_TR_GETDESC</CLSNAME>
     <CMPNAME>GET_FKFS_DESC</CMPNAME>
     <LANGU>1</LANGU>
     <DESCRIPT>获取付款方式描述</DESCRIPT>
    </SEOCOMPOTX>
    <SEOCOMPOTX>
     <CLSNAME>ZCL_TR_GETDESC</CLSNAME>
     <CMPNAME>GET_FKTK_DESC</CMPNAME>
     <LANGU>1</LANGU>
     <DESCRIPT>获取付款条款描述</DESCRIPT>
    </SEOCOMPOTX>
    <SEOCOMPOTX>
     <CLSNAME>ZCL_TR_GETDESC</CLSNAME>
     <CMPNAME>GET_FUND_DESC</CMPNAME>
     <LANGU>1</LANGU>
     <DESCRIPT>获取现金流量描述</DESCRIPT>
    </SEOCOMPOTX>
    <SEOCOMPOTX>
     <CLSNAME>ZCL_TR_GETDESC</CLSNAME>
     <CMPNAME>GET_KKBER_DESC</CMPNAME>
     <LANGU>1</LANGU>
     <DESCRIPT>获取信用控制范围描述</DESCRIPT>
    </SEOCOMPOTX>
    <SEOCOMPOTX>
     <CLSNAME>ZCL_TR_GETDESC</CLSNAME>
     <CMPNAME>GET_KOSTL_DESC</CMPNAME>
     <LANGU>1</LANGU>
     <DESCRIPT>获取成本中心描述</DESCRIPT>
    </SEOCOMPOTX>
    <SEOCOMPOTX>
     <CLSNAME>ZCL_TR_GETDESC</CLSNAME>
     <CMPNAME>GET_KUNNR_DESC</CMPNAME>
     <LANGU>1</LANGU>
     <DESCRIPT>获取客户描述</DESCRIPT>
    </SEOCOMPOTX>
    <SEOCOMPOTX>
     <CLSNAME>ZCL_TR_GETDESC</CLSNAME>
     <CMPNAME>GET_KXXZ_DESC</CMPNAME>
     <LANGU>1</LANGU>
     <DESCRIPT>获取款项性质描述</DESCRIPT>
    </SEOCOMPOTX>
    <SEOCOMPOTX>
     <CLSNAME>ZCL_TR_GETDESC</CLSNAME>
     <CMPNAME>GET_LIFNR_DESC</CMPNAME>
     <LANGU>1</LANGU>
     <DESCRIPT>获取供应商描述</DESCRIPT>
    </SEOCOMPOTX>
    <SEOCOMPOTX>
     <CLSNAME>ZCL_TR_GETDESC</CLSNAME>
     <CMPNAME>GET_MATNR_DESC</CMPNAME>
     <LANGU>1</LANGU>
     <DESCRIPT>获取物料描述</DESCRIPT>
    </SEOCOMPOTX>
    <SEOCOMPOTX>
     <CLSNAME>ZCL_TR_GETDESC</CLSNAME>
     <CMPNAME>GET_PRCTR_DESC</CMPNAME>
     <LANGU>1</LANGU>
     <DESCRIPT>获取利润中心描述</DESCRIPT>
    </SEOCOMPOTX>
    <SEOCOMPOTX>
     <CLSNAME>ZCL_TR_GETDESC</CLSNAME>
     <CMPNAME>GET_RANL_FROM_DOCNO</CMPNAME>
     <LANGU>1</LANGU>
     <DESCRIPT>根据申请单号获取合同号</DESCRIPT>
    </SEOCOMPOTX>
    <SEOCOMPOTX>
     <CLSNAME>ZCL_TR_GETDESC</CLSNAME>
     <CMPNAME>GET_RSTGR_DESC</CMPNAME>
     <LANGU>1</LANGU>
     <DESCRIPT>付款原因代码描述/现金流量代码描述</DESCRIPT>
    </SEOCOMPOTX>
    <SEOCOMPOTX>
     <CLSNAME>ZCL_TR_GETDESC</CLSNAME>
     <CMPNAME>GET_TVKBZ_DESC</CMPNAME>
     <LANGU>1</LANGU>
     <DESCRIPT>获取销售办公室描述</DESCRIPT>
    </SEOCOMPOTX>
    <SEOCOMPOTX>
     <CLSNAME>ZCL_TR_GETDESC</CLSNAME>
     <CMPNAME>GET_VKORG_DESC</CMPNAME>
     <LANGU>1</LANGU>
     <DESCRIPT>获取销售组织描述</DESCRIPT>
    </SEOCOMPOTX>
    <SEOCOMPOTX>
     <CLSNAME>ZCL_TR_GETDESC</CLSNAME>
     <CMPNAME>GET_VTWEG_DESC</CMPNAME>
     <LANGU>1</LANGU>
     <DESCRIPT>获取分销渠道描述</DESCRIPT>
    </SEOCOMPOTX>
    <SEOCOMPOTX>
     <CLSNAME>ZCL_TR_GETDESC</CLSNAME>
     <CMPNAME>GET_YHZH_DESC</CMPNAME>
     <LANGU>1</LANGU>
     <DESCRIPT>根据简要键取银行账户和描述</DESCRIPT>
    </SEOCOMPOTX>
   </DESCRIPTIONS>
  </asx:values>
 </asx:abap>
</abapGit>
