﻿<?xml version="1.0" encoding="utf-8"?>
<abapGit version="v1.0.0" serializer="LCL_OBJECT_CLAS" serializer_version="v1.0.0">
 <asx:abap xmlns:asx="http://www.sap.com/abapxml" version="1.0">
  <asx:values>
   <VSEOCLASS>
    <CLSNAME>ZCL_BANK_HTTP_CLIENT</CLSNAME>
    <VERSION>1</VERSION>
    <LANGU>1</LANGU>
    <DESCRIPT>HTTP Client for Bank</DESCRIPT>
    <STATE>1</STATE>
    <CLSCCINCL>X</CLSCCINCL>
    <FIXPT>X</FIXPT>
    <UNICODE>X</UNICODE>
    <RSTAT>K</RSTAT>
    <MSG_ID>ZTR_BANK_APPLICATION</MSG_ID>
   </VSEOCLASS>
   <TPOOL>
    <item>
     <ID>I</ID>
     <KEY>001</KEY>
     <ENTRY>向银行&amp;的目标&amp;发送操作&amp;(&amp;)步骤(&amp;)的数据时出现异常错误:&amp;。</ENTRY>
     <LENGTH>64</LENGTH>
    </item>
    <item>
     <ID>I</ID>
     <KEY>002</KEY>
     <ENTRY>接收银行&amp;目标&amp;操作&amp;(&amp;)步骤(&amp;)的数据时出现异常错误&amp;。</ENTRY>
     <LENGTH>62</LENGTH>
    </item>
   </TPOOL>
   <DESCRIPTIONS>
    <SEOCOMPOTX>
     <CLSNAME>ZCL_BANK_HTTP_CLIENT</CLSNAME>
     <CMPNAME>BANK_INDICATOR</CMPNAME>
     <LANGU>1</LANGU>
     <DESCRIPT>银企直连中的银行标志</DESCRIPT>
    </SEOCOMPOTX>
    <SEOCOMPOTX>
     <CLSNAME>ZCL_BANK_HTTP_CLIENT</CLSNAME>
     <CMPNAME>CLIENT</CMPNAME>
     <LANGU>1</LANGU>
     <DESCRIPT>HTTP Client Abstraction</DESCRIPT>
    </SEOCOMPOTX>
    <SEOCOMPOTX>
     <CLSNAME>ZCL_BANK_HTTP_CLIENT</CLSNAME>
     <CMPNAME>CONSTRUCTOR</CMPNAME>
     <LANGU>1</LANGU>
     <DESCRIPT>CONSTRUCTOR</DESCRIPT>
    </SEOCOMPOTX>
    <SEOCOMPOTX>
     <CLSNAME>ZCL_BANK_HTTP_CLIENT</CLSNAME>
     <CMPNAME>DESTINATION</CMPNAME>
     <LANGU>1</LANGU>
     <DESCRIPT>前置机逻辑目标</DESCRIPT>
    </SEOCOMPOTX>
    <SEOCOMPOTX>
     <CLSNAME>ZCL_BANK_HTTP_CLIENT</CLSNAME>
     <CMPNAME>HTTP_RFC_CONFIG</CMPNAME>
     <LANGU>1</LANGU>
     <DESCRIPT>银行HTTP前置机配置</DESCRIPT>
    </SEOCOMPOTX>
   </DESCRIPTIONS>
  </asx:values>
 </asx:abap>
</abapGit>
