﻿<?xml version="1.0" encoding="utf-8"?>
<abapGit version="v1.0.0" serializer="LCL_OBJECT_CLAS" serializer_version="v1.0.0">
 <asx:abap xmlns:asx="http://www.sap.com/abapxml" version="1.0">
  <asx:values>
   <VSEOCLASS>
    <CLSNAME>ZCL_BANK_APPLICATION_LOGGER</CLSNAME>
    <VERSION>1</VERSION>
    <LANGU>1</LANGU>
    <DESCRIPT>Logger</DESCRIPT>
    <STATE>1</STATE>
    <CLSCCINCL>X</CLSCCINCL>
    <FIXPT>X</FIXPT>
    <UNICODE>X</UNICODE>
    <RSTAT>K</RSTAT>
    <MSG_ID>ZTR_BANK_APPLICATION</MSG_ID>
   </VSEOCLASS>
   <DESCRIPTIONS>
    <SEOCOMPOTX>
     <CLSNAME>ZCL_BANK_APPLICATION_LOGGER</CLSNAME>
     <CMPNAME>CONSTRUCTOR</CMPNAME>
     <LANGU>1</LANGU>
     <DESCRIPT>CONSTRUCTOR</DESCRIPT>
    </SEOCOMPOTX>
    <SEOCOMPOTX>
     <CLSNAME>ZCL_BANK_APPLICATION_LOGGER</CLSNAME>
     <CMPNAME>FILE_LOGS</CMPNAME>
     <LANGU>1</LANGU>
     <DESCRIPT>Table type of ZTRT_BANK_FILE</DESCRIPT>
    </SEOCOMPOTX>
    <SEOCOMPOTX>
     <CLSNAME>ZCL_BANK_APPLICATION_LOGGER</CLSNAME>
     <CMPNAME>LOGS</CMPNAME>
     <LANGU>1</LANGU>
     <DESCRIPT>Table Type of ZTRT_BANK_LOG</DESCRIPT>
    </SEOCOMPOTX>
    <SEOCOMPOTX>
     <CLSNAME>ZCL_BANK_APPLICATION_LOGGER</CLSNAME>
     <CMPNAME>LOG_OBJECT_TYPE_BANK_ACCOUNT</CMPNAME>
     <LANGU>1</LANGU>
     <DESCRIPT>对象类型</DESCRIPT>
    </SEOCOMPOTX>
    <SEOCOMPOTX>
     <CLSNAME>ZCL_BANK_APPLICATION_LOGGER</CLSNAME>
     <CMPNAME>LOG_OBJECT_TYPE_PAYMENT_ENTRY</CMPNAME>
     <LANGU>1</LANGU>
     <DESCRIPT>对象类型</DESCRIPT>
    </SEOCOMPOTX>
    <SEOCOMPOTX>
     <CLSNAME>ZCL_BANK_APPLICATION_LOGGER</CLSNAME>
     <CMPNAME>LOG_OBJECT_TYPE_PAYMENT_ORDER</CMPNAME>
     <LANGU>1</LANGU>
     <DESCRIPT>对象类型</DESCRIPT>
    </SEOCOMPOTX>
    <SEOCOMPOTX>
     <CLSNAME>ZCL_BANK_APPLICATION_LOGGER</CLSNAME>
     <CMPNAME>MESSAGES</CMPNAME>
     <LANGU>1</LANGU>
     <DESCRIPT>Table Type of ZTRS_MESSAGE_COLLECTOR</DESCRIPT>
    </SEOCOMPOTX>
   </DESCRIPTIONS>
  </asx:values>
 </asx:abap>
</abapGit>
