﻿<?xml version="1.0" encoding="utf-8"?>
<abapGit version="v1.0.0" serializer="LCL_OBJECT_CLAS" serializer_version="v1.0.0">
 <asx:abap xmlns:asx="http://www.sap.com/abapxml" version="1.0">
  <asx:values>
   <VSEOCLASS>
    <CLSNAME>ZCL_WD_TR_4006</CLSNAME>
    <VERSION>1</VERSION>
    <LANGU>1</LANGU>
    <DESCRIPT>对外担保申请单</DESCRIPT>
    <STATE>1</STATE>
    <CLSCCINCL>X</CLSCCINCL>
    <FIXPT>X</FIXPT>
    <UNICODE>X</UNICODE>
   </VSEOCLASS>
   <TPOOL>
    <item>
     <ID>I</ID>
     <KEY>001</KEY>
     <ENTRY>对外担保申请单号</ENTRY>
     <LENGTH>18</LENGTH>
    </item>
    <item>
     <ID>I</ID>
     <KEY>002</KEY>
     <ENTRY>对外担保申请单状态</ENTRY>
     <LENGTH>19</LENGTH>
    </item>
    <item>
     <ID>I</ID>
     <KEY>003</KEY>
     <ENTRY>公司代码</ENTRY>
     <LENGTH>14</LENGTH>
    </item>
    <item>
     <ID>I</ID>
     <KEY>004</KEY>
     <ENTRY>申请人</ENTRY>
     <LENGTH>13</LENGTH>
    </item>
    <item>
     <ID>I</ID>
     <KEY>005</KEY>
     <ENTRY>申请日期</ENTRY>
     <LENGTH>14</LENGTH>
    </item>
    <item>
     <ID>I</ID>
     <KEY>006</KEY>
     <ENTRY>被担保企业</ENTRY>
     <LENGTH>15</LENGTH>
    </item>
    <item>
     <ID>I</ID>
     <KEY>007</KEY>
     <ENTRY>融资机构</ENTRY>
     <LENGTH>14</LENGTH>
    </item>
    <item>
     <ID>I</ID>
     <KEY>008</KEY>
     <ENTRY>担保类型</ENTRY>
     <LENGTH>14</LENGTH>
    </item>
    <item>
     <ID>I</ID>
     <KEY>009</KEY>
     <ENTRY>担保方式</ENTRY>
     <LENGTH>16</LENGTH>
    </item>
    <item>
     <ID>I</ID>
     <KEY>010</KEY>
     <ENTRY>主合同币种</ENTRY>
     <LENGTH>15</LENGTH>
    </item>
    <item>
     <ID>I</ID>
     <KEY>011</KEY>
     <ENTRY>主合同金额</ENTRY>
     <LENGTH>17</LENGTH>
    </item>
    <item>
     <ID>I</ID>
     <KEY>012</KEY>
     <ENTRY>计划开始日期</ENTRY>
     <LENGTH>16</LENGTH>
    </item>
    <item>
     <ID>I</ID>
     <KEY>013</KEY>
     <ENTRY>计划到期日期</ENTRY>
     <LENGTH>16</LENGTH>
    </item>
    <item>
     <ID>I</ID>
     <KEY>014</KEY>
     <ENTRY>担保合同开始日期</ENTRY>
     <LENGTH>18</LENGTH>
    </item>
    <item>
     <ID>I</ID>
     <KEY>015</KEY>
     <ENTRY>担保合同结束日期</ENTRY>
     <LENGTH>18</LENGTH>
    </item>
    <item>
     <ID>I</ID>
     <KEY>016</KEY>
     <ENTRY>担保合同号</ENTRY>
     <LENGTH>15</LENGTH>
    </item>
    <item>
     <ID>I</ID>
     <KEY>017</KEY>
     <ENTRY>新增</ENTRY>
     <LENGTH>12</LENGTH>
    </item>
    <item>
     <ID>I</ID>
     <KEY>018</KEY>
     <ENTRY>修改</ENTRY>
     <LENGTH>12</LENGTH>
    </item>
    <item>
     <ID>I</ID>
     <KEY>019</KEY>
     <ENTRY>删除</ENTRY>
     <LENGTH>12</LENGTH>
    </item>
    <item>
     <ID>I</ID>
     <KEY>020</KEY>
     <ENTRY>办理成功</ENTRY>
     <LENGTH>14</LENGTH>
    </item>
    <item>
     <ID>I</ID>
     <KEY>021</KEY>
     <ENTRY>办理不成功</ENTRY>
     <LENGTH>15</LENGTH>
    </item>
    <item>
     <ID>I</ID>
     <KEY>022</KEY>
     <ENTRY>公司名称</ENTRY>
     <LENGTH>14</LENGTH>
    </item>
    <item>
     <ID>I</ID>
     <KEY>023</KEY>
     <ENTRY>被担保企业名称</ENTRY>
     <LENGTH>17</LENGTH>
    </item>
    <item>
     <ID>I</ID>
     <KEY>024</KEY>
     <ENTRY>融资机构名称</ENTRY>
     <LENGTH>16</LENGTH>
    </item>
    <item>
     <ID>I</ID>
     <KEY>025</KEY>
     <ENTRY>对外担保申请单</ENTRY>
     <LENGTH>17</LENGTH>
    </item>
    <item>
     <ID>I</ID>
     <KEY>026</KEY>
     <ENTRY>对外担保变更单</ENTRY>
     <LENGTH>17</LENGTH>
    </item>
    <item>
     <ID>I</ID>
     <KEY>027</KEY>
     <ENTRY>计划开始日期</ENTRY>
     <LENGTH>16</LENGTH>
    </item>
    <item>
     <ID>I</ID>
     <KEY>028</KEY>
     <ENTRY>计划到期日期</ENTRY>
     <LENGTH>16</LENGTH>
    </item>
    <item>
     <ID>I</ID>
     <KEY>029</KEY>
     <ENTRY>担保合同开始日期</ENTRY>
     <LENGTH>18</LENGTH>
    </item>
    <item>
     <ID>I</ID>
     <KEY>030</KEY>
     <ENTRY>担保合同结束日期</ENTRY>
     <LENGTH>18</LENGTH>
    </item>
    <item>
     <ID>I</ID>
     <KEY>031</KEY>
     <ENTRY>对外担保申请单号</ENTRY>
     <LENGTH>18</LENGTH>
    </item>
    <item>
     <ID>I</ID>
     <KEY>032</KEY>
     <ENTRY>对外担保变更单号</ENTRY>
     <LENGTH>18</LENGTH>
    </item>
    <item>
     <ID>I</ID>
     <KEY>033</KEY>
     <ENTRY>确认更改</ENTRY>
     <LENGTH>14</LENGTH>
    </item>
    <item>
     <ID>I</ID>
     <KEY>034</KEY>
     <ENTRY>协定担保金额</ENTRY>
     <LENGTH>16</LENGTH>
    </item>
    <item>
     <ID>I</ID>
     <KEY>035</KEY>
     <ENTRY>实际保证金总金额</ENTRY>
     <LENGTH>18</LENGTH>
    </item>
    <item>
     <ID>I</ID>
     <KEY>036</KEY>
     <ENTRY>保证金协定担保金额</ENTRY>
     <LENGTH>23</LENGTH>
    </item>
    <item>
     <ID>I</ID>
     <KEY>037</KEY>
     <ENTRY>抵押物协定担保金额</ENTRY>
     <LENGTH>23</LENGTH>
    </item>
    <item>
     <ID>I</ID>
     <KEY>038</KEY>
     <ENTRY>信用证协定担保金额</ENTRY>
     <LENGTH>23</LENGTH>
    </item>
    <item>
     <ID>I</ID>
     <KEY>039</KEY>
     <ENTRY>汇票协定担保金额</ENTRY>
     <LENGTH>22</LENGTH>
    </item>
    <item>
     <ID>I</ID>
     <KEY>040</KEY>
     <ENTRY>是否变更单</ENTRY>
     <LENGTH>15</LENGTH>
    </item>
    <item>
     <ID>I</ID>
     <KEY>041</KEY>
     <ENTRY>对外担保台账编号</ENTRY>
     <LENGTH>18</LENGTH>
    </item>
    <item>
     <ID>I</ID>
     <KEY>042</KEY>
     <ENTRY>申请原因</ENTRY>
     <LENGTH>14</LENGTH>
    </item>
    <item>
     <ID>I</ID>
     <KEY>043</KEY>
     <ENTRY>变更原因</ENTRY>
     <LENGTH>14</LENGTH>
    </item>
    <item>
     <ID>I</ID>
     <KEY>044</KEY>
     <ENTRY>上游申请单号</ENTRY>
     <LENGTH>16</LENGTH>
    </item>
    <item>
     <ID>I</ID>
     <KEY>045</KEY>
     <ENTRY>重新提交</ENTRY>
     <LENGTH>14</LENGTH>
    </item>
    <item>
     <ID>I</ID>
     <KEY>046</KEY>
     <ENTRY>确认重新提交吗？</ENTRY>
     <LENGTH>18</LENGTH>
    </item>
    <item>
     <ID>I</ID>
     <KEY>047</KEY>
     <ENTRY>保存单据</ENTRY>
     <LENGTH>14</LENGTH>
    </item>
    <item>
     <ID>I</ID>
     <KEY>048</KEY>
     <ENTRY>确认保存吗？</ENTRY>
     <LENGTH>16</LENGTH>
    </item>
    <item>
     <ID>I</ID>
     <KEY>049</KEY>
     <ENTRY>提交单据</ENTRY>
     <LENGTH>14</LENGTH>
    </item>
    <item>
     <ID>I</ID>
     <KEY>050</KEY>
     <ENTRY>确认提交吗？</ENTRY>
     <LENGTH>16</LENGTH>
    </item>
    <item>
     <ID>I</ID>
     <KEY>051</KEY>
     <ENTRY>单位</ENTRY>
     <LENGTH>12</LENGTH>
    </item>
    <item>
     <ID>I</ID>
     <KEY>052</KEY>
     <ENTRY>次级编码描述</ENTRY>
     <LENGTH>16</LENGTH>
    </item>
    <item>
     <ID>I</ID>
     <KEY>053</KEY>
     <ENTRY>单位描述</ENTRY>
     <LENGTH>14</LENGTH>
    </item>
    <item>
     <ID>I</ID>
     <KEY>054</KEY>
     <ENTRY>抵押物总评估金额</ENTRY>
     <LENGTH>18</LENGTH>
    </item>
    <item>
     <ID>I</ID>
     <KEY>055</KEY>
     <ENTRY>有价证券协定担保金额</ENTRY>
     <LENGTH>20</LENGTH>
    </item>
    <item>
     <ID>I</ID>
     <KEY>056</KEY>
     <ENTRY>应收账款协定担保金额</ENTRY>
     <LENGTH>20</LENGTH>
    </item>
    <item>
     <ID>I</ID>
     <KEY>057</KEY>
     <ENTRY>存货协定担保金额</ENTRY>
     <LENGTH>18</LENGTH>
    </item>
    <item>
     <ID>I</ID>
     <KEY>058</KEY>
     <ENTRY>信用担保协定金额</ENTRY>
     <LENGTH>18</LENGTH>
    </item>
    <item>
     <ID>I</ID>
     <KEY>059</KEY>
     <ENTRY>导入抵押物</ENTRY>
     <LENGTH>15</LENGTH>
    </item>
    <item>
     <ID>I</ID>
     <KEY>060</KEY>
     <ENTRY>导入汇票</ENTRY>
     <LENGTH>14</LENGTH>
    </item>
    <item>
     <ID>I</ID>
     <KEY>061</KEY>
     <ENTRY>清空</ENTRY>
     <LENGTH>12</LENGTH>
    </item>
    <item>
     <ID>I</ID>
     <KEY>062</KEY>
     <ENTRY>资产分类</ENTRY>
     <LENGTH>14</LENGTH>
    </item>
    <item>
     <ID>I</ID>
     <KEY>063</KEY>
     <ENTRY>资产分类名称</ENTRY>
     <LENGTH>16</LENGTH>
    </item>
    <item>
     <ID>I</ID>
     <KEY>064</KEY>
     <ENTRY>发票编号</ENTRY>
     <LENGTH>14</LENGTH>
    </item>
    <item>
     <ID>I</ID>
     <KEY>065</KEY>
     <ENTRY>会计凭证行项</ENTRY>
     <LENGTH>16</LENGTH>
    </item>
    <item>
     <ID>I</ID>
     <KEY>066</KEY>
     <ENTRY>行项文本</ENTRY>
     <LENGTH>14</LENGTH>
    </item>
    <item>
     <ID>I</ID>
     <KEY>067</KEY>
     <ENTRY>客户名称</ENTRY>
     <LENGTH>14</LENGTH>
    </item>
    <item>
     <ID>I</ID>
     <KEY>068</KEY>
     <ENTRY>付款条件</ENTRY>
     <LENGTH>14</LENGTH>
    </item>
    <item>
     <ID>I</ID>
     <KEY>069</KEY>
     <ENTRY>付款条件描述</ENTRY>
     <LENGTH>16</LENGTH>
    </item>
    <item>
     <ID>I</ID>
     <KEY>070</KEY>
     <ENTRY>付款方式</ENTRY>
     <LENGTH>14</LENGTH>
    </item>
    <item>
     <ID>I</ID>
     <KEY>071</KEY>
     <ENTRY>付款方式描述</ENTRY>
     <LENGTH>16</LENGTH>
    </item>
    <item>
     <ID>I</ID>
     <KEY>072</KEY>
     <ENTRY>确定办理不成功吗？</ENTRY>
     <LENGTH>19</LENGTH>
    </item>
    <item>
     <ID>I</ID>
     <KEY>073</KEY>
     <ENTRY>办理不成功</ENTRY>
     <LENGTH>15</LENGTH>
    </item>
   </TPOOL>
   <DESCRIPTIONS>
    <SEOCOMPOTX>
     <CLSNAME>ZCL_WD_TR_4006</CLSNAME>
     <CMPNAME>DEQUEUE_TABLE</CMPNAME>
     <LANGU>1</LANGU>
     <DESCRIPT>解锁</DESCRIPT>
    </SEOCOMPOTX>
    <SEOCOMPOTX>
     <CLSNAME>ZCL_WD_TR_4006</CLSNAME>
     <CMPNAME>ENQUEUE_TABLE</CMPNAME>
     <LANGU>1</LANGU>
     <DESCRIPT>锁表</DESCRIPT>
    </SEOCOMPOTX>
    <SEOCOMPOTX>
     <CLSNAME>ZCL_WD_TR_4006</CLSNAME>
     <CMPNAME>GC_STATUS_APPROVED</CMPNAME>
     <LANGU>1</LANGU>
     <DESCRIPT>OA审批通过</DESCRIPT>
    </SEOCOMPOTX>
    <SEOCOMPOTX>
     <CLSNAME>ZCL_WD_TR_4006</CLSNAME>
     <CMPNAME>GC_STATUS_COMPLETE</CMPNAME>
     <LANGU>1</LANGU>
     <DESCRIPT>更新合同台账</DESCRIPT>
    </SEOCOMPOTX>
    <SEOCOMPOTX>
     <CLSNAME>ZCL_WD_TR_4006</CLSNAME>
     <CMPNAME>GC_STATUS_DELETE</CMPNAME>
     <LANGU>1</LANGU>
     <DESCRIPT>删除</DESCRIPT>
    </SEOCOMPOTX>
    <SEOCOMPOTX>
     <CLSNAME>ZCL_WD_TR_4006</CLSNAME>
     <CMPNAME>GC_STATUS_FAIL</CMPNAME>
     <LANGU>1</LANGU>
     <DESCRIPT>办理失败</DESCRIPT>
    </SEOCOMPOTX>
    <SEOCOMPOTX>
     <CLSNAME>ZCL_WD_TR_4006</CLSNAME>
     <CMPNAME>GC_STATUS_REJECT</CMPNAME>
     <LANGU>1</LANGU>
     <DESCRIPT>OA审批拒绝</DESCRIPT>
    </SEOCOMPOTX>
    <SEOCOMPOTX>
     <CLSNAME>ZCL_WD_TR_4006</CLSNAME>
     <CMPNAME>GC_STATUS_RETURN</CMPNAME>
     <LANGU>1</LANGU>
     <DESCRIPT>OA审批退回</DESCRIPT>
    </SEOCOMPOTX>
    <SEOCOMPOTX>
     <CLSNAME>ZCL_WD_TR_4006</CLSNAME>
     <CMPNAME>GC_STATUS_SAVE</CMPNAME>
     <LANGU>1</LANGU>
     <DESCRIPT>生成</DESCRIPT>
    </SEOCOMPOTX>
    <SEOCOMPOTX>
     <CLSNAME>ZCL_WD_TR_4006</CLSNAME>
     <CMPNAME>GC_STATUS_UNDER_APPROVAL</CMPNAME>
     <LANGU>1</LANGU>
     <DESCRIPT>提交OA审批</DESCRIPT>
    </SEOCOMPOTX>
    <SEOCOMPOTX>
     <CLSNAME>ZCL_WD_TR_4006</CLSNAME>
     <CMPNAME>GET_BOND</CMPNAME>
     <LANGU>1</LANGU>
     <DESCRIPT>获取对外担保申请单的保证金支付单</DESCRIPT>
    </SEOCOMPOTX>
    <SEOCOMPOTX>
     <CLSNAME>ZCL_WD_TR_4006</CLSNAME>
     <CMPNAME>GS_T4008_01</CMPNAME>
     <LANGU>1</LANGU>
     <DESCRIPT>对外担保申请单</DESCRIPT>
    </SEOCOMPOTX>
    <SEOCOMPOTX>
     <CLSNAME>ZCL_WD_TR_4006</CLSNAME>
     <CMPNAME>GS_T4009_01</CMPNAME>
     <LANGU>1</LANGU>
     <DESCRIPT>对外担保台账</DESCRIPT>
    </SEOCOMPOTX>
    <SEOCOMPOTX>
     <CLSNAME>ZCL_WD_TR_4006</CLSNAME>
     <CMPNAME>GT_AR</CMPNAME>
     <LANGU>1</LANGU>
     <DESCRIPT>对外担保申请单-应收账款暂存</DESCRIPT>
    </SEOCOMPOTX>
    <SEOCOMPOTX>
     <CLSNAME>ZCL_WD_TR_4006</CLSNAME>
     <CMPNAME>GT_MAKT</CMPNAME>
     <LANGU>1</LANGU>
     <DESCRIPT>MAKT表</DESCRIPT>
    </SEOCOMPOTX>
    <SEOCOMPOTX>
     <CLSNAME>ZCL_WD_TR_4006</CLSNAME>
     <CMPNAME>GT_T006A</CMPNAME>
     <LANGU>1</LANGU>
     <DESCRIPT>计量单位文本</DESCRIPT>
    </SEOCOMPOTX>
    <SEOCOMPOTX>
     <CLSNAME>ZCL_WD_TR_4006</CLSNAME>
     <CMPNAME>GT_T4008_02</CMPNAME>
     <LANGU>1</LANGU>
     <DESCRIPT>对外担保申请单-抵押物</DESCRIPT>
    </SEOCOMPOTX>
    <SEOCOMPOTX>
     <CLSNAME>ZCL_WD_TR_4006</CLSNAME>
     <CMPNAME>GT_T4008_03</CMPNAME>
     <LANGU>1</LANGU>
     <DESCRIPT>对外担保申请单-信用证</DESCRIPT>
    </SEOCOMPOTX>
    <SEOCOMPOTX>
     <CLSNAME>ZCL_WD_TR_4006</CLSNAME>
     <CMPNAME>GT_T4008_04</CMPNAME>
     <LANGU>1</LANGU>
     <DESCRIPT>对外担保申请单-汇票</DESCRIPT>
    </SEOCOMPOTX>
    <SEOCOMPOTX>
     <CLSNAME>ZCL_WD_TR_4006</CLSNAME>
     <CMPNAME>GT_T4008_05</CMPNAME>
     <LANGU>1</LANGU>
     <DESCRIPT>对外担保申请单-有价证券</DESCRIPT>
    </SEOCOMPOTX>
    <SEOCOMPOTX>
     <CLSNAME>ZCL_WD_TR_4006</CLSNAME>
     <CMPNAME>GT_T4008_06</CMPNAME>
     <LANGU>1</LANGU>
     <DESCRIPT>对外担保申请单-应收账款</DESCRIPT>
    </SEOCOMPOTX>
    <SEOCOMPOTX>
     <CLSNAME>ZCL_WD_TR_4006</CLSNAME>
     <CMPNAME>GT_T4008_07</CMPNAME>
     <LANGU>1</LANGU>
     <DESCRIPT>对外担保申请单-存货</DESCRIPT>
    </SEOCOMPOTX>
    <SEOCOMPOTX>
     <CLSNAME>ZCL_WD_TR_4006</CLSNAME>
     <CMPNAME>GT_T4009_02</CMPNAME>
     <LANGU>1</LANGU>
     <DESCRIPT>对外担保台账-抵押物</DESCRIPT>
    </SEOCOMPOTX>
    <SEOCOMPOTX>
     <CLSNAME>ZCL_WD_TR_4006</CLSNAME>
     <CMPNAME>GT_T4009_03</CMPNAME>
     <LANGU>1</LANGU>
     <DESCRIPT>对外担保台账-信用证</DESCRIPT>
    </SEOCOMPOTX>
    <SEOCOMPOTX>
     <CLSNAME>ZCL_WD_TR_4006</CLSNAME>
     <CMPNAME>GT_T4009_04</CMPNAME>
     <LANGU>1</LANGU>
     <DESCRIPT>对外担保台账-汇票</DESCRIPT>
    </SEOCOMPOTX>
    <SEOCOMPOTX>
     <CLSNAME>ZCL_WD_TR_4006</CLSNAME>
     <CMPNAME>GT_T4009_05</CMPNAME>
     <LANGU>1</LANGU>
     <DESCRIPT>对外担保台账-有价证券</DESCRIPT>
    </SEOCOMPOTX>
    <SEOCOMPOTX>
     <CLSNAME>ZCL_WD_TR_4006</CLSNAME>
     <CMPNAME>GT_T4009_06</CMPNAME>
     <LANGU>1</LANGU>
     <DESCRIPT>对外担保台账-应收账款</DESCRIPT>
    </SEOCOMPOTX>
    <SEOCOMPOTX>
     <CLSNAME>ZCL_WD_TR_4006</CLSNAME>
     <CMPNAME>GT_T4009_07</CMPNAME>
     <LANGU>1</LANGU>
     <DESCRIPT>对外担保台账-存货</DESCRIPT>
    </SEOCOMPOTX>
    <SEOCOMPOTX>
     <CLSNAME>ZCL_WD_TR_4006</CLSNAME>
     <CMPNAME>GT_TCURC</CMPNAME>
     <LANGU>1</LANGU>
     <DESCRIPT>货币码</DESCRIPT>
    </SEOCOMPOTX>
    <SEOCOMPOTX>
     <CLSNAME>ZCL_WD_TR_4006</CLSNAME>
     <CMPNAME>GT_TCURR</CMPNAME>
     <LANGU>1</LANGU>
     <DESCRIPT>汇率</DESCRIPT>
    </SEOCOMPOTX>
    <SEOCOMPOTX>
     <CLSNAME>ZCL_WD_TR_4006</CLSNAME>
     <CMPNAME>GT_ZFDZT_TEXT</CMPNAME>
     <LANGU>1</LANGU>
     <DESCRIPT>支付单状态文本</DESCRIPT>
    </SEOCOMPOTX>
    <SEOCOMPOTX>
     <CLSNAME>ZCL_WD_TR_4006</CLSNAME>
     <CMPNAME>GV_ATTACHMENT_TMP_GUID</CMPNAME>
     <LANGU>1</LANGU>
     <DESCRIPT>附件临时GUID</DESCRIPT>
    </SEOCOMPOTX>
    <SEOCOMPOTX>
     <CLSNAME>ZCL_WD_TR_4006</CLSNAME>
     <CMPNAME>GV_ECOO_NO</CMPNAME>
     <LANGU>1</LANGU>
     <DESCRIPT>内保外贷台账号</DESCRIPT>
    </SEOCOMPOTX>
    <SEOCOMPOTX>
     <CLSNAME>ZCL_WD_TR_4006</CLSNAME>
     <CMPNAME>GV_EXTERNAL_WINDOW_FLAG</CMPNAME>
     <LANGU>1</LANGU>
     <DESCRIPT>外部窗口标识</DESCRIPT>
    </SEOCOMPOTX>
    <SEOCOMPOTX>
     <CLSNAME>ZCL_WD_TR_4006</CLSNAME>
     <CMPNAME>GV_GUA_NO</CMPNAME>
     <LANGU>1</LANGU>
     <DESCRIPT>对外担保台账编号</DESCRIPT>
    </SEOCOMPOTX>
    <SEOCOMPOTX>
     <CLSNAME>ZCL_WD_TR_4006</CLSNAME>
     <CMPNAME>GV_LOCK_FLAG</CMPNAME>
     <LANGU>1</LANGU>
     <DESCRIPT>锁定标识</DESCRIPT>
    </SEOCOMPOTX>
    <SEOCOMPOTX>
     <CLSNAME>ZCL_WD_TR_4006</CLSNAME>
     <CMPNAME>GV_SAVE_SUBMIT</CMPNAME>
     <LANGU>1</LANGU>
     <DESCRIPT>1 = 保存，2 = 提交</DESCRIPT>
    </SEOCOMPOTX>
    <SEOCOMPOTX>
     <CLSNAME>ZCL_WD_TR_4006</CLSNAME>
     <CMPNAME>GV_SHOW_MODE</CMPNAME>
     <LANGU>1</LANGU>
     <DESCRIPT>显示模式</DESCRIPT>
    </SEOCOMPOTX>
    <SEOCOMPOTX>
     <CLSNAME>ZCL_WD_TR_4006</CLSNAME>
     <CMPNAME>UPDATE_ALL_ASSET_STATUS_FOR_IF</CMPNAME>
     <LANGU>1</LANGU>
     <DESCRIPT>更新资产状态(审批拒绝接口&amp;删除专用)</DESCRIPT>
    </SEOCOMPOTX>
    <SEOCOMPOTX>
     <CLSNAME>ZCL_WD_TR_4006</CLSNAME>
     <CMPNAME>UPDATE_ASSET_STATUS</CMPNAME>
     <LANGU>1</LANGU>
     <DESCRIPT>更新资产状态</DESCRIPT>
    </SEOCOMPOTX>
    <SEOCOMPOTX>
     <CLSNAME>ZCL_WD_TR_4006</CLSNAME>
     <CMPNAME>UPDATE_HP_STATUS</CMPNAME>
     <LANGU>1</LANGU>
     <DESCRIPT>更新汇票状态</DESCRIPT>
    </SEOCOMPOTX>
    <SEOCOMPOTX>
     <CLSNAME>ZCL_WD_TR_4006</CLSNAME>
     <CMPNAME>UPDATE_HP_STATUS_FOR_IF</CMPNAME>
     <LANGU>1</LANGU>
     <DESCRIPT>更新汇票状态(审批接口&amp;删除专用)</DESCRIPT>
    </SEOCOMPOTX>
    <SEOCOMPOTX>
     <CLSNAME>ZCL_WD_TR_4006</CLSNAME>
     <CMPNAME>UPDATE_HP_STATUS_FOR_SB</CMPNAME>
     <LANGU>1</LANGU>
     <DESCRIPT>更新汇票状态(台账用)</DESCRIPT>
    </SEOCOMPOTX>
   </DESCRIPTIONS>
  </asx:values>
 </asx:abap>
</abapGit>
