﻿<?xml version="1.0" encoding="utf-8"?>
<abapGit version="v1.0.0" serializer="LCL_OBJECT_CLAS" serializer_version="v1.0.0">
 <asx:abap xmlns:asx="http://www.sap.com/abapxml" version="1.0">
  <asx:values>
   <VSEOCLASS>
    <CLSNAME>ZCL_TR_CAPITAL_PLATFORM_DOC3</CLSNAME>
    <VERSION>1</VERSION>
    <LANGU>1</LANGU>
    <DESCRIPT>资金集中管理平台单据-工厂到销售公司-TT划转单</DESCRIPT>
    <STATE>1</STATE>
    <CLSCCINCL>X</CLSCCINCL>
    <FIXPT>X</FIXPT>
    <UNICODE>X</UNICODE>
    <RSTAT>K</RSTAT>
    <MSG_ID>ZTR04</MSG_ID>
   </VSEOCLASS>
   <TPOOL>
    <item>
     <ID>I</ID>
     <KEY>009</KEY>
     <ENTRY>工厂或金红叶公司TT付款自动转出+</ENTRY>
     <LENGTH>27</LENGTH>
    </item>
   </TPOOL>
   <DESCRIPTIONS>
    <SEOCOMPOTX>
     <CLSNAME>ZCL_TR_CAPITAL_PLATFORM_DOC3</CLSNAME>
     <CMPNAME>CENTRALIZED_BY_PLANT_TO_SALES</CMPNAME>
     <LANGU>1</LANGU>
     <DESCRIPT>资金集中类型</DESCRIPT>
    </SEOCOMPOTX>
    <SEOCOMPOTX>
     <CLSNAME>ZCL_TR_CAPITAL_PLATFORM_DOC3</CLSNAME>
     <CMPNAME>WEEK_CAPITAL_PLAN_AMOUNT</CMPNAME>
     <LANGU>1</LANGU>
     <DESCRIPT>Table Type of ZTRT0192H_WP_AMT</DESCRIPT>
    </SEOCOMPOTX>
    <SEOCOMPOTX>
     <CLSNAME>ZCL_TR_CAPITAL_PLATFORM_DOC3</CLSNAME>
     <CMPNAME>WEEK_CAPITAL_PLAN_CONTROL</CMPNAME>
     <LANGU>1</LANGU>
     <DESCRIPT>周资金计划的数据</DESCRIPT>
    </SEOCOMPOTX>
    <SEOCOMPOTX>
     <CLSNAME>ZCL_TR_CAPITAL_PLATFORM_DOC3</CLSNAME>
     <CMPNAME>WEEK_CAPITAL_PLAN_MAPPING</CMPNAME>
     <LANGU>1</LANGU>
     <DESCRIPT>Table type of ZTRT0192H_WP</DESCRIPT>
    </SEOCOMPOTX>
   </DESCRIPTIONS>
  </asx:values>
 </asx:abap>
</abapGit>
