﻿<?xml version="1.0" encoding="utf-8"?>
<abapGit version="v1.0.0" serializer="LCL_OBJECT_CLAS" serializer_version="v1.0.0">
 <asx:abap xmlns:asx="http://www.sap.com/abapxml" version="1.0">
  <asx:values>
   <VSEOCLASS>
    <CLSNAME>ZCL_TR_3022_GUI</CLSNAME>
    <VERSION>1</VERSION>
    <LANGU>1</LANGU>
    <DESCRIPT>银行上载程序</DESCRIPT>
    <STATE>1</STATE>
    <CLSCCINCL>X</CLSCCINCL>
    <FIXPT>X</FIXPT>
    <UNICODE>X</UNICODE>
   </VSEOCLASS>
   <DESCRIPTIONS>
    <SEOCOMPOTX>
     <CLSNAME>ZCL_TR_3022_GUI</CLSNAME>
     <CMPNAME>CVT_AMT1</CMPNAME>
     <LANGU>1</LANGU>
     <DESCRIPT>金额 1,234.00-&gt;1234.00</DESCRIPT>
    </SEOCOMPOTX>
    <SEOCOMPOTX>
     <CLSNAME>ZCL_TR_3022_GUI</CLSNAME>
     <CMPNAME>CVT_AMT2</CMPNAME>
     <LANGU>1</LANGU>
     <DESCRIPT>金额 (1,234.00)-&gt;-1234.00</DESCRIPT>
    </SEOCOMPOTX>
    <SEOCOMPOTX>
     <CLSNAME>ZCL_TR_3022_GUI</CLSNAME>
     <CMPNAME>CVT_DATE1</CMPNAME>
     <LANGU>1</LANGU>
     <DESCRIPT>日期YYYY/MM/DD&gt;日期YYYYMMDD</DESCRIPT>
    </SEOCOMPOTX>
    <SEOCOMPOTX>
     <CLSNAME>ZCL_TR_3022_GUI</CLSNAME>
     <CMPNAME>CVT_DATE2</CMPNAME>
     <LANGU>1</LANGU>
     <DESCRIPT>日期YYYY-MM-DD&gt;日期YYYYMMDD</DESCRIPT>
    </SEOCOMPOTX>
    <SEOCOMPOTX>
     <CLSNAME>ZCL_TR_3022_GUI</CLSNAME>
     <CMPNAME>CVT_DATE3</CMPNAME>
     <LANGU>1</LANGU>
     <DESCRIPT>日期YYYY.MM.DD&gt;日期YYYYMMDD</DESCRIPT>
    </SEOCOMPOTX>
    <SEOCOMPOTX>
     <CLSNAME>ZCL_TR_3022_GUI</CLSNAME>
     <CMPNAME>CVT_DATE4</CMPNAME>
     <LANGU>1</LANGU>
     <DESCRIPT>时间戳YYYY*MM*DD...... &gt;日期YYYYMMDD</DESCRIPT>
    </SEOCOMPOTX>
    <SEOCOMPOTX>
     <CLSNAME>ZCL_TR_3022_GUI</CLSNAME>
     <CMPNAME>CVT_DATE5</CMPNAME>
     <LANGU>1</LANGU>
     <DESCRIPT>日期M/D/YYYY&gt;日期YYYYMMDD</DESCRIPT>
    </SEOCOMPOTX>
    <SEOCOMPOTX>
     <CLSNAME>ZCL_TR_3022_GUI</CLSNAME>
     <CMPNAME>CVT_DATE6</CMPNAME>
     <LANGU>1</LANGU>
     <DESCRIPT>日期YYYY/M/D&gt;日期YYYYMMDD</DESCRIPT>
    </SEOCOMPOTX>
    <SEOCOMPOTX>
     <CLSNAME>ZCL_TR_3022_GUI</CLSNAME>
     <CMPNAME>CVT_DATE7</CMPNAME>
     <LANGU>1</LANGU>
     <DESCRIPT>日期DD/MM/YYYY&gt;日期YYYYMMDD</DESCRIPT>
    </SEOCOMPOTX>
    <SEOCOMPOTX>
     <CLSNAME>ZCL_TR_3022_GUI</CLSNAME>
     <CMPNAME>CVT_DATE8</CMPNAME>
     <LANGU>1</LANGU>
     <DESCRIPT>日期DD-MM-YYYY&gt;日期YYYYMMDD</DESCRIPT>
    </SEOCOMPOTX>
    <SEOCOMPOTX>
     <CLSNAME>ZCL_TR_3022_GUI</CLSNAME>
     <CMPNAME>CVT_DATE9</CMPNAME>
     <LANGU>1</LANGU>
     <DESCRIPT>日期D/M/YYYY&gt;日期YYYYMMDD</DESCRIPT>
    </SEOCOMPOTX>
    <SEOCOMPOTX>
     <CLSNAME>ZCL_TR_3022_GUI</CLSNAME>
     <CMPNAME>CVT_DATEA</CMPNAME>
     <LANGU>1</LANGU>
     <DESCRIPT>时间戳M/D/YY......&gt;日期YYYYMMDD</DESCRIPT>
    </SEOCOMPOTX>
    <SEOCOMPOTX>
     <CLSNAME>ZCL_TR_3022_GUI</CLSNAME>
     <CMPNAME>CVT_DATEB</CMPNAME>
     <LANGU>1</LANGU>
     <DESCRIPT>日期DD-Jun-YY&gt;日期YYYYMMDD</DESCRIPT>
    </SEOCOMPOTX>
    <SEOCOMPOTX>
     <CLSNAME>ZCL_TR_3022_GUI</CLSNAME>
     <CMPNAME>CVT_DATEC</CMPNAME>
     <LANGU>1</LANGU>
     <DESCRIPT>时间戳YYYY/M/D......&gt;日期YYYYMMDD</DESCRIPT>
    </SEOCOMPOTX>
    <SEOCOMPOTX>
     <CLSNAME>ZCL_TR_3022_GUI</CLSNAME>
     <CMPNAME>CVT_TIME1</CMPNAME>
     <LANGU>1</LANGU>
     <DESCRIPT>时间HH:MM:SS&gt;时间HHMMSS</DESCRIPT>
    </SEOCOMPOTX>
    <SEOCOMPOTX>
     <CLSNAME>ZCL_TR_3022_GUI</CLSNAME>
     <CMPNAME>CVT_TIME2</CMPNAME>
     <LANGU>1</LANGU>
     <DESCRIPT>时间HH:MM&gt;时间HHMMSS</DESCRIPT>
    </SEOCOMPOTX>
    <SEOCOMPOTX>
     <CLSNAME>ZCL_TR_3022_GUI</CLSNAME>
     <CMPNAME>CVT_TIME3</CMPNAME>
     <LANGU>1</LANGU>
     <DESCRIPT>时间HMMSS&gt;时间HHMMSS</DESCRIPT>
    </SEOCOMPOTX>
   </DESCRIPTIONS>
  </asx:values>
 </asx:abap>
</abapGit>
