﻿<?xml version="1.0" encoding="utf-8"?>
<abapGit version="v1.0.0" serializer="LCL_OBJECT_CLAS" serializer_version="v1.0.0">
 <asx:abap xmlns:asx="http://www.sap.com/abapxml" version="1.0">
  <asx:values>
   <VSEOCLASS>
    <CLSNAME>ZCL_TR_5001</CLSNAME>
    <VERSION>1</VERSION>
    <LANGU>1</LANGU>
    <DESCRIPT>保函类</DESCRIPT>
    <STATE>1</STATE>
    <CLSCCINCL>X</CLSCCINCL>
    <FIXPT>X</FIXPT>
    <UNICODE>X</UNICODE>
   </VSEOCLASS>
   <DESCRIPTIONS>
    <SEOCOMPOTX>
     <CLSNAME>ZCL_TR_5001</CLSNAME>
     <CMPNAME>GET_BUTTON_ACTION</CMPNAME>
     <LANGU>1</LANGU>
     <DESCRIPT>获取按钮功能表码</DESCRIPT>
    </SEOCOMPOTX>
    <SEOCOMPOTX>
     <CLSNAME>ZCL_TR_5001</CLSNAME>
     <CMPNAME>GET_DDTXT</CMPNAME>
     <LANGU>1</LANGU>
     <DESCRIPT>获取字段名称</DESCRIPT>
    </SEOCOMPOTX>
    <SEOCOMPOTX>
     <CLSNAME>ZCL_TR_5001</CLSNAME>
     <CMPNAME>GET_ENAME</CMPNAME>
     <LANGU>1</LANGU>
     <DESCRIPT>获取用户名</DESCRIPT>
    </SEOCOMPOTX>
    <SEOCOMPOTX>
     <CLSNAME>ZCL_TR_5001</CLSNAME>
     <CMPNAME>GS_BNKA</CMPNAME>
     <LANGU>1</LANGU>
     <DESCRIPT>保函发出行</DESCRIPT>
    </SEOCOMPOTX>
    <SEOCOMPOTX>
     <CLSNAME>ZCL_TR_5001</CLSNAME>
     <CMPNAME>GS_T5001_01</CMPNAME>
     <LANGU>1</LANGU>
     <DESCRIPT>创建接受保函申请单</DESCRIPT>
    </SEOCOMPOTX>
    <SEOCOMPOTX>
     <CLSNAME>ZCL_TR_5001</CLSNAME>
     <CMPNAME>GV_ATTACHMENT_TMP_GUID</CMPNAME>
     <LANGU>1</LANGU>
     <DESCRIPT>附件临时GUID</DESCRIPT>
    </SEOCOMPOTX>
    <SEOCOMPOTX>
     <CLSNAME>ZCL_TR_5001</CLSNAME>
     <CMPNAME>GV_SHOW_MODE</CMPNAME>
     <LANGU>1</LANGU>
     <DESCRIPT>显示模式</DESCRIPT>
    </SEOCOMPOTX>
    <SEOCOMPOTX>
     <CLSNAME>ZCL_TR_5001</CLSNAME>
     <CMPNAME>POPUP_CONFIRM</CMPNAME>
     <LANGU>1</LANGU>
     <DESCRIPT>确认界面</DESCRIPT>
    </SEOCOMPOTX>
   </DESCRIPTIONS>
  </asx:values>
 </asx:abap>
</abapGit>
