﻿<?xml version="1.0" encoding="utf-8"?>
<abapGit version="v1.0.0" serializer="LCL_OBJECT_CLAS" serializer_version="v1.0.0">
 <asx:abap xmlns:asx="http://www.sap.com/abapxml" version="1.0">
  <asx:values>
   <VSEOCLASS>
    <CLSNAME>ZCL_ABSTRACT_BANK</CLSNAME>
    <VERSION>1</VERSION>
    <LANGU>1</LANGU>
    <DESCRIPT>ABSTRACT BANK</DESCRIPT>
    <STATE>1</STATE>
    <CLSCCINCL>X</CLSCCINCL>
    <FIXPT>X</FIXPT>
    <UNICODE>X</UNICODE>
    <RSTAT>K</RSTAT>
    <MSG_ID>ZTR_BANK_APPLICATION</MSG_ID>
   </VSEOCLASS>
   <DESCRIPTIONS>
    <SEOCOMPOTX>
     <CLSNAME>ZCL_ABSTRACT_BANK</CLSNAME>
     <CMPNAME>ACTION_TEXT</CMPNAME>
     <LANGU>1</LANGU>
     <DESCRIPT>固定值的短文本</DESCRIPT>
    </SEOCOMPOTX>
    <SEOCOMPOTX>
     <CLSNAME>ZCL_ABSTRACT_BANK</CLSNAME>
     <CMPNAME>BANK_INDICATOR</CMPNAME>
     <LANGU>1</LANGU>
     <DESCRIPT>银企直连中的银行标志</DESCRIPT>
    </SEOCOMPOTX>
    <SEOCOMPOTX>
     <CLSNAME>ZCL_ABSTRACT_BANK</CLSNAME>
     <CMPNAME>CONSTRUCTOR</CMPNAME>
     <LANGU>1</LANGU>
     <DESCRIPT>CONSTRUCTOR</DESCRIPT>
    </SEOCOMPOTX>
    <SEOCOMPOTX>
     <CLSNAME>ZCL_ABSTRACT_BANK</CLSNAME>
     <CMPNAME>COPY_ENVIROMENT_ERROR_MESSAGES</CMPNAME>
     <LANGU>1</LANGU>
     <DESCRIPT>复制环境的消息</DESCRIPT>
    </SEOCOMPOTX>
    <SEOCOMPOTX>
     <CLSNAME>ZCL_ABSTRACT_BANK</CLSNAME>
     <CMPNAME>CREATE_CLIENT</CMPNAME>
     <LANGU>1</LANGU>
     <DESCRIPT>创建前置客户端</DESCRIPT>
    </SEOCOMPOTX>
    <SEOCOMPOTX>
     <CLSNAME>ZCL_ABSTRACT_BANK</CLSNAME>
     <CMPNAME>CURRENT_ACTION</CMPNAME>
     <LANGU>1</LANGU>
     <DESCRIPT>银企直连的操作</DESCRIPT>
    </SEOCOMPOTX>
    <SEOCOMPOTX>
     <CLSNAME>ZCL_ABSTRACT_BANK</CLSNAME>
     <CMPNAME>CURRENT_DESTINATION</CMPNAME>
     <LANGU>1</LANGU>
     <DESCRIPT>逻辑目标（在函数调用中指定）</DESCRIPT>
    </SEOCOMPOTX>
    <SEOCOMPOTX>
     <CLSNAME>ZCL_ABSTRACT_BANK</CLSNAME>
     <CMPNAME>CURRENT_PROCESSING_STEP</CMPNAME>
     <LANGU>1</LANGU>
     <DESCRIPT>操作步骤</DESCRIPT>
    </SEOCOMPOTX>
    <SEOCOMPOTX>
     <CLSNAME>ZCL_ABSTRACT_BANK</CLSNAME>
     <CMPNAME>DESTROY_CLIENT</CMPNAME>
     <LANGU>1</LANGU>
     <DESCRIPT>销毁前置客户端</DESCRIPT>
    </SEOCOMPOTX>
    <SEOCOMPOTX>
     <CLSNAME>ZCL_ABSTRACT_BANK</CLSNAME>
     <CMPNAME>DUMMY_MESSAGE</CMPNAME>
     <LANGU>1</LANGU>
     <DESCRIPT>字符字段长度 1</DESCRIPT>
    </SEOCOMPOTX>
    <SEOCOMPOTX>
     <CLSNAME>ZCL_ABSTRACT_BANK</CLSNAME>
     <CMPNAME>ENVIROMENT</CMPNAME>
     <LANGU>1</LANGU>
     <DESCRIPT>Bank Enviroment</DESCRIPT>
    </SEOCOMPOTX>
    <SEOCOMPOTX>
     <CLSNAME>ZCL_ABSTRACT_BANK</CLSNAME>
     <CMPNAME>ERROR_STEP</CMPNAME>
     <LANGU>1</LANGU>
     <DESCRIPT>Error Step</DESCRIPT>
    </SEOCOMPOTX>
    <SEOCOMPOTX>
     <CLSNAME>ZCL_ABSTRACT_BANK</CLSNAME>
     <CMPNAME>FILE_ERROR</CMPNAME>
     <LANGU>1</LANGU>
     <DESCRIPT>Error code in bank instance</DESCRIPT>
    </SEOCOMPOTX>
    <SEOCOMPOTX>
     <CLSNAME>ZCL_ABSTRACT_BANK</CLSNAME>
     <CMPNAME>FILE_SENDING_ERROR</CMPNAME>
     <LANGU>1</LANGU>
     <DESCRIPT>Error code in bank instance</DESCRIPT>
    </SEOCOMPOTX>
    <SEOCOMPOTX>
     <CLSNAME>ZCL_ABSTRACT_BANK</CLSNAME>
     <CMPNAME>INIT_CLIENT</CMPNAME>
     <LANGU>1</LANGU>
     <DESCRIPT>初始化前置客户端</DESCRIPT>
    </SEOCOMPOTX>
    <SEOCOMPOTX>
     <CLSNAME>ZCL_ABSTRACT_BANK</CLSNAME>
     <CMPNAME>INSTANCE_INTERNAL_ERROR</CMPNAME>
     <LANGU>1</LANGU>
     <DESCRIPT>Error code in bank instance</DESCRIPT>
    </SEOCOMPOTX>
    <SEOCOMPOTX>
     <CLSNAME>ZCL_ABSTRACT_BANK</CLSNAME>
     <CMPNAME>MESSAGES</CMPNAME>
     <LANGU>1</LANGU>
     <DESCRIPT>Message Collector</DESCRIPT>
    </SEOCOMPOTX>
    <SEOCOMPOTX>
     <CLSNAME>ZCL_ABSTRACT_BANK</CLSNAME>
     <CMPNAME>NEW_FUNCTION</CMPNAME>
     <LANGU>1</LANGU>
     <DESCRIPT>建立新的银行功能实例</DESCRIPT>
    </SEOCOMPOTX>
    <SEOCOMPOTX>
     <CLSNAME>ZCL_ABSTRACT_BANK</CLSNAME>
     <CMPNAME>NO</CMPNAME>
     <LANGU>1</LANGU>
     <DESCRIPT>一般标记</DESCRIPT>
    </SEOCOMPOTX>
    <SEOCOMPOTX>
     <CLSNAME>ZCL_ABSTRACT_BANK</CLSNAME>
     <CMPNAME>RECEIVE_FROM_CLIENT</CMPNAME>
     <LANGU>1</LANGU>
     <DESCRIPT>从前置客户端获取反馈</DESCRIPT>
    </SEOCOMPOTX>
    <SEOCOMPOTX>
     <CLSNAME>ZCL_ABSTRACT_BANK</CLSNAME>
     <CMPNAME>RESPONSE_DATA</CMPNAME>
     <LANGU>1</LANGU>
     <DESCRIPT>Table Type of ZTRS_BANK_RESPONSE</DESCRIPT>
    </SEOCOMPOTX>
    <SEOCOMPOTX>
     <CLSNAME>ZCL_ABSTRACT_BANK</CLSNAME>
     <CMPNAME>RESPONSE_ERROR</CMPNAME>
     <LANGU>1</LANGU>
     <DESCRIPT>Error code in bank instance</DESCRIPT>
    </SEOCOMPOTX>
    <SEOCOMPOTX>
     <CLSNAME>ZCL_ABSTRACT_BANK</CLSNAME>
     <CMPNAME>RFC_INIT_ERROR</CMPNAME>
     <LANGU>1</LANGU>
     <DESCRIPT>Error code in bank instance</DESCRIPT>
    </SEOCOMPOTX>
    <SEOCOMPOTX>
     <CLSNAME>ZCL_ABSTRACT_BANK</CLSNAME>
     <CMPNAME>RUN_FUNCTION</CMPNAME>
     <LANGU>1</LANGU>
     <DESCRIPT>运行银行功能</DESCRIPT>
    </SEOCOMPOTX>
    <SEOCOMPOTX>
     <CLSNAME>ZCL_ABSTRACT_BANK</CLSNAME>
     <CMPNAME>SEND</CMPNAME>
     <LANGU>1</LANGU>
     <DESCRIPT>执行发送</DESCRIPT>
    </SEOCOMPOTX>
    <SEOCOMPOTX>
     <CLSNAME>ZCL_ABSTRACT_BANK</CLSNAME>
     <CMPNAME>SENDING_ENTRIES_REFERENCE</CMPNAME>
     <LANGU>1</LANGU>
     <DESCRIPT>Table Type of ZTRS_SENDING_DATA_REFERENCE</DESCRIPT>
    </SEOCOMPOTX>
    <SEOCOMPOTX>
     <CLSNAME>ZCL_ABSTRACT_BANK</CLSNAME>
     <CMPNAME>SET_BANK_FUNCTION</CMPNAME>
     <LANGU>1</LANGU>
     <DESCRIPT>建立/取得银行功能实例</DESCRIPT>
    </SEOCOMPOTX>
    <SEOCOMPOTX>
     <CLSNAME>ZCL_ABSTRACT_BANK</CLSNAME>
     <CMPNAME>SET_ENVIROMENT</CMPNAME>
     <LANGU>1</LANGU>
     <DESCRIPT>设置银行环境实例</DESCRIPT>
    </SEOCOMPOTX>
    <SEOCOMPOTX>
     <CLSNAME>ZCL_ABSTRACT_BANK</CLSNAME>
     <CMPNAME>SET_ERROR_STEP</CMPNAME>
     <LANGU>1</LANGU>
     <DESCRIPT>设置错误步骤</DESCRIPT>
    </SEOCOMPOTX>
    <SEOCOMPOTX>
     <CLSNAME>ZCL_ABSTRACT_BANK</CLSNAME>
     <CMPNAME>SET_PROCESSING_STEP</CMPNAME>
     <LANGU>1</LANGU>
     <DESCRIPT>设置当前处理步骤</DESCRIPT>
    </SEOCOMPOTX>
    <SEOCOMPOTX>
     <CLSNAME>ZCL_ABSTRACT_BANK</CLSNAME>
     <CMPNAME>STEP_FUNCTIONS</CMPNAME>
     <LANGU>1</LANGU>
     <DESCRIPT>Table Type of ZTRS_BANK_STEP_FUNCTION</DESCRIPT>
    </SEOCOMPOTX>
    <SEOCOMPOTX>
     <CLSNAME>ZCL_ABSTRACT_BANK</CLSNAME>
     <CMPNAME>YES</CMPNAME>
     <LANGU>1</LANGU>
     <DESCRIPT>一般标记</DESCRIPT>
    </SEOCOMPOTX>
   </DESCRIPTIONS>
  </asx:values>
 </asx:abap>
</abapGit>
