﻿<?xml version="1.0" encoding="utf-8"?>
<abapGit version="v1.0.0" serializer="LCL_OBJECT_CLAS" serializer_version="v1.0.0">
 <asx:abap xmlns:asx="http://www.sap.com/abapxml" version="1.0">
  <asx:values>
   <VSEOCLASS>
    <CLSNAME>ZCL_TR_3019</CLSNAME>
    <VERSION>1</VERSION>
    <LANGU>1</LANGU>
    <DESCRIPT>周预估项目计划辅助类</DESCRIPT>
    <STATE>1</STATE>
    <CLSCCINCL>X</CLSCCINCL>
    <FIXPT>X</FIXPT>
    <UNICODE>X</UNICODE>
   </VSEOCLASS>
   <TPOOL>
    <item>
     <ID>I</ID>
     <KEY>M01</KEY>
     <ENTRY>请输入有效的行项！</ENTRY>
     <LENGTH>19</LENGTH>
    </item>
    <item>
     <ID>I</ID>
     <KEY>M02</KEY>
     <ENTRY>本次计划收支金额大于剩余支付金额.</ENTRY>
     <LENGTH>23</LENGTH>
    </item>
    <item>
     <ID>I</ID>
     <KEY>M03</KEY>
     <ENTRY>本次计划收支金额大于剩余月预估金额</ENTRY>
     <LENGTH>23</LENGTH>
    </item>
    <item>
     <ID>I</ID>
     <KEY>M04</KEY>
     <ENTRY>当前状态不能提交.</ENTRY>
     <LENGTH>18</LENGTH>
    </item>
    <item>
     <ID>I</ID>
     <KEY>M05</KEY>
     <ENTRY>当前状态不能撤销提交.</ENTRY>
     <LENGTH>18</LENGTH>
    </item>
    <item>
     <ID>I</ID>
     <KEY>M06</KEY>
     <ENTRY>已经创建支付单,取消提交失败.</ENTRY>
     <LENGTH>25</LENGTH>
    </item>
    <item>
     <ID>I</ID>
     <KEY>M07</KEY>
     <ENTRY>该单据状态下无法删除.</ENTRY>
     <LENGTH>19</LENGTH>
    </item>
    <item>
     <ID>I</ID>
     <KEY>M08</KEY>
     <ENTRY>当前状态不能审批.</ENTRY>
     <LENGTH>18</LENGTH>
    </item>
    <item>
     <ID>I</ID>
     <KEY>M09</KEY>
     <ENTRY>行项目计划收支金额不能都为0.</ENTRY>
     <LENGTH>25</LENGTH>
    </item>
   </TPOOL>
   <DESCRIPTIONS>
    <SEOCOMPOTX>
     <CLSNAME>ZCL_TR_3019</CLSNAME>
     <CMPNAME>CHG_AGN</CMPNAME>
     <LANGU>1</LANGU>
     <DESCRIPT>修改AGN表</DESCRIPT>
    </SEOCOMPOTX>
    <SEOCOMPOTX>
     <CLSNAME>ZCL_TR_3019</CLSNAME>
     <CMPNAME>CONSTRUCTOR</CMPNAME>
     <LANGU>1</LANGU>
     <DESCRIPT>CONSTRUCTOR</DESCRIPT>
    </SEOCOMPOTX>
    <SEOCOMPOTX>
     <CLSNAME>ZCL_TR_3019</CLSNAME>
     <CMPNAME>CRT_AGN</CMPNAME>
     <LANGU>1</LANGU>
     <DESCRIPT>创建AGN表</DESCRIPT>
    </SEOCOMPOTX>
    <SEOCOMPOTX>
     <CLSNAME>ZCL_TR_3019</CLSNAME>
     <CMPNAME>GET_AMT_30</CMPNAME>
     <LANGU>1</LANGU>
     <DESCRIPT>获30类型取周资金计划行项目剩余金额</DESCRIPT>
    </SEOCOMPOTX>
    <SEOCOMPOTX>
     <CLSNAME>ZCL_TR_3019</CLSNAME>
     <CMPNAME>GET_CUR_ITEM</CMPNAME>
     <LANGU>1</LANGU>
     <DESCRIPT>获取周资金计划编号</DESCRIPT>
    </SEOCOMPOTX>
    <SEOCOMPOTX>
     <CLSNAME>ZCL_TR_3019</CLSNAME>
     <CMPNAME>GET_STATUS</CMPNAME>
     <LANGU>1</LANGU>
     <DESCRIPT>获取状态文本</DESCRIPT>
    </SEOCOMPOTX>
    <SEOCOMPOTX>
     <CLSNAME>ZCL_TR_3019</CLSNAME>
     <CMPNAME>GS_AGN</CMPNAME>
     <LANGU>1</LANGU>
     <DESCRIPT>分配</DESCRIPT>
    </SEOCOMPOTX>
    <SEOCOMPOTX>
     <CLSNAME>ZCL_TR_3019</CLSNAME>
     <CMPNAME>GS_HEAD</CMPNAME>
     <LANGU>1</LANGU>
     <DESCRIPT>周预估支付申请单</DESCRIPT>
    </SEOCOMPOTX>
    <SEOCOMPOTX>
     <CLSNAME>ZCL_TR_3019</CLSNAME>
     <CMPNAME>GS_ITEM</CMPNAME>
     <LANGU>1</LANGU>
     <DESCRIPT>周资金计划行项目</DESCRIPT>
    </SEOCOMPOTX>
    <SEOCOMPOTX>
     <CLSNAME>ZCL_TR_3019</CLSNAME>
     <CMPNAME>GV_PROJK</CMPNAME>
     <LANGU>1</LANGU>
     <DESCRIPT>工作分解结构元素 (WBS 元素)</DESCRIPT>
    </SEOCOMPOTX>
    <SEOCOMPOTX>
     <CLSNAME>ZCL_TR_3019</CLSNAME>
     <CMPNAME>LOCK_ITEMNO</CMPNAME>
     <LANGU>1</LANGU>
     <DESCRIPT>锁定取最后一个行项目</DESCRIPT>
    </SEOCOMPOTX>
    <SEOCOMPOTX>
     <CLSNAME>ZCL_TR_3019</CLSNAME>
     <CMPNAME>SP_A</CMPNAME>
     <LANGU>1</LANGU>
     <DESCRIPT>审批同意</DESCRIPT>
    </SEOCOMPOTX>
    <SEOCOMPOTX>
     <CLSNAME>ZCL_TR_3019</CLSNAME>
     <CMPNAME>SP_B</CMPNAME>
     <LANGU>1</LANGU>
     <DESCRIPT>审批退回</DESCRIPT>
    </SEOCOMPOTX>
    <SEOCOMPOTX>
     <CLSNAME>ZCL_TR_3019</CLSNAME>
     <CMPNAME>SP_R</CMPNAME>
     <LANGU>1</LANGU>
     <DESCRIPT>审批拒绝</DESCRIPT>
    </SEOCOMPOTX>
    <SEOCOMPOTX>
     <CLSNAME>ZCL_TR_3019</CLSNAME>
     <CMPNAME>SUB</CMPNAME>
     <LANGU>1</LANGU>
     <DESCRIPT>提交</DESCRIPT>
    </SEOCOMPOTX>
    <SEOCOMPOTX>
     <CLSNAME>ZCL_TR_3019</CLSNAME>
     <CMPNAME>UNLOCK_ITEMNO</CMPNAME>
     <LANGU>1</LANGU>
     <DESCRIPT>解锁最后一个行项目</DESCRIPT>
    </SEOCOMPOTX>
    <SEOCOMPOTX>
     <CLSNAME>ZCL_TR_3019</CLSNAME>
     <CMPNAME>UNSUB</CMPNAME>
     <LANGU>1</LANGU>
     <DESCRIPT>取消提交</DESCRIPT>
    </SEOCOMPOTX>
   </DESCRIPTIONS>
  </asx:values>
 </asx:abap>
</abapGit>
