﻿<?xml version="1.0" encoding="utf-8"?>
<abapGit version="v1.0.0" serializer="LCL_OBJECT_CLAS" serializer_version="v1.0.0">
 <asx:abap xmlns:asx="http://www.sap.com/abapxml" version="1.0">
  <asx:values>
   <VSEOCLASS>
    <CLSNAME>ZCL_WD_TR_4007</CLSNAME>
    <VERSION>1</VERSION>
    <LANGU>1</LANGU>
    <DESCRIPT>第三方贸易融资申请单辅助类</DESCRIPT>
    <STATE>1</STATE>
    <CLSCCINCL>X</CLSCCINCL>
    <FIXPT>X</FIXPT>
    <UNICODE>X</UNICODE>
   </VSEOCLASS>
   <TPOOL>
    <item>
     <ID>I</ID>
     <KEY>003</KEY>
     <ENTRY>第三方贸易融资申请单</ENTRY>
     <LENGTH>17</LENGTH>
    </item>
    <item>
     <ID>I</ID>
     <KEY>005</KEY>
     <ENTRY>第三方贸易融资申请单号</ENTRY>
     <LENGTH>19</LENGTH>
    </item>
    <item>
     <ID>I</ID>
     <KEY>007</KEY>
     <ENTRY>单据状态</ENTRY>
     <LENGTH>14</LENGTH>
    </item>
    <item>
     <ID>I</ID>
     <KEY>008</KEY>
     <ENTRY>申请日期</ENTRY>
     <LENGTH>14</LENGTH>
    </item>
    <item>
     <ID>I</ID>
     <KEY>009</KEY>
     <ENTRY>申请人</ENTRY>
     <LENGTH>13</LENGTH>
    </item>
    <item>
     <ID>I</ID>
     <KEY>010</KEY>
     <ENTRY>公司名称</ENTRY>
     <LENGTH>16</LENGTH>
    </item>
    <item>
     <ID>I</ID>
     <KEY>011</KEY>
     <ENTRY>公司代码</ENTRY>
     <LENGTH>14</LENGTH>
    </item>
    <item>
     <ID>I</ID>
     <KEY>012</KEY>
     <ENTRY>融资机构</ENTRY>
     <LENGTH>14</LENGTH>
    </item>
    <item>
     <ID>I</ID>
     <KEY>013</KEY>
     <ENTRY>融资机构名称</ENTRY>
     <LENGTH>16</LENGTH>
    </item>
    <item>
     <ID>I</ID>
     <KEY>014</KEY>
     <ENTRY>融资方式</ENTRY>
     <LENGTH>14</LENGTH>
    </item>
    <item>
     <ID>I</ID>
     <KEY>015</KEY>
     <ENTRY>申请额度</ENTRY>
     <LENGTH>14</LENGTH>
    </item>
    <item>
     <ID>I</ID>
     <KEY>016</KEY>
     <ENTRY>货币码</ENTRY>
     <LENGTH>13</LENGTH>
    </item>
    <item>
     <ID>I</ID>
     <KEY>017</KEY>
     <ENTRY>银行行别</ENTRY>
     <LENGTH>14</LENGTH>
    </item>
    <item>
     <ID>I</ID>
     <KEY>018</KEY>
     <ENTRY>银行行别描述</ENTRY>
     <LENGTH>16</LENGTH>
    </item>
    <item>
     <ID>I</ID>
     <KEY>020</KEY>
     <ENTRY>预计达成日期</ENTRY>
     <LENGTH>16</LENGTH>
    </item>
    <item>
     <ID>I</ID>
     <KEY>021</KEY>
     <ENTRY>新增</ENTRY>
     <LENGTH>12</LENGTH>
    </item>
    <item>
     <ID>I</ID>
     <KEY>022</KEY>
     <ENTRY>修改</ENTRY>
     <LENGTH>12</LENGTH>
    </item>
    <item>
     <ID>I</ID>
     <KEY>023</KEY>
     <ENTRY>删除</ENTRY>
     <LENGTH>12</LENGTH>
    </item>
    <item>
     <ID>I</ID>
     <KEY>024</KEY>
     <ENTRY>办理成功</ENTRY>
     <LENGTH>14</LENGTH>
    </item>
    <item>
     <ID>I</ID>
     <KEY>025</KEY>
     <ENTRY>办理不成功</ENTRY>
     <LENGTH>15</LENGTH>
    </item>
    <item>
     <ID>I</ID>
     <KEY>027</KEY>
     <ENTRY>第三方贸易融资单据状态</ENTRY>
     <LENGTH>22</LENGTH>
    </item>
    <item>
     <ID>I</ID>
     <KEY>028</KEY>
     <ENTRY>贷款方</ENTRY>
     <LENGTH>13</LENGTH>
    </item>
    <item>
     <ID>I</ID>
     <KEY>029</KEY>
     <ENTRY>贷款方名称</ENTRY>
     <LENGTH>15</LENGTH>
    </item>
    <item>
     <ID>I</ID>
     <KEY>030</KEY>
     <ENTRY>确认办理不成功吗？</ENTRY>
     <LENGTH>19</LENGTH>
    </item>
    <item>
     <ID>I</ID>
     <KEY>031</KEY>
     <ENTRY>确定要删除此条记录吗？</ENTRY>
     <LENGTH>21</LENGTH>
    </item>
   </TPOOL>
   <DESCRIPTIONS>
    <SEOCOMPOTX>
     <CLSNAME>ZCL_WD_TR_4007</CLSNAME>
     <CMPNAME>GC_STATUS_APPROVED</CMPNAME>
     <LANGU>1</LANGU>
     <DESCRIPT>第三方贸易融资申请单状态-已审批</DESCRIPT>
    </SEOCOMPOTX>
    <SEOCOMPOTX>
     <CLSNAME>ZCL_WD_TR_4007</CLSNAME>
     <CMPNAME>GC_STATUS_APPROVED_ZF</CMPNAME>
     <LANGU>1</LANGU>
     <DESCRIPT>第三方贸易融资申请单状态-作废已审批</DESCRIPT>
    </SEOCOMPOTX>
    <SEOCOMPOTX>
     <CLSNAME>ZCL_WD_TR_4007</CLSNAME>
     <CMPNAME>GC_STATUS_COMPLETE</CMPNAME>
     <LANGU>1</LANGU>
     <DESCRIPT>第三方贸易融资申请单状态-已完成</DESCRIPT>
    </SEOCOMPOTX>
    <SEOCOMPOTX>
     <CLSNAME>ZCL_WD_TR_4007</CLSNAME>
     <CMPNAME>GC_STATUS_COMPLETE_ZF</CMPNAME>
     <LANGU>1</LANGU>
     <DESCRIPT>第三方贸易融资申请单状态-作废完成</DESCRIPT>
    </SEOCOMPOTX>
    <SEOCOMPOTX>
     <CLSNAME>ZCL_WD_TR_4007</CLSNAME>
     <CMPNAME>GC_STATUS_FAIL</CMPNAME>
     <LANGU>1</LANGU>
     <DESCRIPT>第三方贸易融资申请单状态-办理失败</DESCRIPT>
    </SEOCOMPOTX>
    <SEOCOMPOTX>
     <CLSNAME>ZCL_WD_TR_4007</CLSNAME>
     <CMPNAME>GC_STATUS_FAIL_ZF</CMPNAME>
     <LANGU>1</LANGU>
     <DESCRIPT>第三方贸易融资申请单状态-作废失败</DESCRIPT>
    </SEOCOMPOTX>
    <SEOCOMPOTX>
     <CLSNAME>ZCL_WD_TR_4007</CLSNAME>
     <CMPNAME>GC_STATUS_REJECT</CMPNAME>
     <LANGU>1</LANGU>
     <DESCRIPT>第三方贸易融资申请单状态-被拒绝</DESCRIPT>
    </SEOCOMPOTX>
    <SEOCOMPOTX>
     <CLSNAME>ZCL_WD_TR_4007</CLSNAME>
     <CMPNAME>GC_STATUS_REJECT_ZF</CMPNAME>
     <LANGU>1</LANGU>
     <DESCRIPT>第三方贸易融资申请单状态-作废被拒绝</DESCRIPT>
    </SEOCOMPOTX>
    <SEOCOMPOTX>
     <CLSNAME>ZCL_WD_TR_4007</CLSNAME>
     <CMPNAME>GC_STATUS_RETURN</CMPNAME>
     <LANGU>1</LANGU>
     <DESCRIPT>第三方贸易融资申请单状态-被退回</DESCRIPT>
    </SEOCOMPOTX>
    <SEOCOMPOTX>
     <CLSNAME>ZCL_WD_TR_4007</CLSNAME>
     <CMPNAME>GC_STATUS_RETURN_ZF</CMPNAME>
     <LANGU>1</LANGU>
     <DESCRIPT>第三方贸易融资申请单状态-作废被退回</DESCRIPT>
    </SEOCOMPOTX>
    <SEOCOMPOTX>
     <CLSNAME>ZCL_WD_TR_4007</CLSNAME>
     <CMPNAME>GC_STATUS_SAVE</CMPNAME>
     <LANGU>1</LANGU>
     <DESCRIPT>第三方贸易融资申请单状态-保存</DESCRIPT>
    </SEOCOMPOTX>
    <SEOCOMPOTX>
     <CLSNAME>ZCL_WD_TR_4007</CLSNAME>
     <CMPNAME>GC_STATUS_UNDER_APPROVAL</CMPNAME>
     <LANGU>1</LANGU>
     <DESCRIPT>第三方贸易融资申请单状态-审批中</DESCRIPT>
    </SEOCOMPOTX>
    <SEOCOMPOTX>
     <CLSNAME>ZCL_WD_TR_4007</CLSNAME>
     <CMPNAME>GC_STATUS_UNDER_APPROVAL_ZF</CMPNAME>
     <LANGU>1</LANGU>
     <DESCRIPT>第三方贸易融资申请单状态-作废申请中</DESCRIPT>
    </SEOCOMPOTX>
    <SEOCOMPOTX>
     <CLSNAME>ZCL_WD_TR_4007</CLSNAME>
     <CMPNAME>GS_T4003_01</CMPNAME>
     <LANGU>1</LANGU>
     <DESCRIPT>第三方贸易融资申请单-抬头</DESCRIPT>
    </SEOCOMPOTX>
    <SEOCOMPOTX>
     <CLSNAME>ZCL_WD_TR_4007</CLSNAME>
     <CMPNAME>GT_EXPENSE_TYPE</CMPNAME>
     <LANGU>1</LANGU>
     <DESCRIPT>费用类型</DESCRIPT>
    </SEOCOMPOTX>
    <SEOCOMPOTX>
     <CLSNAME>ZCL_WD_TR_4007</CLSNAME>
     <CMPNAME>GT_FIN_SUB_CLASS</CMPNAME>
     <LANGU>1</LANGU>
     <DESCRIPT>融资细类</DESCRIPT>
    </SEOCOMPOTX>
    <SEOCOMPOTX>
     <CLSNAME>ZCL_WD_TR_4007</CLSNAME>
     <CMPNAME>GT_T056R</CMPNAME>
     <LANGU>1</LANGU>
     <DESCRIPT>利率参考</DESCRIPT>
    </SEOCOMPOTX>
    <SEOCOMPOTX>
     <CLSNAME>ZCL_WD_TR_4007</CLSNAME>
     <CMPNAME>GT_T4003_02</CMPNAME>
     <LANGU>1</LANGU>
     <DESCRIPT>第三方贸易融资申请单-融资细分</DESCRIPT>
    </SEOCOMPOTX>
    <SEOCOMPOTX>
     <CLSNAME>ZCL_WD_TR_4007</CLSNAME>
     <CMPNAME>GT_T4003_03</CMPNAME>
     <LANGU>1</LANGU>
     <DESCRIPT>第三方贸易融资申请单-费用类型</DESCRIPT>
    </SEOCOMPOTX>
    <SEOCOMPOTX>
     <CLSNAME>ZCL_WD_TR_4007</CLSNAME>
     <CMPNAME>GT_T4003_05</CMPNAME>
     <LANGU>1</LANGU>
     <DESCRIPT>第三方贸易融资申请单-银团明细</DESCRIPT>
    </SEOCOMPOTX>
    <SEOCOMPOTX>
     <CLSNAME>ZCL_WD_TR_4007</CLSNAME>
     <CMPNAME>GT_T9039</CMPNAME>
     <LANGU>1</LANGU>
     <DESCRIPT>费用类型与融资细类匹配表</DESCRIPT>
    </SEOCOMPOTX>
    <SEOCOMPOTX>
     <CLSNAME>ZCL_WD_TR_4007</CLSNAME>
     <CMPNAME>GT_T9041</CMPNAME>
     <LANGU>1</LANGU>
     <DESCRIPT>融资细类与融资方式匹配表</DESCRIPT>
    </SEOCOMPOTX>
    <SEOCOMPOTX>
     <CLSNAME>ZCL_WD_TR_4007</CLSNAME>
     <CMPNAME>GT_TCURC</CMPNAME>
     <LANGU>1</LANGU>
     <DESCRIPT>货币码</DESCRIPT>
    </SEOCOMPOTX>
    <SEOCOMPOTX>
     <CLSNAME>ZCL_WD_TR_4007</CLSNAME>
     <CMPNAME>GV_EXTERNAL_WINDOW_FLAG</CMPNAME>
     <LANGU>1</LANGU>
     <DESCRIPT>外部窗口标识</DESCRIPT>
    </SEOCOMPOTX>
    <SEOCOMPOTX>
     <CLSNAME>ZCL_WD_TR_4007</CLSNAME>
     <CMPNAME>GV_LOCK_FLAG</CMPNAME>
     <LANGU>1</LANGU>
     <DESCRIPT>锁定标识</DESCRIPT>
    </SEOCOMPOTX>
    <SEOCOMPOTX>
     <CLSNAME>ZCL_WD_TR_4007</CLSNAME>
     <CMPNAME>GV_SHOW_MODE</CMPNAME>
     <LANGU>1</LANGU>
     <DESCRIPT>显示模式(10创建；20修改；30显示)</DESCRIPT>
    </SEOCOMPOTX>
    <SEOCOMPOTX>
     <CLSNAME>ZCL_WD_TR_4007</CLSNAME>
     <CMPNAME>GV_T4003_02_MAX_FSC_NR</CMPNAME>
     <LANGU>1</LANGU>
     <DESCRIPT>融资细类行号</DESCRIPT>
    </SEOCOMPOTX>
    <SEOCOMPOTX>
     <CLSNAME>ZCL_WD_TR_4007</CLSNAME>
     <CMPNAME>GV_T4003_03_MAX_SEQNO</CMPNAME>
     <LANGU>1</LANGU>
     <DESCRIPT>序号</DESCRIPT>
    </SEOCOMPOTX>
    <SEOCOMPOTX>
     <CLSNAME>ZCL_WD_TR_4007</CLSNAME>
     <CMPNAME>GV_T4003_05_MAX_SEQNO</CMPNAME>
     <LANGU>1</LANGU>
     <DESCRIPT>序号</DESCRIPT>
    </SEOCOMPOTX>
   </DESCRIPTIONS>
  </asx:values>
 </asx:abap>
</abapGit>
