﻿<?xml version="1.0" encoding="utf-8"?>
<abapGit version="v1.0.0" serializer="LCL_OBJECT_CLAS" serializer_version="v1.0.0">
 <asx:abap xmlns:asx="http://www.sap.com/abapxml" version="1.0">
  <asx:values>
   <VSEOCLASS>
    <CLSNAME>ZCL_TR_3020_GUI</CLSNAME>
    <VERSION>1</VERSION>
    <LANGU>1</LANGU>
    <DESCRIPT>资金计划分配占用</DESCRIPT>
    <STATE>1</STATE>
    <CLSCCINCL>X</CLSCCINCL>
    <FIXPT>X</FIXPT>
    <UNICODE>X</UNICODE>
   </VSEOCLASS>
   <TPOOL>
    <item>
     <ID>I</ID>
     <KEY>E01</KEY>
     <ENTRY>AGN内部错误，请联系IT.</ENTRY>
     <LENGTH>24</LENGTH>
    </item>
    <item>
     <ID>I</ID>
     <KEY>M01</KEY>
     <ENTRY>预估</ENTRY>
     <LENGTH>12</LENGTH>
    </item>
    <item>
     <ID>I</ID>
     <KEY>M02</KEY>
     <ENTRY>非预估</ENTRY>
     <LENGTH>12</LENGTH>
    </item>
   </TPOOL>
   <DESCRIPTIONS>
    <SEOCOMPOTX>
     <CLSNAME>ZCL_TR_3020_GUI</CLSNAME>
     <CMPNAME>CHECK_FUNDFLOW_AMT</CMPNAME>
     <LANGU>1</LANGU>
     <DESCRIPT>检查周计划金额是否超过月计划金额</DESCRIPT>
    </SEOCOMPOTX>
    <SEOCOMPOTX>
     <CLSNAME>ZCL_TR_3020_GUI</CLSNAME>
     <CMPNAME>CHECK_FUNDFLOW_AMT_30</CMPNAME>
     <LANGU>1</LANGU>
     <DESCRIPT>检查周计划金额是否超过月计划金额-预估</DESCRIPT>
    </SEOCOMPOTX>
    <SEOCOMPOTX>
     <CLSNAME>ZCL_TR_3020_GUI</CLSNAME>
     <CMPNAME>CHG_AGN_BY_JJITEM_10</CMPNAME>
     <LANGU>1</LANGU>
     <DESCRIPT>改变关联金额(仅金额)</DESCRIPT>
    </SEOCOMPOTX>
    <SEOCOMPOTX>
     <CLSNAME>ZCL_TR_3020_GUI</CLSNAME>
     <CMPNAME>CHG_AGN_BY_JJITEM_20</CMPNAME>
     <LANGU>1</LANGU>
     <DESCRIPT>改变关联金额(仅金额)</DESCRIPT>
    </SEOCOMPOTX>
    <SEOCOMPOTX>
     <CLSNAME>ZCL_TR_3020_GUI</CLSNAME>
     <CMPNAME>CHG_AGN_BY_JJITEM_21</CMPNAME>
     <LANGU>1</LANGU>
     <DESCRIPT>改变关联金额(仅金额)</DESCRIPT>
    </SEOCOMPOTX>
    <SEOCOMPOTX>
     <CLSNAME>ZCL_TR_3020_GUI</CLSNAME>
     <CMPNAME>CHG_AGN_BY_JJ_WITEM</CMPNAME>
     <LANGU>1</LANGU>
     <DESCRIPT>改变关联金额(仅金额)</DESCRIPT>
    </SEOCOMPOTX>
    <SEOCOMPOTX>
     <CLSNAME>ZCL_TR_3020_GUI</CLSNAME>
     <CMPNAME>CHG_AGN_BY_WITEM</CMPNAME>
     <LANGU>1</LANGU>
     <DESCRIPT>改变关联金额(仅金额)</DESCRIPT>
    </SEOCOMPOTX>
    <SEOCOMPOTX>
     <CLSNAME>ZCL_TR_3020_GUI</CLSNAME>
     <CMPNAME>CHG_AGN_BY_WITEM_10</CMPNAME>
     <LANGU>1</LANGU>
     <DESCRIPT>改变关联金额(仅金额)</DESCRIPT>
    </SEOCOMPOTX>
    <SEOCOMPOTX>
     <CLSNAME>ZCL_TR_3020_GUI</CLSNAME>
     <CMPNAME>CHG_AGN_BY_WITEM_20</CMPNAME>
     <LANGU>1</LANGU>
     <DESCRIPT>改变关联金额(仅金额)</DESCRIPT>
    </SEOCOMPOTX>
    <SEOCOMPOTX>
     <CLSNAME>ZCL_TR_3020_GUI</CLSNAME>
     <CMPNAME>CHG_AGN_BY_WITEM_21</CMPNAME>
     <LANGU>1</LANGU>
     <DESCRIPT>改变关联金额(仅金额)支付申请单</DESCRIPT>
    </SEOCOMPOTX>
    <SEOCOMPOTX>
     <CLSNAME>ZCL_TR_3020_GUI</CLSNAME>
     <CMPNAME>CHG_AGN_BY_WITEM_30</CMPNAME>
     <LANGU>1</LANGU>
     <DESCRIPT>改变关联金额(仅金额)</DESCRIPT>
    </SEOCOMPOTX>
    <SEOCOMPOTX>
     <CLSNAME>ZCL_TR_3020_GUI</CLSNAME>
     <CMPNAME>CRT_AGN_BY_JJITEM_10</CMPNAME>
     <LANGU>1</LANGU>
     <DESCRIPT>创建分配条目-财务未请项</DESCRIPT>
    </SEOCOMPOTX>
    <SEOCOMPOTX>
     <CLSNAME>ZCL_TR_3020_GUI</CLSNAME>
     <CMPNAME>CRT_AGN_BY_JJITEM_20</CMPNAME>
     <LANGU>1</LANGU>
     <DESCRIPT>创建分配条目-预付申请单</DESCRIPT>
    </SEOCOMPOTX>
    <SEOCOMPOTX>
     <CLSNAME>ZCL_TR_3020_GUI</CLSNAME>
     <CMPNAME>CRT_AGN_BY_JJITEM_21</CMPNAME>
     <LANGU>1</LANGU>
     <DESCRIPT>创建分配条目-支付申请单</DESCRIPT>
    </SEOCOMPOTX>
    <SEOCOMPOTX>
     <CLSNAME>ZCL_TR_3020_GUI</CLSNAME>
     <CMPNAME>CRT_AGN_BY_WITEM</CMPNAME>
     <LANGU>1</LANGU>
     <DESCRIPT>创建分配条目</DESCRIPT>
    </SEOCOMPOTX>
    <SEOCOMPOTX>
     <CLSNAME>ZCL_TR_3020_GUI</CLSNAME>
     <CMPNAME>CRT_AGN_BY_WITEM_10</CMPNAME>
     <LANGU>1</LANGU>
     <DESCRIPT>创建分配条目-财务未请项</DESCRIPT>
    </SEOCOMPOTX>
    <SEOCOMPOTX>
     <CLSNAME>ZCL_TR_3020_GUI</CLSNAME>
     <CMPNAME>CRT_AGN_BY_WITEM_20</CMPNAME>
     <LANGU>1</LANGU>
     <DESCRIPT>创建分配条目-预付申请单</DESCRIPT>
    </SEOCOMPOTX>
    <SEOCOMPOTX>
     <CLSNAME>ZCL_TR_3020_GUI</CLSNAME>
     <CMPNAME>CRT_AGN_BY_WITEM_21</CMPNAME>
     <LANGU>1</LANGU>
     <DESCRIPT>创建分配条目-支付申请单</DESCRIPT>
    </SEOCOMPOTX>
    <SEOCOMPOTX>
     <CLSNAME>ZCL_TR_3020_GUI</CLSNAME>
     <CMPNAME>CRT_AGN_BY_WITEM_30</CMPNAME>
     <LANGU>1</LANGU>
     <DESCRIPT>创建分配条目-预付申请单</DESCRIPT>
    </SEOCOMPOTX>
    <SEOCOMPOTX>
     <CLSNAME>ZCL_TR_3020_GUI</CLSNAME>
     <CMPNAME>DEL_AGN_BY_WITEM</CMPNAME>
     <LANGU>1</LANGU>
     <DESCRIPT>删除关联条目</DESCRIPT>
    </SEOCOMPOTX>
    <SEOCOMPOTX>
     <CLSNAME>ZCL_TR_3020_GUI</CLSNAME>
     <CMPNAME>GET_AGN</CMPNAME>
     <LANGU>1</LANGU>
     <DESCRIPT>获取当前记录数据库状态(AGN和周资金计划行项目两个口径)</DESCRIPT>
    </SEOCOMPOTX>
    <SEOCOMPOTX>
     <CLSNAME>ZCL_TR_3020_GUI</CLSNAME>
     <CMPNAME>GET_AMT_10</CMPNAME>
     <LANGU>1</LANGU>
     <DESCRIPT>获取单个财务凭证行项目金额</DESCRIPT>
    </SEOCOMPOTX>
    <SEOCOMPOTX>
     <CLSNAME>ZCL_TR_3020_GUI</CLSNAME>
     <CMPNAME>GET_AMT_20</CMPNAME>
     <LANGU>1</LANGU>
     <DESCRIPT>获取单个财务凭证行项目金额</DESCRIPT>
    </SEOCOMPOTX>
    <SEOCOMPOTX>
     <CLSNAME>ZCL_TR_3020_GUI</CLSNAME>
     <CMPNAME>GET_AMT_21</CMPNAME>
     <LANGU>1</LANGU>
     <DESCRIPT>获取单个财务凭证行项目金额,支付申请单</DESCRIPT>
    </SEOCOMPOTX>
    <SEOCOMPOTX>
     <CLSNAME>ZCL_TR_3020_GUI</CLSNAME>
     <CMPNAME>GET_AMT_30</CMPNAME>
     <LANGU>1</LANGU>
     <DESCRIPT>获取单个财务凭证行项目金额</DESCRIPT>
    </SEOCOMPOTX>
    <SEOCOMPOTX>
     <CLSNAME>ZCL_TR_3020_GUI</CLSNAME>
     <CMPNAME>GET_AMT_CLEAR_10</CMPNAME>
     <LANGU>1</LANGU>
     <DESCRIPT>获取单个财务凭证行项目已清金额(不包含支付单过账清账)</DESCRIPT>
    </SEOCOMPOTX>
    <SEOCOMPOTX>
     <CLSNAME>ZCL_TR_3020_GUI</CLSNAME>
     <CMPNAME>GET_MAGN</CMPNAME>
     <LANGU>1</LANGU>
     <DESCRIPT>获取当前记录数据库状态(AGN和周资金计划行项目两个口径)</DESCRIPT>
    </SEOCOMPOTX>
    <SEOCOMPOTX>
     <CLSNAME>ZCL_TR_3020_GUI</CLSNAME>
     <CMPNAME>GET_TOTAL_AGN_AMT</CMPNAME>
     <LANGU>1</LANGU>
     <DESCRIPT>获取多个未清项在周资金计划中已经分配的总金额</DESCRIPT>
    </SEOCOMPOTX>
    <SEOCOMPOTX>
     <CLSNAME>ZCL_TR_3020_GUI</CLSNAME>
     <CMPNAME>GET_UNAGN_AMT_10</CMPNAME>
     <LANGU>1</LANGU>
     <DESCRIPT>获取单个财务凭证行项目剩余金额(财务凭证号和周资金行项目两个口径)</DESCRIPT>
    </SEOCOMPOTX>
    <SEOCOMPOTX>
     <CLSNAME>ZCL_TR_3020_GUI</CLSNAME>
     <CMPNAME>GET_UNAGN_AMT_12</CMPNAME>
     <LANGU>1</LANGU>
     <DESCRIPT>获取单个财务凭证行项目剩余金额(财务凭证号和周资金行项目两个口径)退客户款</DESCRIPT>
    </SEOCOMPOTX>
    <SEOCOMPOTX>
     <CLSNAME>ZCL_TR_3020_GUI</CLSNAME>
     <CMPNAME>GET_UNAGN_AMT_20</CMPNAME>
     <LANGU>1</LANGU>
     <DESCRIPT>获取单个财务凭证行项目剩余金额(财务凭证号和周资金行项目两个口径)</DESCRIPT>
    </SEOCOMPOTX>
    <SEOCOMPOTX>
     <CLSNAME>ZCL_TR_3020_GUI</CLSNAME>
     <CMPNAME>GET_UNAGN_AMT_21</CMPNAME>
     <LANGU>1</LANGU>
     <DESCRIPT>获取单个财务凭证行项目剩余金额(财务凭证号和周资金行项目两个口径)支付申请单</DESCRIPT>
    </SEOCOMPOTX>
    <SEOCOMPOTX>
     <CLSNAME>ZCL_TR_3020_GUI</CLSNAME>
     <CMPNAME>GET_UNAGN_AMT_30</CMPNAME>
     <LANGU>1</LANGU>
     <DESCRIPT>获取单个财务凭证行项目剩余金额(财务凭证号和周资金行项目两个口径)</DESCRIPT>
    </SEOCOMPOTX>
    <SEOCOMPOTX>
     <CLSNAME>ZCL_TR_3020_GUI</CLSNAME>
     <CMPNAME>GET_UNAGN_AMT_A0</CMPNAME>
     <LANGU>1</LANGU>
     <DESCRIPT>获取单个财务凭证行项目剩余金额(财务凭证号和周资金行项目两个口径)</DESCRIPT>
    </SEOCOMPOTX>
    <SEOCOMPOTX>
     <CLSNAME>ZCL_TR_3020_GUI</CLSNAME>
     <CMPNAME>LOCK_AGN</CMPNAME>
     <LANGU>1</LANGU>
     <DESCRIPT>锁定分配</DESCRIPT>
    </SEOCOMPOTX>
    <SEOCOMPOTX>
     <CLSNAME>ZCL_TR_3020_GUI</CLSNAME>
     <CMPNAME>LOCK_JJAGN</CMPNAME>
     <LANGU>1</LANGU>
     <DESCRIPT>锁定分配</DESCRIPT>
    </SEOCOMPOTX>
    <SEOCOMPOTX>
     <CLSNAME>ZCL_TR_3020_GUI</CLSNAME>
     <CMPNAME>MS_AGN</CMPNAME>
     <LANGU>1</LANGU>
     <DESCRIPT>ZTRV_AMT_AGN</DESCRIPT>
    </SEOCOMPOTX>
    <SEOCOMPOTX>
     <CLSNAME>ZCL_TR_3020_GUI</CLSNAME>
     <CMPNAME>RELEASE_AGN</CMPNAME>
     <LANGU>1</LANGU>
     <DESCRIPT>释放AGN</DESCRIPT>
    </SEOCOMPOTX>
    <SEOCOMPOTX>
     <CLSNAME>ZCL_TR_3020_GUI</CLSNAME>
     <CMPNAME>RELEASE_AGN_ZF</CMPNAME>
     <LANGU>1</LANGU>
     <DESCRIPT>释放AGN</DESCRIPT>
    </SEOCOMPOTX>
    <SEOCOMPOTX>
     <CLSNAME>ZCL_TR_3020_GUI</CLSNAME>
     <CMPNAME>RELEASE_WPLAN</CMPNAME>
     <LANGU>1</LANGU>
     <DESCRIPT>释放没有创建支付单周资金计划</DESCRIPT>
    </SEOCOMPOTX>
    <SEOCOMPOTX>
     <CLSNAME>ZCL_TR_3020_GUI</CLSNAME>
     <CMPNAME>RELEASE_WPLAN_DELETE_ZFD</CMPNAME>
     <LANGU>1</LANGU>
     <DESCRIPT>释放有支付单作废的周资金计划(存在可能没释放的)</DESCRIPT>
    </SEOCOMPOTX>
    <SEOCOMPOTX>
     <CLSNAME>ZCL_TR_3020_GUI</CLSNAME>
     <CMPNAME>UNLOCK_AGN</CMPNAME>
     <LANGU>1</LANGU>
     <DESCRIPT>解锁分配</DESCRIPT>
    </SEOCOMPOTX>
    <SEOCOMPOTX>
     <CLSNAME>ZCL_TR_3020_GUI</CLSNAME>
     <CMPNAME>UNLOCK_JJAGN</CMPNAME>
     <LANGU>1</LANGU>
     <DESCRIPT>解锁分配</DESCRIPT>
    </SEOCOMPOTX>
   </DESCRIPTIONS>
  </asx:values>
 </asx:abap>
</abapGit>
