﻿<?xml version="1.0" encoding="utf-8"?>
<abapGit version="v1.0.0" serializer="LCL_OBJECT_CLAS" serializer_version="v1.0.0">
 <asx:abap xmlns:asx="http://www.sap.com/abapxml" version="1.0">
  <asx:values>
   <VSEOCLASS>
    <CLSNAME>ZCL_BANK_ENVIROMENT</CLSNAME>
    <VERSION>1</VERSION>
    <LANGU>1</LANGU>
    <DESCRIPT>Bank Enviroment</DESCRIPT>
    <STATE>1</STATE>
    <CLSCCINCL>X</CLSCCINCL>
    <FIXPT>X</FIXPT>
    <UNICODE>X</UNICODE>
    <RSTAT>K</RSTAT>
    <MSG_ID>ZTR_BANK_APPLICATION</MSG_ID>
   </VSEOCLASS>
   <TPOOL>
    <item>
     <ID>I</ID>
     <KEY>001</KEY>
     <ENTRY>银行</ENTRY>
     <LENGTH>12</LENGTH>
    </item>
    <item>
     <ID>I</ID>
     <KEY>002</KEY>
     <ENTRY>/功能</ENTRY>
     <LENGTH>13</LENGTH>
    </item>
    <item>
     <ID>I</ID>
     <KEY>003</KEY>
     <ENTRY>/返回码</ENTRY>
     <LENGTH>14</LENGTH>
    </item>
    <item>
     <ID>I</ID>
     <KEY>004</KEY>
     <ENTRY>/请求状态</ENTRY>
     <LENGTH>15</LENGTH>
    </item>
    <item>
     <ID>I</ID>
     <KEY>005</KEY>
     <ENTRY>/业务处理结果</ENTRY>
     <LENGTH>17</LENGTH>
    </item>
   </TPOOL>
   <DESCRIPTIONS>
    <SEOCOMPOTX>
     <CLSNAME>ZCL_BANK_ENVIROMENT</CLSNAME>
     <CMPNAME>ACTION</CMPNAME>
     <LANGU>1</LANGU>
     <DESCRIPT>银企直连的操作</DESCRIPT>
    </SEOCOMPOTX>
    <SEOCOMPOTX>
     <CLSNAME>ZCL_BANK_ENVIROMENT</CLSNAME>
     <CMPNAME>ACTION_SETTING</CMPNAME>
     <LANGU>1</LANGU>
     <DESCRIPT>银企直连-和ACTION相关的结构配置</DESCRIPT>
    </SEOCOMPOTX>
    <SEOCOMPOTX>
     <CLSNAME>ZCL_BANK_ENVIROMENT</CLSNAME>
     <CMPNAME>ACTION_TEXT</CMPNAME>
     <LANGU>1</LANGU>
     <DESCRIPT>固定值的短文本</DESCRIPT>
    </SEOCOMPOTX>
    <SEOCOMPOTX>
     <CLSNAME>ZCL_BANK_ENVIROMENT</CLSNAME>
     <CMPNAME>BANK_ACTION_SETTING</CMPNAME>
     <LANGU>1</LANGU>
     <DESCRIPT>银企直连-和ACTION相关的结构配置</DESCRIPT>
    </SEOCOMPOTX>
    <SEOCOMPOTX>
     <CLSNAME>ZCL_BANK_ENVIROMENT</CLSNAME>
     <CMPNAME>BANK_ACTION_STEPS</CMPNAME>
     <LANGU>1</LANGU>
     <DESCRIPT>Table Type of ZTRT_BKACT_STEP</DESCRIPT>
    </SEOCOMPOTX>
    <SEOCOMPOTX>
     <CLSNAME>ZCL_BANK_ENVIROMENT</CLSNAME>
     <CMPNAME>BANK_INDICATOR</CMPNAME>
     <LANGU>1</LANGU>
     <DESCRIPT>银企直连中的银行标志</DESCRIPT>
    </SEOCOMPOTX>
    <SEOCOMPOTX>
     <CLSNAME>ZCL_BANK_ENVIROMENT</CLSNAME>
     <CMPNAME>BANK_RETURN_CODE_IS_FAILED</CMPNAME>
     <LANGU>1</LANGU>
     <DESCRIPT>返回类型</DESCRIPT>
    </SEOCOMPOTX>
    <SEOCOMPOTX>
     <CLSNAME>ZCL_BANK_ENVIROMENT</CLSNAME>
     <CMPNAME>BANK_RETURN_CODE_IS_IN_PROCESS</CMPNAME>
     <LANGU>1</LANGU>
     <DESCRIPT>返回类型</DESCRIPT>
    </SEOCOMPOTX>
    <SEOCOMPOTX>
     <CLSNAME>ZCL_BANK_ENVIROMENT</CLSNAME>
     <CMPNAME>BANK_RETURN_CODE_IS_SUCCESS</CMPNAME>
     <LANGU>1</LANGU>
     <DESCRIPT>返回类型</DESCRIPT>
    </SEOCOMPOTX>
    <SEOCOMPOTX>
     <CLSNAME>ZCL_BANK_ENVIROMENT</CLSNAME>
     <CMPNAME>BANK_RETURN_CODE_IS_UNKNOW</CMPNAME>
     <LANGU>1</LANGU>
     <DESCRIPT>返回类型</DESCRIPT>
    </SEOCOMPOTX>
    <SEOCOMPOTX>
     <CLSNAME>ZCL_BANK_ENVIROMENT</CLSNAME>
     <CMPNAME>BANK_SETTING</CMPNAME>
     <LANGU>1</LANGU>
     <DESCRIPT>银企直连-银行标志</DESCRIPT>
    </SEOCOMPOTX>
    <SEOCOMPOTX>
     <CLSNAME>ZCL_BANK_ENVIROMENT</CLSNAME>
     <CMPNAME>CHECK</CMPNAME>
     <LANGU>1</LANGU>
     <DESCRIPT>检查银行环境</DESCRIPT>
    </SEOCOMPOTX>
    <SEOCOMPOTX>
     <CLSNAME>ZCL_BANK_ENVIROMENT</CLSNAME>
     <CMPNAME>CHECK_ACTION</CMPNAME>
     <LANGU>1</LANGU>
     <DESCRIPT>检查ACTION的配置</DESCRIPT>
    </SEOCOMPOTX>
    <SEOCOMPOTX>
     <CLSNAME>ZCL_BANK_ENVIROMENT</CLSNAME>
     <CMPNAME>CHECK_BANK</CMPNAME>
     <LANGU>1</LANGU>
     <DESCRIPT>检查银行标志配置</DESCRIPT>
    </SEOCOMPOTX>
    <SEOCOMPOTX>
     <CLSNAME>ZCL_BANK_ENVIROMENT</CLSNAME>
     <CMPNAME>CHECK_BANK_ACTION</CMPNAME>
     <LANGU>1</LANGU>
     <DESCRIPT>检查银行的ACTION配置</DESCRIPT>
    </SEOCOMPOTX>
    <SEOCOMPOTX>
     <CLSNAME>ZCL_BANK_ENVIROMENT</CLSNAME>
     <CMPNAME>CHECK_BANK_FUNCTION</CMPNAME>
     <LANGU>1</LANGU>
     <DESCRIPT>检查银行的功能</DESCRIPT>
    </SEOCOMPOTX>
    <SEOCOMPOTX>
     <CLSNAME>ZCL_BANK_ENVIROMENT</CLSNAME>
     <CMPNAME>CHECK_DESTINATION_OF_STEP</CMPNAME>
     <LANGU>1</LANGU>
     <DESCRIPT>检查步骤的逻辑目标</DESCRIPT>
    </SEOCOMPOTX>
    <SEOCOMPOTX>
     <CLSNAME>ZCL_BANK_ENVIROMENT</CLSNAME>
     <CMPNAME>CHECK_MAINSTEP_IN_STEPS</CMPNAME>
     <LANGU>1</LANGU>
     <DESCRIPT>检查步骤里的主步骤</DESCRIPT>
    </SEOCOMPOTX>
    <SEOCOMPOTX>
     <CLSNAME>ZCL_BANK_ENVIROMENT</CLSNAME>
     <CMPNAME>CHECK_SINGLE_STEP</CMPNAME>
     <LANGU>1</LANGU>
     <DESCRIPT>检查单个步骤</DESCRIPT>
    </SEOCOMPOTX>
    <SEOCOMPOTX>
     <CLSNAME>ZCL_BANK_ENVIROMENT</CLSNAME>
     <CMPNAME>CHECK_STEPS</CMPNAME>
     <LANGU>1</LANGU>
     <DESCRIPT>检查步骤</DESCRIPT>
    </SEOCOMPOTX>
    <SEOCOMPOTX>
     <CLSNAME>ZCL_BANK_ENVIROMENT</CLSNAME>
     <CMPNAME>CHECK_STRUC_IN_OF_FUNCTION</CMPNAME>
     <LANGU>1</LANGU>
     <DESCRIPT>检查功能对应的数据字典结构</DESCRIPT>
    </SEOCOMPOTX>
    <SEOCOMPOTX>
     <CLSNAME>ZCL_BANK_ENVIROMENT</CLSNAME>
     <CMPNAME>CHECK_STRUC_RES_OF_FUNCTION</CMPNAME>
     <LANGU>1</LANGU>
     <DESCRIPT>检查功能对应的反馈数据字典结构</DESCRIPT>
    </SEOCOMPOTX>
    <SEOCOMPOTX>
     <CLSNAME>ZCL_BANK_ENVIROMENT</CLSNAME>
     <CMPNAME>CHECK_TRANSFORMATION_OF_FUNC</CMPNAME>
     <LANGU>1</LANGU>
     <DESCRIPT>检查功能对应的Transformation</DESCRIPT>
    </SEOCOMPOTX>
    <SEOCOMPOTX>
     <CLSNAME>ZCL_BANK_ENVIROMENT</CLSNAME>
     <CMPNAME>CHECK_TREE_ID_OF_FUNCTION</CMPNAME>
     <LANGU>1</LANGU>
     <DESCRIPT>检查功能对应的DMEE树ID</DESCRIPT>
    </SEOCOMPOTX>
    <SEOCOMPOTX>
     <CLSNAME>ZCL_BANK_ENVIROMENT</CLSNAME>
     <CMPNAME>CHECK_TREE_TYPE_OF_FUNCTION</CMPNAME>
     <LANGU>1</LANGU>
     <DESCRIPT>检查功能对应的DMEE树类型</DESCRIPT>
    </SEOCOMPOTX>
    <SEOCOMPOTX>
     <CLSNAME>ZCL_BANK_ENVIROMENT</CLSNAME>
     <CMPNAME>CONSTRUCTOR</CMPNAME>
     <LANGU>1</LANGU>
     <DESCRIPT>CONSTRUCTOR</DESCRIPT>
    </SEOCOMPOTX>
    <SEOCOMPOTX>
     <CLSNAME>ZCL_BANK_ENVIROMENT</CLSNAME>
     <CMPNAME>CREATE</CMPNAME>
     <LANGU>1</LANGU>
     <DESCRIPT>创建银行环境实例</DESCRIPT>
    </SEOCOMPOTX>
    <SEOCOMPOTX>
     <CLSNAME>ZCL_BANK_ENVIROMENT</CLSNAME>
     <CMPNAME>DATESEQ_BY_BANK</CMPNAME>
     <LANGU>1</LANGU>
     <DESCRIPT>序号控制</DESCRIPT>
    </SEOCOMPOTX>
    <SEOCOMPOTX>
     <CLSNAME>ZCL_BANK_ENVIROMENT</CLSNAME>
     <CMPNAME>DATESEQ_BY_MAINSTEP_FUNCTION</CMPNAME>
     <LANGU>1</LANGU>
     <DESCRIPT>序号控制</DESCRIPT>
    </SEOCOMPOTX>
    <SEOCOMPOTX>
     <CLSNAME>ZCL_BANK_ENVIROMENT</CLSNAME>
     <CMPNAME>DATESEQ_NOT_RELATED</CMPNAME>
     <LANGU>1</LANGU>
     <DESCRIPT>序号控制</DESCRIPT>
    </SEOCOMPOTX>
    <SEOCOMPOTX>
     <CLSNAME>ZCL_BANK_ENVIROMENT</CLSNAME>
     <CMPNAME>DUMMY_MESSAGE</CMPNAME>
     <LANGU>1</LANGU>
     <DESCRIPT>字符字段长度 1</DESCRIPT>
    </SEOCOMPOTX>
    <SEOCOMPOTX>
     <CLSNAME>ZCL_BANK_ENVIROMENT</CLSNAME>
     <CMPNAME>ENVIROMENTS</CMPNAME>
     <LANGU>1</LANGU>
     <DESCRIPT>Table Type of ZTRS_BANK_ENVIROMENT</DESCRIPT>
    </SEOCOMPOTX>
    <SEOCOMPOTX>
     <CLSNAME>ZCL_BANK_ENVIROMENT</CLSNAME>
     <CMPNAME>FUNCTIONS</CMPNAME>
     <LANGU>1</LANGU>
     <DESCRIPT>Table Type of ZTRT_BANK_FUNC</DESCRIPT>
    </SEOCOMPOTX>
    <SEOCOMPOTX>
     <CLSNAME>ZCL_BANK_ENVIROMENT</CLSNAME>
     <CMPNAME>GET_ACTION</CMPNAME>
     <LANGU>1</LANGU>
     <DESCRIPT>取得ACTION的配置</DESCRIPT>
    </SEOCOMPOTX>
    <SEOCOMPOTX>
     <CLSNAME>ZCL_BANK_ENVIROMENT</CLSNAME>
     <CMPNAME>GET_BANK</CMPNAME>
     <LANGU>1</LANGU>
     <DESCRIPT>取得银行标志配置</DESCRIPT>
    </SEOCOMPOTX>
    <SEOCOMPOTX>
     <CLSNAME>ZCL_BANK_ENVIROMENT</CLSNAME>
     <CMPNAME>GET_BANK_ACTION</CMPNAME>
     <LANGU>1</LANGU>
     <DESCRIPT>取得银行的ACTION配置</DESCRIPT>
    </SEOCOMPOTX>
    <SEOCOMPOTX>
     <CLSNAME>ZCL_BANK_ENVIROMENT</CLSNAME>
     <CMPNAME>GET_BANK_FUNCTION</CMPNAME>
     <LANGU>1</LANGU>
     <DESCRIPT>取得银行的功能</DESCRIPT>
    </SEOCOMPOTX>
    <SEOCOMPOTX>
     <CLSNAME>ZCL_BANK_ENVIROMENT</CLSNAME>
     <CMPNAME>GET_BANK_RETURN_CODE_INFO</CMPNAME>
     <LANGU>1</LANGU>
     <DESCRIPT>取得银行返回码信息</DESCRIPT>
    </SEOCOMPOTX>
    <SEOCOMPOTX>
     <CLSNAME>ZCL_BANK_ENVIROMENT</CLSNAME>
     <CMPNAME>GET_BANK_RETURN_CODE_TYPE</CMPNAME>
     <LANGU>1</LANGU>
     <DESCRIPT>取得银行返回码类型</DESCRIPT>
    </SEOCOMPOTX>
    <SEOCOMPOTX>
     <CLSNAME>ZCL_BANK_ENVIROMENT</CLSNAME>
     <CMPNAME>GET_FUNCTION_BY_STEP</CMPNAME>
     <LANGU>1</LANGU>
     <DESCRIPT>根据步骤取得银行功能</DESCRIPT>
    </SEOCOMPOTX>
    <SEOCOMPOTX>
     <CLSNAME>ZCL_BANK_ENVIROMENT</CLSNAME>
     <CMPNAME>GET_FUNCTION_NAME_BY_STEP</CMPNAME>
     <LANGU>1</LANGU>
     <DESCRIPT>根据步骤取得银行功能名称</DESCRIPT>
    </SEOCOMPOTX>
    <SEOCOMPOTX>
     <CLSNAME>ZCL_BANK_ENVIROMENT</CLSNAME>
     <CMPNAME>GET_FUNCTION_TEXT</CMPNAME>
     <LANGU>1</LANGU>
     <DESCRIPT>取得银行功能描述</DESCRIPT>
    </SEOCOMPOTX>
    <SEOCOMPOTX>
     <CLSNAME>ZCL_BANK_ENVIROMENT</CLSNAME>
     <CMPNAME>GET_MAIN_STEP</CMPNAME>
     <LANGU>1</LANGU>
     <DESCRIPT>取得主步骤</DESCRIPT>
    </SEOCOMPOTX>
    <SEOCOMPOTX>
     <CLSNAME>ZCL_BANK_ENVIROMENT</CLSNAME>
     <CMPNAME>GET_MAIN_STEP_INPUT_STRUCTURE</CMPNAME>
     <LANGU>1</LANGU>
     <DESCRIPT>取得主步骤对应的输入数据字典结构</DESCRIPT>
    </SEOCOMPOTX>
    <SEOCOMPOTX>
     <CLSNAME>ZCL_BANK_ENVIROMENT</CLSNAME>
     <CMPNAME>GET_SINGLE_STEP</CMPNAME>
     <LANGU>1</LANGU>
     <DESCRIPT>取得单个步骤配置</DESCRIPT>
    </SEOCOMPOTX>
    <SEOCOMPOTX>
     <CLSNAME>ZCL_BANK_ENVIROMENT</CLSNAME>
     <CMPNAME>GET_STEPS</CMPNAME>
     <LANGU>1</LANGU>
     <DESCRIPT>取得步骤</DESCRIPT>
    </SEOCOMPOTX>
    <SEOCOMPOTX>
     <CLSNAME>ZCL_BANK_ENVIROMENT</CLSNAME>
     <CMPNAME>IF_ERROR</CMPNAME>
     <LANGU>1</LANGU>
     <DESCRIPT>银行环境实例是否有错误</DESCRIPT>
    </SEOCOMPOTX>
    <SEOCOMPOTX>
     <CLSNAME>ZCL_BANK_ENVIROMENT</CLSNAME>
     <CMPNAME>INSTANCE_DATE</CMPNAME>
     <LANGU>1</LANGU>
     <DESCRIPT>日期</DESCRIPT>
    </SEOCOMPOTX>
    <SEOCOMPOTX>
     <CLSNAME>ZCL_BANK_ENVIROMENT</CLSNAME>
     <CMPNAME>MESSAGES</CMPNAME>
     <LANGU>1</LANGU>
     <DESCRIPT>Message Collector</DESCRIPT>
    </SEOCOMPOTX>
    <SEOCOMPOTX>
     <CLSNAME>ZCL_BANK_ENVIROMENT</CLSNAME>
     <CMPNAME>NO</CMPNAME>
     <LANGU>1</LANGU>
     <DESCRIPT>字符字段长度 1</DESCRIPT>
    </SEOCOMPOTX>
    <SEOCOMPOTX>
     <CLSNAME>ZCL_BANK_ENVIROMENT</CLSNAME>
     <CMPNAME>PUBLISH_MESSAGES</CMPNAME>
     <LANGU>1</LANGU>
     <DESCRIPT>发布消息</DESCRIPT>
    </SEOCOMPOTX>
    <SEOCOMPOTX>
     <CLSNAME>ZCL_BANK_ENVIROMENT</CLSNAME>
     <CMPNAME>S_CHECK_ACTION_FROM_EXTERNAL</CMPNAME>
     <LANGU>1</LANGU>
     <DESCRIPT>检查银行功能(静态)</DESCRIPT>
    </SEOCOMPOTX>
    <SEOCOMPOTX>
     <CLSNAME>ZCL_BANK_ENVIROMENT</CLSNAME>
     <CMPNAME>S_DETERMINE_BANK_INSTANCE_CLS</CMPNAME>
     <LANGU>1</LANGU>
     <DESCRIPT>确定银行实例类(静态)</DESCRIPT>
    </SEOCOMPOTX>
    <SEOCOMPOTX>
     <CLSNAME>ZCL_BANK_ENVIROMENT</CLSNAME>
     <CMPNAME>S_GET_BANK_ACC_INSTANCE_CLASS</CMPNAME>
     <LANGU>1</LANGU>
     <DESCRIPT>取得银行账户实例类(静态)</DESCRIPT>
    </SEOCOMPOTX>
    <SEOCOMPOTX>
     <CLSNAME>ZCL_BANK_ENVIROMENT</CLSNAME>
     <CMPNAME>S_GET_BANK_INSTANCE_CLASS</CMPNAME>
     <LANGU>1</LANGU>
     <DESCRIPT>取得银行实例类(静态)</DESCRIPT>
    </SEOCOMPOTX>
    <SEOCOMPOTX>
     <CLSNAME>ZCL_BANK_ENVIROMENT</CLSNAME>
     <CMPNAME>S_GET_FUNCTION_BY_STEP</CMPNAME>
     <LANGU>1</LANGU>
     <DESCRIPT>取得根据步骤取得银行功能(静态)</DESCRIPT>
    </SEOCOMPOTX>
    <SEOCOMPOTX>
     <CLSNAME>ZCL_BANK_ENVIROMENT</CLSNAME>
     <CMPNAME>YES</CMPNAME>
     <LANGU>1</LANGU>
     <DESCRIPT>字符字段长度 1</DESCRIPT>
    </SEOCOMPOTX>
   </DESCRIPTIONS>
  </asx:values>
 </asx:abap>
</abapGit>
