﻿<?xml version="1.0" encoding="utf-8"?>
<abapGit version="v1.0.0" serializer="LCL_OBJECT_CLAS" serializer_version="v1.0.0">
 <asx:abap xmlns:asx="http://www.sap.com/abapxml" version="1.0">
  <asx:values>
   <VSEOCLASS>
    <CLSNAME>ZCL_TR_CAPITAL_PLATFORM</CLSNAME>
    <VERSION>1</VERSION>
    <LANGU>1</LANGU>
    <DESCRIPT>资金集中管理平台</DESCRIPT>
    <STATE>1</STATE>
    <CLSCCINCL>X</CLSCCINCL>
    <FIXPT>X</FIXPT>
    <UNICODE>X</UNICODE>
   </VSEOCLASS>
   <TPOOL>
    <item>
     <ID>I</ID>
     <KEY>002</KEY>
     <ENTRY>保存单据</ENTRY>
     <LENGTH>14</LENGTH>
    </item>
    <item>
     <ID>I</ID>
     <KEY>003</KEY>
     <ENTRY>您确定执行保存吗？</ENTRY>
     <LENGTH>19</LENGTH>
    </item>
    <item>
     <ID>I</ID>
     <KEY>004</KEY>
     <ENTRY>是</ENTRY>
     <LENGTH>11</LENGTH>
    </item>
    <item>
     <ID>I</ID>
     <KEY>005</KEY>
     <ENTRY>否</ENTRY>
     <LENGTH>11</LENGTH>
    </item>
    <item>
     <ID>I</ID>
     <KEY>006</KEY>
     <ENTRY>数据发生变化</ENTRY>
     <LENGTH>16</LENGTH>
    </item>
    <item>
     <ID>I</ID>
     <KEY>007</KEY>
     <ENTRY>数据发生了变化，您需要保存数据吗？</ENTRY>
     <LENGTH>27</LENGTH>
    </item>
    <item>
     <ID>I</ID>
     <KEY>009</KEY>
     <ENTRY>创建支付单</ENTRY>
     <LENGTH>15</LENGTH>
    </item>
    <item>
     <ID>I</ID>
     <KEY>010</KEY>
     <ENTRY>您确定对所选择的项目执行创建支付单吗？</ENTRY>
     <LENGTH>20</LENGTH>
    </item>
    <item>
     <ID>I</ID>
     <KEY>011</KEY>
     <ENTRY>退出</ENTRY>
     <LENGTH>4</LENGTH>
    </item>
    <item>
     <ID>I</ID>
     <KEY>012</KEY>
     <ENTRY>数据发生了变化，您退出前需要保存吗？</ENTRY>
     <LENGTH>40</LENGTH>
    </item>
    <item>
     <ID>I</ID>
     <KEY>013</KEY>
     <ENTRY>提交审批</ENTRY>
     <LENGTH>10</LENGTH>
    </item>
    <item>
     <ID>I</ID>
     <KEY>014</KEY>
     <ENTRY>您确定提交审批吗？</ENTRY>
     <LENGTH>20</LENGTH>
    </item>
    <item>
     <ID>I</ID>
     <KEY>015</KEY>
     <ENTRY>删除单据</ENTRY>
     <LENGTH>10</LENGTH>
    </item>
    <item>
     <ID>I</ID>
     <KEY>016</KEY>
     <ENTRY>您确定需要删除当前的单据吗？注意：该操作将会将整个单据作废。</ENTRY>
     <LENGTH>100</LENGTH>
    </item>
    <item>
     <ID>I</ID>
     <KEY>017</KEY>
     <ENTRY>退回</ENTRY>
     <LENGTH>4</LENGTH>
    </item>
    <item>
     <ID>I</ID>
     <KEY>018</KEY>
     <ENTRY>您确定提交退回吗？</ENTRY>
     <LENGTH>20</LENGTH>
    </item>
    <item>
     <ID>I</ID>
     <KEY>019</KEY>
     <ENTRY>复核通过</ENTRY>
     <LENGTH>8</LENGTH>
    </item>
    <item>
     <ID>I</ID>
     <KEY>020</KEY>
     <ENTRY>您确定提交复核通过吗？</ENTRY>
     <LENGTH>20</LENGTH>
    </item>
    <item>
     <ID>I</ID>
     <KEY>021</KEY>
     <ENTRY>拒绝</ENTRY>
     <LENGTH>8</LENGTH>
    </item>
    <item>
     <ID>I</ID>
     <KEY>022</KEY>
     <ENTRY>您确定拒绝吗？</ENTRY>
     <LENGTH>10</LENGTH>
    </item>
    <item>
     <ID>I</ID>
     <KEY>023</KEY>
     <ENTRY>您确定对所选择的项目执行汇总创建支付单吗？</ENTRY>
     <LENGTH>42</LENGTH>
    </item>
    <item>
     <ID>I</ID>
     <KEY>B02</KEY>
     <ENTRY>背书备选清单</ENTRY>
     <LENGTH>16</LENGTH>
    </item>
    <item>
     <ID>I</ID>
     <KEY>B03</KEY>
     <ENTRY>联属方交易查询</ENTRY>
     <LENGTH>17</LENGTH>
    </item>
    <item>
     <ID>I</ID>
     <KEY>B04</KEY>
     <ENTRY>增加行</ENTRY>
     <LENGTH>13</LENGTH>
    </item>
    <item>
     <ID>I</ID>
     <KEY>B05</KEY>
     <ENTRY>删除</ENTRY>
     <LENGTH>12</LENGTH>
    </item>
    <item>
     <ID>I</ID>
     <KEY>B06</KEY>
     <ENTRY>涉及的周计划金额明细</ENTRY>
     <LENGTH>20</LENGTH>
    </item>
    <item>
     <ID>I</ID>
     <KEY>M01</KEY>
     <ENTRY>消息</ENTRY>
     <LENGTH>12</LENGTH>
    </item>
    <item>
     <ID>I</ID>
     <KEY>MG1</KEY>
     <ENTRY>创建</ENTRY>
     <LENGTH>14</LENGTH>
    </item>
    <item>
     <ID>I</ID>
     <KEY>MG2</KEY>
     <ENTRY>修改</ENTRY>
     <LENGTH>12</LENGTH>
    </item>
    <item>
     <ID>I</ID>
     <KEY>MG3</KEY>
     <ENTRY>显示</ENTRY>
     <LENGTH>12</LENGTH>
    </item>
    <item>
     <ID>I</ID>
     <KEY>MG4</KEY>
     <ENTRY>审批</ENTRY>
     <LENGTH>12</LENGTH>
    </item>
    <item>
     <ID>I</ID>
     <KEY>T01</KEY>
     <ENTRY>-编辑模式</ENTRY>
     <LENGTH>16</LENGTH>
    </item>
    <item>
     <ID>I</ID>
     <KEY>T02</KEY>
     <ENTRY>-显示模式</ENTRY>
     <LENGTH>16</LENGTH>
    </item>
    <item>
     <ID>I</ID>
     <KEY>T03</KEY>
     <ENTRY>-审批</ENTRY>
     <LENGTH>5</LENGTH>
    </item>
   </TPOOL>
   <DESCRIPTIONS>
    <SEOCOMPOTX>
     <CLSNAME>ZCL_TR_CAPITAL_PLATFORM</CLSNAME>
     <CMPNAME>ALV_CONTROLS</CMPNAME>
     <LANGU>1</LANGU>
     <DESCRIPT>Table Type of ZTRS_00192_ALV_CONTROL</DESCRIPT>
    </SEOCOMPOTX>
    <SEOCOMPOTX>
     <CLSNAME>ZCL_TR_CAPITAL_PLATFORM</CLSNAME>
     <CMPNAME>ALV_PBUKRS_F4</CMPNAME>
     <LANGU>1</LANGU>
     <DESCRIPT>付款公司F4</DESCRIPT>
    </SEOCOMPOTX>
    <SEOCOMPOTX>
     <CLSNAME>ZCL_TR_CAPITAL_PLATFORM</CLSNAME>
     <CMPNAME>ALV_PYHZH_F4</CMPNAME>
     <LANGU>1</LANGU>
     <DESCRIPT>付款银行账户</DESCRIPT>
    </SEOCOMPOTX>
    <SEOCOMPOTX>
     <CLSNAME>ZCL_TR_CAPITAL_PLATFORM</CLSNAME>
     <CMPNAME>ALV_ZFKBANKL_F4</CMPNAME>
     <LANGU>1</LANGU>
     <DESCRIPT>付款银行码</DESCRIPT>
    </SEOCOMPOTX>
    <SEOCOMPOTX>
     <CLSNAME>ZCL_TR_CAPITAL_PLATFORM</CLSNAME>
     <CMPNAME>ALV_ZSKBANKL_F4</CMPNAME>
     <LANGU>1</LANGU>
     <DESCRIPT>收款银行码</DESCRIPT>
    </SEOCOMPOTX>
    <SEOCOMPOTX>
     <CLSNAME>ZCL_TR_CAPITAL_PLATFORM</CLSNAME>
     <CMPNAME>ALV_ZSKBNKN_F4</CMPNAME>
     <LANGU>1</LANGU>
     <DESCRIPT>收款银行账户</DESCRIPT>
    </SEOCOMPOTX>
    <SEOCOMPOTX>
     <CLSNAME>ZCL_TR_CAPITAL_PLATFORM</CLSNAME>
     <CMPNAME>APPLICATION_TOOLBAR_MSG_ICON</CMPNAME>
     <LANGU>1</LANGU>
     <DESCRIPT>菜单制作器:动态文本的程序接口</DESCRIPT>
    </SEOCOMPOTX>
    <SEOCOMPOTX>
     <CLSNAME>ZCL_TR_CAPITAL_PLATFORM</CLSNAME>
     <CMPNAME>CENTRALIZED_BY_EDOC_TRANSFER</CMPNAME>
     <LANGU>1</LANGU>
     <DESCRIPT>资金集中类型</DESCRIPT>
    </SEOCOMPOTX>
    <SEOCOMPOTX>
     <CLSNAME>ZCL_TR_CAPITAL_PLATFORM</CLSNAME>
     <CMPNAME>CENTRALIZED_BY_HEADOFFICE_ALLO</CMPNAME>
     <LANGU>1</LANGU>
     <DESCRIPT>资金集中类型</DESCRIPT>
    </SEOCOMPOTX>
    <SEOCOMPOTX>
     <CLSNAME>ZCL_TR_CAPITAL_PLATFORM</CLSNAME>
     <CMPNAME>CENTRALIZED_BY_PLANT_TO_SALES</CMPNAME>
     <LANGU>1</LANGU>
     <DESCRIPT>资金集中类型</DESCRIPT>
    </SEOCOMPOTX>
    <SEOCOMPOTX>
     <CLSNAME>ZCL_TR_CAPITAL_PLATFORM</CLSNAME>
     <CMPNAME>CENTRALIZED_BY_SALES_TO_PLANT</CMPNAME>
     <LANGU>1</LANGU>
     <DESCRIPT>资金集中类型</DESCRIPT>
    </SEOCOMPOTX>
    <SEOCOMPOTX>
     <CLSNAME>ZCL_TR_CAPITAL_PLATFORM</CLSNAME>
     <CMPNAME>CHECK_AUTH_192</CMPNAME>
     <LANGU>1</LANGU>
     <DESCRIPT>校验资金集中管理权限</DESCRIPT>
    </SEOCOMPOTX>
    <SEOCOMPOTX>
     <CLSNAME>ZCL_TR_CAPITAL_PLATFORM</CLSNAME>
     <CMPNAME>CHECK_AUTH_AND_FILTER</CMPNAME>
     <LANGU>1</LANGU>
     <DESCRIPT>校验资金集中管理权限 并过滤无权限数据</DESCRIPT>
    </SEOCOMPOTX>
    <SEOCOMPOTX>
     <CLSNAME>ZCL_TR_CAPITAL_PLATFORM</CLSNAME>
     <CMPNAME>CREATE_PAYMENTORDER_BATCH</CMPNAME>
     <LANGU>1</LANGU>
     <DESCRIPT>2020.2.3 调拨单批量创建支付单</DESCRIPT>
    </SEOCOMPOTX>
    <SEOCOMPOTX>
     <CLSNAME>ZCL_TR_CAPITAL_PLATFORM</CLSNAME>
     <CMPNAME>CURRENT_ALV_CONTROL</CMPNAME>
     <LANGU>1</LANGU>
     <DESCRIPT>ALV控制</DESCRIPT>
    </SEOCOMPOTX>
    <SEOCOMPOTX>
     <CLSNAME>ZCL_TR_CAPITAL_PLATFORM</CLSNAME>
     <CMPNAME>DOCUMENTS</CMPNAME>
     <LANGU>1</LANGU>
     <DESCRIPT>Table Type of ZTRS_0192_DOCUMENT</DESCRIPT>
    </SEOCOMPOTX>
    <SEOCOMPOTX>
     <CLSNAME>ZCL_TR_CAPITAL_PLATFORM</CLSNAME>
     <CMPNAME>DOCUMENT_SCREEN_HEADERS</CMPNAME>
     <LANGU>1</LANGU>
     <DESCRIPT>集团公司资金往来申请单据抬头</DESCRIPT>
    </SEOCOMPOTX>
    <SEOCOMPOTX>
     <CLSNAME>ZCL_TR_CAPITAL_PLATFORM</CLSNAME>
     <CMPNAME>DOCUMENT_SCREEN_ITEMS</CMPNAME>
     <LANGU>1</LANGU>
     <DESCRIPT>Table type of ztrs_00192_output</DESCRIPT>
    </SEOCOMPOTX>
    <SEOCOMPOTX>
     <CLSNAME>ZCL_TR_CAPITAL_PLATFORM</CLSNAME>
     <CMPNAME>DRILLDOWN_DOCUMENT_MODE</CMPNAME>
     <LANGU>1</LANGU>
     <DESCRIPT>字符字段长度 1</DESCRIPT>
    </SEOCOMPOTX>
    <SEOCOMPOTX>
     <CLSNAME>ZCL_TR_CAPITAL_PLATFORM</CLSNAME>
     <CMPNAME>EDIT_MODE</CMPNAME>
     <LANGU>1</LANGU>
     <DESCRIPT>一般标记</DESCRIPT>
    </SEOCOMPOTX>
    <SEOCOMPOTX>
     <CLSNAME>ZCL_TR_CAPITAL_PLATFORM</CLSNAME>
     <CMPNAME>MAIN_PROGRAM</CMPNAME>
     <LANGU>1</LANGU>
     <DESCRIPT>ABAP 程序：当前主程序</DESCRIPT>
    </SEOCOMPOTX>
    <SEOCOMPOTX>
     <CLSNAME>ZCL_TR_CAPITAL_PLATFORM</CLSNAME>
     <CMPNAME>MULTIPLE_DOCUMENT_MODE</CMPNAME>
     <LANGU>1</LANGU>
     <DESCRIPT>字符字段长度 1</DESCRIPT>
    </SEOCOMPOTX>
    <SEOCOMPOTX>
     <CLSNAME>ZCL_TR_CAPITAL_PLATFORM</CLSNAME>
     <CMPNAME>NO</CMPNAME>
     <LANGU>1</LANGU>
     <DESCRIPT>字符字段长度 1</DESCRIPT>
    </SEOCOMPOTX>
    <SEOCOMPOTX>
     <CLSNAME>ZCL_TR_CAPITAL_PLATFORM</CLSNAME>
     <CMPNAME>OA_HISTORY</CMPNAME>
     <LANGU>1</LANGU>
     <DESCRIPT>查看oa审批流</DESCRIPT>
    </SEOCOMPOTX>
    <SEOCOMPOTX>
     <CLSNAME>ZCL_TR_CAPITAL_PLATFORM</CLSNAME>
     <CMPNAME>OFF</CMPNAME>
     <LANGU>1</LANGU>
     <DESCRIPT>字符字段长度 1</DESCRIPT>
    </SEOCOMPOTX>
    <SEOCOMPOTX>
     <CLSNAME>ZCL_TR_CAPITAL_PLATFORM</CLSNAME>
     <CMPNAME>ON</CMPNAME>
     <LANGU>1</LANGU>
     <DESCRIPT>字符字段长度 1</DESCRIPT>
    </SEOCOMPOTX>
    <SEOCOMPOTX>
     <CLSNAME>ZCL_TR_CAPITAL_PLATFORM</CLSNAME>
     <CMPNAME>PLATFORM_ERROR</CMPNAME>
     <LANGU>1</LANGU>
     <DESCRIPT>字符字段长度 1</DESCRIPT>
    </SEOCOMPOTX>
    <SEOCOMPOTX>
     <CLSNAME>ZCL_TR_CAPITAL_PLATFORM</CLSNAME>
     <CMPNAME>PROCESSING_DOC</CMPNAME>
     <LANGU>1</LANGU>
     <DESCRIPT>资金集中管理平台单据</DESCRIPT>
    </SEOCOMPOTX>
    <SEOCOMPOTX>
     <CLSNAME>ZCL_TR_CAPITAL_PLATFORM</CLSNAME>
     <CMPNAME>REPORT_SELECTIONS_BUFFER</CMPNAME>
     <LANGU>1</LANGU>
     <DESCRIPT>Contains Standard Selections of Initial Screen</DESCRIPT>
    </SEOCOMPOTX>
    <SEOCOMPOTX>
     <CLSNAME>ZCL_TR_CAPITAL_PLATFORM</CLSNAME>
     <CMPNAME>RUNNING_MODE</CMPNAME>
     <LANGU>1</LANGU>
     <DESCRIPT>字符字段长度 1</DESCRIPT>
    </SEOCOMPOTX>
    <SEOCOMPOTX>
     <CLSNAME>ZCL_TR_CAPITAL_PLATFORM</CLSNAME>
     <CMPNAME>SELECTION</CMPNAME>
     <LANGU>1</LANGU>
     <DESCRIPT>资金集中管理平台选择屏幕数据</DESCRIPT>
    </SEOCOMPOTX>
    <SEOCOMPOTX>
     <CLSNAME>ZCL_TR_CAPITAL_PLATFORM</CLSNAME>
     <CMPNAME>SET_DATE_BY_WKPLV</CMPNAME>
     <LANGU>1</LANGU>
     <DESCRIPT>20191105将日期改成周版本统一比率</DESCRIPT>
    </SEOCOMPOTX>
    <SEOCOMPOTX>
     <CLSNAME>ZCL_TR_CAPITAL_PLATFORM</CLSNAME>
     <CMPNAME>SINGLE_DOCUMENT_MODE</CMPNAME>
     <LANGU>1</LANGU>
     <DESCRIPT>字符字段长度 1</DESCRIPT>
    </SEOCOMPOTX>
    <SEOCOMPOTX>
     <CLSNAME>ZCL_TR_CAPITAL_PLATFORM</CLSNAME>
     <CMPNAME>SUBMIT2</CMPNAME>
     <LANGU>1</LANGU>
     <DESCRIPT>汇票划转作废二次提交</DESCRIPT>
    </SEOCOMPOTX>
    <SEOCOMPOTX>
     <CLSNAME>ZCL_TR_CAPITAL_PLATFORM</CLSNAME>
     <CMPNAME>TCODE_CAPITAL_TRANSFER</CMPNAME>
     <LANGU>1</LANGU>
     <DESCRIPT>事务代码</DESCRIPT>
    </SEOCOMPOTX>
    <SEOCOMPOTX>
     <CLSNAME>ZCL_TR_CAPITAL_PLATFORM</CLSNAME>
     <CMPNAME>TCODE_ELECTRIC_DOC_TRANSFER</CMPNAME>
     <LANGU>1</LANGU>
     <DESCRIPT>事务代码</DESCRIPT>
    </SEOCOMPOTX>
    <SEOCOMPOTX>
     <CLSNAME>ZCL_TR_CAPITAL_PLATFORM</CLSNAME>
     <CMPNAME>TCODE_MANAGEMENT_PLATFORM</CMPNAME>
     <LANGU>1</LANGU>
     <DESCRIPT>事务代码</DESCRIPT>
    </SEOCOMPOTX>
    <SEOCOMPOTX>
     <CLSNAME>ZCL_TR_CAPITAL_PLATFORM</CLSNAME>
     <CMPNAME>TCODE_PLANT_TO_SALES</CMPNAME>
     <LANGU>1</LANGU>
     <DESCRIPT>事务代码</DESCRIPT>
    </SEOCOMPOTX>
    <SEOCOMPOTX>
     <CLSNAME>ZCL_TR_CAPITAL_PLATFORM</CLSNAME>
     <CMPNAME>TCODE_SALES_TO_PLANT</CMPNAME>
     <LANGU>1</LANGU>
     <DESCRIPT>事务代码</DESCRIPT>
    </SEOCOMPOTX>
    <SEOCOMPOTX>
     <CLSNAME>ZCL_TR_CAPITAL_PLATFORM</CLSNAME>
     <CMPNAME>YES</CMPNAME>
     <LANGU>1</LANGU>
     <DESCRIPT>字符字段长度 1</DESCRIPT>
    </SEOCOMPOTX>
   </DESCRIPTIONS>
  </asx:values>
 </asx:abap>
</abapGit>
