﻿<?xml version="1.0" encoding="utf-8"?>
<abapGit version="v1.0.0" serializer="LCL_OBJECT_DOMA" serializer_version="v1.0.0">
 <asx:abap xmlns:asx="http://www.sap.com/abapxml" version="1.0">
  <asx:values>
   <DD01V>
    <DOMNAME>ZDECV0_3</DOMNAME>
    <DDLANGUAGE>1</DDLANGUAGE>
    <DATATYPE>DEC</DATATYPE>
    <LENG>000005</LENG>
    <OUTPUTLEN>000014</OUTPUTLEN>
    <DECIMALS>000003</DECIMALS>
    <SIGNFLAG>X</SIGNFLAG>
    <DDTEXT>有+/-符号的小数</DDTEXT>
    <APPLCLASS>FVV</APPLCLASS>
   </DD01V>
   <I18N_LANGS>
    <LANGU>D</LANGU>
    <LANGU>E</LANGU>
   </I18N_LANGS>
   <DD01_TEXTS>
    <item>
     <DDLANGUAGE>D</DDLANGUAGE>
     <DDTEXT>小数点后3位</DDTEXT>
    </item>
    <item>
     <DDLANGUAGE>E</DDLANGUAGE>
     <DDTEXT>Decimal number with +/- sign</DDTEXT>
    </item>
   </DD01_TEXTS>
  </asx:values>
 </asx:abap>
</abapGit>
