﻿<?xml version="1.0" encoding="utf-8"?>
<abapGit version="v1.0.0" serializer="LCL_OBJECT_DOMA" serializer_version="v1.0.0">
 <asx:abap xmlns:asx="http://www.sap.com/abapxml" version="1.0">
  <asx:values>
   <DD01V>
    <DOMNAME>ZDM_TR_DATE_SEQUENCE</DOMNAME>
    <DDLANGUAGE>1</DDLANGUAGE>
    <DATATYPE>CHAR</DATATYPE>
    <LENG>000007</LENG>
    <OUTPUTLEN>000007</OUTPUTLEN>
    <CONVEXIT>ALPHA</CONVEXIT>
    <DDTEXT>按照日期的序号</DDTEXT>
   </DD01V>
  </asx:values>
 </asx:abap>
</abapGit>
