﻿<?xml version="1.0" encoding="utf-8"?>
<abapGit version="v1.0.0" serializer="LCL_OBJECT_DOMA" serializer_version="v1.0.0">
 <asx:abap xmlns:asx="http://www.sap.com/abapxml" version="1.0">
  <asx:values>
   <DD01V>
    <DOMNAME>ZDM_TR_BOC_EDOC_STATUS</DOMNAME>
    <DDLANGUAGE>1</DDLANGUAGE>
    <DATATYPE>CHAR</DATATYPE>
    <LENG>000006</LENG>
    <OUTPUTLEN>000006</OUTPUTLEN>
    <VALEXI>X</VALEXI>
    <DDTEXT>票据状态</DDTEXT>
   </DD01V>
   <DD07V_TAB>
    <DD07V>
     <DOMNAME>ZDM_TR_BOC_EDOC_STATUS</DOMNAME>
     <VALPOS>0001</VALPOS>
     <DDLANGUAGE>1</DDLANGUAGE>
     <DOMVALUE_L>000000</DOMVALUE_L>
     <DDTEXT>票据已结清</DDTEXT>
    </DD07V>
    <DD07V>
     <DOMNAME>ZDM_TR_BOC_EDOC_STATUS</DOMNAME>
     <VALPOS>0002</VALPOS>
     <DDLANGUAGE>1</DDLANGUAGE>
     <DOMVALUE_L>000002</DOMVALUE_L>
     <DDTEXT>票据已作废</DDTEXT>
    </DD07V>
    <DD07V>
     <DOMNAME>ZDM_TR_BOC_EDOC_STATUS</DOMNAME>
     <VALPOS>0003</VALPOS>
     <DDLANGUAGE>1</DDLANGUAGE>
     <DOMVALUE_L>000026</DOMVALUE_L>
     <DDTEXT>已逾票据权利失效日</DDTEXT>
    </DD07V>
    <DD07V>
     <DOMNAME>ZDM_TR_BOC_EDOC_STATUS</DOMNAME>
     <VALPOS>0004</VALPOS>
     <DDLANGUAGE>1</DDLANGUAGE>
     <DOMVALUE_L>010004</DOMVALUE_L>
     <DDTEXT>出票已登记</DDTEXT>
    </DD07V>
    <DD07V>
     <DOMNAME>ZDM_TR_BOC_EDOC_STATUS</DOMNAME>
     <VALPOS>0005</VALPOS>
     <DDLANGUAGE>1</DDLANGUAGE>
     <DOMVALUE_L>020001</DOMVALUE_L>
     <DDTEXT>提示承兑待签收</DDTEXT>
    </DD07V>
    <DD07V>
     <DOMNAME>ZDM_TR_BOC_EDOC_STATUS</DOMNAME>
     <VALPOS>0006</VALPOS>
     <DDLANGUAGE>1</DDLANGUAGE>
     <DOMVALUE_L>020006</DOMVALUE_L>
     <DDTEXT>提示承兑已签收</DDTEXT>
    </DD07V>
    <DD07V>
     <DOMNAME>ZDM_TR_BOC_EDOC_STATUS</DOMNAME>
     <VALPOS>0007</VALPOS>
     <DDLANGUAGE>1</DDLANGUAGE>
     <DOMVALUE_L>030001</DOMVALUE_L>
     <DDTEXT>提示收票待签收</DDTEXT>
    </DD07V>
    <DD07V>
     <DOMNAME>ZDM_TR_BOC_EDOC_STATUS</DOMNAME>
     <VALPOS>0008</VALPOS>
     <DDLANGUAGE>1</DDLANGUAGE>
     <DOMVALUE_L>030006</DOMVALUE_L>
     <DDTEXT>提示收票已签收</DDTEXT>
    </DD07V>
    <DD07V>
     <DOMNAME>ZDM_TR_BOC_EDOC_STATUS</DOMNAME>
     <VALPOS>0009</VALPOS>
     <DDLANGUAGE>1</DDLANGUAGE>
     <DOMVALUE_L>100001</DOMVALUE_L>
     <DDTEXT>背书待签收</DDTEXT>
    </DD07V>
    <DD07V>
     <DOMNAME>ZDM_TR_BOC_EDOC_STATUS</DOMNAME>
     <VALPOS>0010</VALPOS>
     <DDLANGUAGE>1</DDLANGUAGE>
     <DOMVALUE_L>100006</DOMVALUE_L>
     <DDTEXT>背书已签收</DDTEXT>
    </DD07V>
    <DD07V>
     <DOMNAME>ZDM_TR_BOC_EDOC_STATUS</DOMNAME>
     <VALPOS>0011</VALPOS>
     <DDLANGUAGE>1</DDLANGUAGE>
     <DOMVALUE_L>110101</DOMVALUE_L>
     <DDTEXT>买断式贴现待签收</DDTEXT>
    </DD07V>
    <DD07V>
     <DOMNAME>ZDM_TR_BOC_EDOC_STATUS</DOMNAME>
     <VALPOS>0012</VALPOS>
     <DDLANGUAGE>1</DDLANGUAGE>
     <DOMVALUE_L>110103</DOMVALUE_L>
     <DDTEXT>买断式贴现已签收待清算</DDTEXT>
    </DD07V>
    <DD07V>
     <DOMNAME>ZDM_TR_BOC_EDOC_STATUS</DOMNAME>
     <VALPOS>0013</VALPOS>
     <DDLANGUAGE>1</DDLANGUAGE>
     <DOMVALUE_L>110105</DOMVALUE_L>
     <DDTEXT>买断式贴现已签收已排队</DDTEXT>
    </DD07V>
    <DD07V>
     <DOMNAME>ZDM_TR_BOC_EDOC_STATUS</DOMNAME>
     <VALPOS>0014</VALPOS>
     <DDLANGUAGE>1</DDLANGUAGE>
     <DOMVALUE_L>110106</DOMVALUE_L>
     <DDTEXT>买断式贴现已签收</DDTEXT>
    </DD07V>
    <DD07V>
     <DOMNAME>ZDM_TR_BOC_EDOC_STATUS</DOMNAME>
     <VALPOS>0015</VALPOS>
     <DDLANGUAGE>1</DDLANGUAGE>
     <DOMVALUE_L>110201</DOMVALUE_L>
     <DDTEXT>回购式贴现待签收</DDTEXT>
    </DD07V>
    <DD07V>
     <DOMNAME>ZDM_TR_BOC_EDOC_STATUS</DOMNAME>
     <VALPOS>0016</VALPOS>
     <DDLANGUAGE>1</DDLANGUAGE>
     <DOMVALUE_L>110203</DOMVALUE_L>
     <DDTEXT>回购式贴现已签收待清算</DDTEXT>
    </DD07V>
    <DD07V>
     <DOMNAME>ZDM_TR_BOC_EDOC_STATUS</DOMNAME>
     <VALPOS>0017</VALPOS>
     <DDLANGUAGE>1</DDLANGUAGE>
     <DOMVALUE_L>110205</DOMVALUE_L>
     <DDTEXT>回购式贴现已签收已排队</DDTEXT>
    </DD07V>
    <DD07V>
     <DOMNAME>ZDM_TR_BOC_EDOC_STATUS</DOMNAME>
     <VALPOS>0018</VALPOS>
     <DDLANGUAGE>1</DDLANGUAGE>
     <DOMVALUE_L>110206</DOMVALUE_L>
     <DDTEXT>回购式贴现已签收</DDTEXT>
    </DD07V>
    <DD07V>
     <DOMNAME>ZDM_TR_BOC_EDOC_STATUS</DOMNAME>
     <VALPOS>0019</VALPOS>
     <DDLANGUAGE>1</DDLANGUAGE>
     <DOMVALUE_L>110216</DOMVALUE_L>
     <DDTEXT>回购式贴现已至赎回开放日</DDTEXT>
    </DD07V>
    <DD07V>
     <DOMNAME>ZDM_TR_BOC_EDOC_STATUS</DOMNAME>
     <VALPOS>0020</VALPOS>
     <DDLANGUAGE>1</DDLANGUAGE>
     <DOMVALUE_L>110218</DOMVALUE_L>
     <DDTEXT>回购式贴现已逾赎回截止日</DDTEXT>
    </DD07V>
    <DD07V>
     <DOMNAME>ZDM_TR_BOC_EDOC_STATUS</DOMNAME>
     <VALPOS>0021</VALPOS>
     <DDLANGUAGE>1</DDLANGUAGE>
     <DOMVALUE_L>120001</DOMVALUE_L>
     <DDTEXT>回购式贴现赎回待签收</DDTEXT>
    </DD07V>
    <DD07V>
     <DOMNAME>ZDM_TR_BOC_EDOC_STATUS</DOMNAME>
     <VALPOS>0022</VALPOS>
     <DDLANGUAGE>1</DDLANGUAGE>
     <DOMVALUE_L>120003</DOMVALUE_L>
     <DDTEXT>回购式贴现赎回已签收待清算</DDTEXT>
    </DD07V>
    <DD07V>
     <DOMNAME>ZDM_TR_BOC_EDOC_STATUS</DOMNAME>
     <VALPOS>0023</VALPOS>
     <DDLANGUAGE>1</DDLANGUAGE>
     <DOMVALUE_L>120005</DOMVALUE_L>
     <DDTEXT>回购式贴现赎回已签收已排队</DDTEXT>
    </DD07V>
    <DD07V>
     <DOMNAME>ZDM_TR_BOC_EDOC_STATUS</DOMNAME>
     <VALPOS>0024</VALPOS>
     <DDLANGUAGE>1</DDLANGUAGE>
     <DOMVALUE_L>120006</DOMVALUE_L>
     <DDTEXT>回购式贴现赎回已签收</DDTEXT>
    </DD07V>
    <DD07V>
     <DOMNAME>ZDM_TR_BOC_EDOC_STATUS</DOMNAME>
     <VALPOS>0025</VALPOS>
     <DDLANGUAGE>1</DDLANGUAGE>
     <DOMVALUE_L>130101</DOMVALUE_L>
     <DDTEXT>买断式转贴现待签收</DDTEXT>
    </DD07V>
    <DD07V>
     <DOMNAME>ZDM_TR_BOC_EDOC_STATUS</DOMNAME>
     <VALPOS>0026</VALPOS>
     <DDLANGUAGE>1</DDLANGUAGE>
     <DOMVALUE_L>130103</DOMVALUE_L>
     <DDTEXT>买断式转贴现已签收待清算</DDTEXT>
    </DD07V>
    <DD07V>
     <DOMNAME>ZDM_TR_BOC_EDOC_STATUS</DOMNAME>
     <VALPOS>0027</VALPOS>
     <DDLANGUAGE>1</DDLANGUAGE>
     <DOMVALUE_L>130105</DOMVALUE_L>
     <DDTEXT>买断式转贴现已签收已排队</DDTEXT>
    </DD07V>
    <DD07V>
     <DOMNAME>ZDM_TR_BOC_EDOC_STATUS</DOMNAME>
     <VALPOS>0028</VALPOS>
     <DDLANGUAGE>1</DDLANGUAGE>
     <DOMVALUE_L>130106</DOMVALUE_L>
     <DDTEXT>买断式转贴现已签收</DDTEXT>
    </DD07V>
    <DD07V>
     <DOMNAME>ZDM_TR_BOC_EDOC_STATUS</DOMNAME>
     <VALPOS>0029</VALPOS>
     <DDLANGUAGE>1</DDLANGUAGE>
     <DOMVALUE_L>130201</DOMVALUE_L>
     <DDTEXT>回购式转贴现待签收</DDTEXT>
    </DD07V>
    <DD07V>
     <DOMNAME>ZDM_TR_BOC_EDOC_STATUS</DOMNAME>
     <VALPOS>0030</VALPOS>
     <DDLANGUAGE>1</DDLANGUAGE>
     <DOMVALUE_L>130203</DOMVALUE_L>
     <DDTEXT>回购式转贴现已签收待清算</DDTEXT>
    </DD07V>
    <DD07V>
     <DOMNAME>ZDM_TR_BOC_EDOC_STATUS</DOMNAME>
     <VALPOS>0031</VALPOS>
     <DDLANGUAGE>1</DDLANGUAGE>
     <DOMVALUE_L>130205</DOMVALUE_L>
     <DDTEXT>回购式转贴现已签收已排队</DDTEXT>
    </DD07V>
    <DD07V>
     <DOMNAME>ZDM_TR_BOC_EDOC_STATUS</DOMNAME>
     <VALPOS>0032</VALPOS>
     <DDLANGUAGE>1</DDLANGUAGE>
     <DOMVALUE_L>130206</DOMVALUE_L>
     <DDTEXT>回购式转贴现已签收</DDTEXT>
    </DD07V>
    <DD07V>
     <DOMNAME>ZDM_TR_BOC_EDOC_STATUS</DOMNAME>
     <VALPOS>0033</VALPOS>
     <DDLANGUAGE>1</DDLANGUAGE>
     <DOMVALUE_L>130216</DOMVALUE_L>
     <DDTEXT>回购式转贴现已至赎回开放日</DDTEXT>
    </DD07V>
    <DD07V>
     <DOMNAME>ZDM_TR_BOC_EDOC_STATUS</DOMNAME>
     <VALPOS>0034</VALPOS>
     <DDLANGUAGE>1</DDLANGUAGE>
     <DOMVALUE_L>130218</DOMVALUE_L>
     <DDTEXT>回购式转贴现已逾赎回截止日</DDTEXT>
    </DD07V>
    <DD07V>
     <DOMNAME>ZDM_TR_BOC_EDOC_STATUS</DOMNAME>
     <VALPOS>0035</VALPOS>
     <DDLANGUAGE>1</DDLANGUAGE>
     <DOMVALUE_L>140001</DOMVALUE_L>
     <DDTEXT>回购式转贴现赎回待签收</DDTEXT>
    </DD07V>
    <DD07V>
     <DOMNAME>ZDM_TR_BOC_EDOC_STATUS</DOMNAME>
     <VALPOS>0036</VALPOS>
     <DDLANGUAGE>1</DDLANGUAGE>
     <DOMVALUE_L>140003</DOMVALUE_L>
     <DDTEXT>回购式转贴现赎回已签收待清算</DDTEXT>
    </DD07V>
    <DD07V>
     <DOMNAME>ZDM_TR_BOC_EDOC_STATUS</DOMNAME>
     <VALPOS>0037</VALPOS>
     <DDLANGUAGE>1</DDLANGUAGE>
     <DOMVALUE_L>140005</DOMVALUE_L>
     <DDTEXT>回购式转贴现赎回已签收已排队</DDTEXT>
    </DD07V>
    <DD07V>
     <DOMNAME>ZDM_TR_BOC_EDOC_STATUS</DOMNAME>
     <VALPOS>0038</VALPOS>
     <DDLANGUAGE>1</DDLANGUAGE>
     <DOMVALUE_L>140006</DOMVALUE_L>
     <DDTEXT>回购式转贴现赎回已签收</DDTEXT>
    </DD07V>
    <DD07V>
     <DOMNAME>ZDM_TR_BOC_EDOC_STATUS</DOMNAME>
     <VALPOS>0039</VALPOS>
     <DDLANGUAGE>1</DDLANGUAGE>
     <DOMVALUE_L>150101</DOMVALUE_L>
     <DDTEXT>买断式再贴现待签收</DDTEXT>
    </DD07V>
    <DD07V>
     <DOMNAME>ZDM_TR_BOC_EDOC_STATUS</DOMNAME>
     <VALPOS>0040</VALPOS>
     <DDLANGUAGE>1</DDLANGUAGE>
     <DOMVALUE_L>150103</DOMVALUE_L>
     <DDTEXT>买断式再贴现已签收待清算</DDTEXT>
    </DD07V>
    <DD07V>
     <DOMNAME>ZDM_TR_BOC_EDOC_STATUS</DOMNAME>
     <VALPOS>0041</VALPOS>
     <DDLANGUAGE>1</DDLANGUAGE>
     <DOMVALUE_L>150105</DOMVALUE_L>
     <DDTEXT>买断式再贴现已签收已排队</DDTEXT>
    </DD07V>
    <DD07V>
     <DOMNAME>ZDM_TR_BOC_EDOC_STATUS</DOMNAME>
     <VALPOS>0042</VALPOS>
     <DDLANGUAGE>1</DDLANGUAGE>
     <DOMVALUE_L>150106</DOMVALUE_L>
     <DDTEXT>买断式再贴现已签收</DDTEXT>
    </DD07V>
    <DD07V>
     <DOMNAME>ZDM_TR_BOC_EDOC_STATUS</DOMNAME>
     <VALPOS>0043</VALPOS>
     <DDLANGUAGE>1</DDLANGUAGE>
     <DOMVALUE_L>150201</DOMVALUE_L>
     <DDTEXT>回购式再贴现待签收</DDTEXT>
    </DD07V>
    <DD07V>
     <DOMNAME>ZDM_TR_BOC_EDOC_STATUS</DOMNAME>
     <VALPOS>0044</VALPOS>
     <DDLANGUAGE>1</DDLANGUAGE>
     <DOMVALUE_L>150203</DOMVALUE_L>
     <DDTEXT>回购式再贴现已签收待清算</DDTEXT>
    </DD07V>
    <DD07V>
     <DOMNAME>ZDM_TR_BOC_EDOC_STATUS</DOMNAME>
     <VALPOS>0045</VALPOS>
     <DDLANGUAGE>1</DDLANGUAGE>
     <DOMVALUE_L>150205</DOMVALUE_L>
     <DDTEXT>回购式再贴现已签收已排队</DDTEXT>
    </DD07V>
    <DD07V>
     <DOMNAME>ZDM_TR_BOC_EDOC_STATUS</DOMNAME>
     <VALPOS>0046</VALPOS>
     <DDLANGUAGE>1</DDLANGUAGE>
     <DOMVALUE_L>150206</DOMVALUE_L>
     <DDTEXT>回购式再贴现已签收</DDTEXT>
    </DD07V>
    <DD07V>
     <DOMNAME>ZDM_TR_BOC_EDOC_STATUS</DOMNAME>
     <VALPOS>0047</VALPOS>
     <DDLANGUAGE>1</DDLANGUAGE>
     <DOMVALUE_L>150216</DOMVALUE_L>
     <DDTEXT>回购式再贴现已至赎回开放日</DDTEXT>
    </DD07V>
    <DD07V>
     <DOMNAME>ZDM_TR_BOC_EDOC_STATUS</DOMNAME>
     <VALPOS>0048</VALPOS>
     <DDLANGUAGE>1</DDLANGUAGE>
     <DOMVALUE_L>150218</DOMVALUE_L>
     <DDTEXT>回购式再贴现已逾赎回截止日</DDTEXT>
    </DD07V>
    <DD07V>
     <DOMNAME>ZDM_TR_BOC_EDOC_STATUS</DOMNAME>
     <VALPOS>0049</VALPOS>
     <DDLANGUAGE>1</DDLANGUAGE>
     <DOMVALUE_L>160001</DOMVALUE_L>
     <DDTEXT>回购式再贴现赎回待签收</DDTEXT>
    </DD07V>
    <DD07V>
     <DOMNAME>ZDM_TR_BOC_EDOC_STATUS</DOMNAME>
     <VALPOS>0050</VALPOS>
     <DDLANGUAGE>1</DDLANGUAGE>
     <DOMVALUE_L>160003</DOMVALUE_L>
     <DDTEXT>回购式再贴现赎回已签收待清算</DDTEXT>
    </DD07V>
    <DD07V>
     <DOMNAME>ZDM_TR_BOC_EDOC_STATUS</DOMNAME>
     <VALPOS>0051</VALPOS>
     <DDLANGUAGE>1</DDLANGUAGE>
     <DOMVALUE_L>160005</DOMVALUE_L>
     <DDTEXT>回购式再贴现赎回已签收已排队</DDTEXT>
    </DD07V>
    <DD07V>
     <DOMNAME>ZDM_TR_BOC_EDOC_STATUS</DOMNAME>
     <VALPOS>0052</VALPOS>
     <DDLANGUAGE>1</DDLANGUAGE>
     <DOMVALUE_L>160006</DOMVALUE_L>
     <DDTEXT>回购式再贴现赎回已签收</DDTEXT>
    </DD07V>
    <DD07V>
     <DOMNAME>ZDM_TR_BOC_EDOC_STATUS</DOMNAME>
     <VALPOS>0053</VALPOS>
     <DDLANGUAGE>1</DDLANGUAGE>
     <DOMVALUE_L>170001</DOMVALUE_L>
     <DDTEXT>保证待签收</DDTEXT>
    </DD07V>
    <DD07V>
     <DOMNAME>ZDM_TR_BOC_EDOC_STATUS</DOMNAME>
     <VALPOS>0054</VALPOS>
     <DDLANGUAGE>1</DDLANGUAGE>
     <DOMVALUE_L>180001</DOMVALUE_L>
     <DDTEXT>质押待签收</DDTEXT>
    </DD07V>
    <DD07V>
     <DOMNAME>ZDM_TR_BOC_EDOC_STATUS</DOMNAME>
     <VALPOS>0055</VALPOS>
     <DDLANGUAGE>1</DDLANGUAGE>
     <DOMVALUE_L>180006</DOMVALUE_L>
     <DDTEXT>质押已签收</DDTEXT>
    </DD07V>
    <DD07V>
     <DOMNAME>ZDM_TR_BOC_EDOC_STATUS</DOMNAME>
     <VALPOS>0056</VALPOS>
     <DDLANGUAGE>1</DDLANGUAGE>
     <DOMVALUE_L>180020</DOMVALUE_L>
     <DDTEXT>质押已至票据到期日</DDTEXT>
    </DD07V>
    <DD07V>
     <DOMNAME>ZDM_TR_BOC_EDOC_STATUS</DOMNAME>
     <VALPOS>0057</VALPOS>
     <DDLANGUAGE>1</DDLANGUAGE>
     <DOMVALUE_L>190001</DOMVALUE_L>
     <DDTEXT>质押解除待签收</DDTEXT>
    </DD07V>
    <DD07V>
     <DOMNAME>ZDM_TR_BOC_EDOC_STATUS</DOMNAME>
     <VALPOS>0058</VALPOS>
     <DDLANGUAGE>1</DDLANGUAGE>
     <DOMVALUE_L>190006</DOMVALUE_L>
     <DDTEXT>质押解除已签收</DDTEXT>
    </DD07V>
    <DD07V>
     <DOMNAME>ZDM_TR_BOC_EDOC_STATUS</DOMNAME>
     <VALPOS>0059</VALPOS>
     <DDLANGUAGE>1</DDLANGUAGE>
     <DOMVALUE_L>200001</DOMVALUE_L>
     <DDTEXT>提示付款待签收</DDTEXT>
    </DD07V>
    <DD07V>
     <DOMNAME>ZDM_TR_BOC_EDOC_STATUS</DOMNAME>
     <VALPOS>0060</VALPOS>
     <DDLANGUAGE>1</DDLANGUAGE>
     <DOMVALUE_L>200003</DOMVALUE_L>
     <DDTEXT>提示付款已签收待清算</DDTEXT>
    </DD07V>
    <DD07V>
     <DOMNAME>ZDM_TR_BOC_EDOC_STATUS</DOMNAME>
     <VALPOS>0061</VALPOS>
     <DDLANGUAGE>1</DDLANGUAGE>
     <DOMVALUE_L>200005</DOMVALUE_L>
     <DDTEXT>提示付款已签收已排队</DDTEXT>
    </DD07V>
    <DD07V>
     <DOMNAME>ZDM_TR_BOC_EDOC_STATUS</DOMNAME>
     <VALPOS>0062</VALPOS>
     <DDLANGUAGE>1</DDLANGUAGE>
     <DOMVALUE_L>200312</DOMVALUE_L>
     <DDTEXT>提示付款已拒付（可拒付追索，只能追出票人，承兑人及其保证人）</DDTEXT>
    </DD07V>
    <DD07V>
     <DOMNAME>ZDM_TR_BOC_EDOC_STATUS</DOMNAME>
     <VALPOS>0063</VALPOS>
     <DDLANGUAGE>1</DDLANGUAGE>
     <DOMVALUE_L>200412</DOMVALUE_L>
     <DDTEXT>提示付款已拒付（可拒付追索，可以追所有人）</DDTEXT>
    </DD07V>
    <DD07V>
     <DOMNAME>ZDM_TR_BOC_EDOC_STATUS</DOMNAME>
     <VALPOS>0064</VALPOS>
     <DDLANGUAGE>1</DDLANGUAGE>
     <DOMVALUE_L>200512</DOMVALUE_L>
     <DDTEXT>提示付款已拒付（不可进行拒付追索）</DDTEXT>
    </DD07V>
    <DD07V>
     <DOMNAME>ZDM_TR_BOC_EDOC_STATUS</DOMNAME>
     <VALPOS>0065</VALPOS>
     <DDLANGUAGE>1</DDLANGUAGE>
     <DOMVALUE_L>210001</DOMVALUE_L>
     <DDTEXT>逾期提示付款待签收</DDTEXT>
    </DD07V>
    <DD07V>
     <DOMNAME>ZDM_TR_BOC_EDOC_STATUS</DOMNAME>
     <VALPOS>0066</VALPOS>
     <DDLANGUAGE>1</DDLANGUAGE>
     <DOMVALUE_L>210003</DOMVALUE_L>
     <DDTEXT>逾期提示付款已签收待清算</DDTEXT>
    </DD07V>
    <DD07V>
     <DOMNAME>ZDM_TR_BOC_EDOC_STATUS</DOMNAME>
     <VALPOS>0067</VALPOS>
     <DDLANGUAGE>1</DDLANGUAGE>
     <DOMVALUE_L>210005</DOMVALUE_L>
     <DDTEXT>逾期提示付款已签收已排队</DDTEXT>
    </DD07V>
    <DD07V>
     <DOMNAME>ZDM_TR_BOC_EDOC_STATUS</DOMNAME>
     <VALPOS>0068</VALPOS>
     <DDLANGUAGE>1</DDLANGUAGE>
     <DOMVALUE_L>210312</DOMVALUE_L>
     <DDTEXT>逾期提示付款已拒付（可拒付追索，只能追出票人，承兑人及其保证人）</DDTEXT>
    </DD07V>
    <DD07V>
     <DOMNAME>ZDM_TR_BOC_EDOC_STATUS</DOMNAME>
     <VALPOS>0069</VALPOS>
     <DDLANGUAGE>1</DDLANGUAGE>
     <DOMVALUE_L>210412</DOMVALUE_L>
     <DDTEXT>逾期提示付款已拒付（可拒付追索，可以追所有人）</DDTEXT>
    </DD07V>
    <DD07V>
     <DOMNAME>ZDM_TR_BOC_EDOC_STATUS</DOMNAME>
     <VALPOS>0070</VALPOS>
     <DDLANGUAGE>1</DDLANGUAGE>
     <DOMVALUE_L>220607</DOMVALUE_L>
     <DDTEXT>拒付追索待清偿</DDTEXT>
    </DD07V>
    <DD07V>
     <DOMNAME>ZDM_TR_BOC_EDOC_STATUS</DOMNAME>
     <VALPOS>0071</VALPOS>
     <DDLANGUAGE>1</DDLANGUAGE>
     <DOMVALUE_L>220707</DOMVALUE_L>
     <DDTEXT>非拒付追索待清偿</DDTEXT>
    </DD07V>
    <DD07V>
     <DOMNAME>ZDM_TR_BOC_EDOC_STATUS</DOMNAME>
     <VALPOS>0072</VALPOS>
     <DDLANGUAGE>1</DDLANGUAGE>
     <DOMVALUE_L>220710</DOMVALUE_L>
     <DDTEXT>非拒付追索已撤销</DDTEXT>
    </DD07V>
    <DD07V>
     <DOMNAME>ZDM_TR_BOC_EDOC_STATUS</DOMNAME>
     <VALPOS>0073</VALPOS>
     <DDLANGUAGE>1</DDLANGUAGE>
     <DOMVALUE_L>230601</DOMVALUE_L>
     <DDTEXT>拒付追索同意清偿待签收</DDTEXT>
    </DD07V>
    <DD07V>
     <DOMNAME>ZDM_TR_BOC_EDOC_STATUS</DOMNAME>
     <VALPOS>0074</VALPOS>
     <DDLANGUAGE>1</DDLANGUAGE>
     <DOMVALUE_L>230606</DOMVALUE_L>
     <DDTEXT>拒付追索同意清偿已签收</DDTEXT>
    </DD07V>
    <DD07V>
     <DOMNAME>ZDM_TR_BOC_EDOC_STATUS</DOMNAME>
     <VALPOS>0075</VALPOS>
     <DDLANGUAGE>1</DDLANGUAGE>
     <DOMVALUE_L>230701</DOMVALUE_L>
     <DDTEXT>非拒付追索同意清偿待签收</DDTEXT>
    </DD07V>
    <DD07V>
     <DOMNAME>ZDM_TR_BOC_EDOC_STATUS</DOMNAME>
     <VALPOS>0076</VALPOS>
     <DDLANGUAGE>1</DDLANGUAGE>
     <DOMVALUE_L>230706</DOMVALUE_L>
     <DDTEXT>非拒付追索同意清偿已签收</DDTEXT>
    </DD07V>
    <DD07V>
     <DOMNAME>ZDM_TR_BOC_EDOC_STATUS</DOMNAME>
     <VALPOS>0077</VALPOS>
     <DDLANGUAGE>1</DDLANGUAGE>
     <DOMVALUE_L>250001</DOMVALUE_L>
     <DDTEXT>央行卖票待签收</DDTEXT>
    </DD07V>
    <DD07V>
     <DOMNAME>ZDM_TR_BOC_EDOC_STATUS</DOMNAME>
     <VALPOS>0078</VALPOS>
     <DDLANGUAGE>1</DDLANGUAGE>
     <DOMVALUE_L>250003</DOMVALUE_L>
     <DDTEXT>央行卖票已签收待清算</DDTEXT>
    </DD07V>
    <DD07V>
     <DOMNAME>ZDM_TR_BOC_EDOC_STATUS</DOMNAME>
     <VALPOS>0079</VALPOS>
     <DDLANGUAGE>1</DDLANGUAGE>
     <DOMVALUE_L>250005</DOMVALUE_L>
     <DDTEXT>央行卖票已签收已排队</DDTEXT>
    </DD07V>
    <DD07V>
     <DOMNAME>ZDM_TR_BOC_EDOC_STATUS</DOMNAME>
     <VALPOS>0080</VALPOS>
     <DDLANGUAGE>1</DDLANGUAGE>
     <DOMVALUE_L>250006</DOMVALUE_L>
     <DDTEXT>央行卖票已签收</DDTEXT>
    </DD07V>
   </DD07V_TAB>
  </asx:values>
 </asx:abap>
</abapGit>
