﻿<?xml version="1.0" encoding="utf-8"?>
<abapGit version="v1.0.0" serializer="LCL_OBJECT_DOMA" serializer_version="v1.0.0">
 <asx:abap xmlns:asx="http://www.sap.com/abapxml" version="1.0">
  <asx:values>
   <DD01V>
    <DOMNAME>ZDM_TR_ERR_CODE_IN_BANK_INST</DOMNAME>
    <DDLANGUAGE>1</DDLANGUAGE>
    <DATATYPE>CHAR</DATATYPE>
    <LENG>000002</LENG>
    <OUTPUTLEN>000002</OUTPUTLEN>
    <VALEXI>X</VALEXI>
    <DDTEXT>Error code in bank instance</DDTEXT>
   </DD01V>
   <DD07V_TAB>
    <DD07V>
     <DOMNAME>ZDM_TR_ERR_CODE_IN_BANK_INST</DOMNAME>
     <VALPOS>0001</VALPOS>
     <DDLANGUAGE>1</DDLANGUAGE>
     <DOMVALUE_L>01</DOMVALUE_L>
     <DDTEXT>实例内部错误</DDTEXT>
    </DD07V>
    <DD07V>
     <DOMNAME>ZDM_TR_ERR_CODE_IN_BANK_INST</DOMNAME>
     <VALPOS>0002</VALPOS>
     <DDLANGUAGE>1</DDLANGUAGE>
     <DOMVALUE_L>02</DOMVALUE_L>
     <DDTEXT>文件错误</DDTEXT>
    </DD07V>
    <DD07V>
     <DOMNAME>ZDM_TR_ERR_CODE_IN_BANK_INST</DOMNAME>
     <VALPOS>0003</VALPOS>
     <DDLANGUAGE>1</DDLANGUAGE>
     <DOMVALUE_L>03</DOMVALUE_L>
     <DDTEXT>文件发送错误</DDTEXT>
    </DD07V>
    <DD07V>
     <DOMNAME>ZDM_TR_ERR_CODE_IN_BANK_INST</DOMNAME>
     <VALPOS>0004</VALPOS>
     <DDLANGUAGE>1</DDLANGUAGE>
     <DOMVALUE_L>04</DOMVALUE_L>
     <DDTEXT>Response错误</DDTEXT>
    </DD07V>
    <DD07V>
     <DOMNAME>ZDM_TR_ERR_CODE_IN_BANK_INST</DOMNAME>
     <VALPOS>0005</VALPOS>
     <DDLANGUAGE>1</DDLANGUAGE>
     <DOMVALUE_L>05</DOMVALUE_L>
     <DDTEXT>RFC初始化错误</DDTEXT>
    </DD07V>
   </DD07V_TAB>
  </asx:values>
 </asx:abap>
</abapGit>
