﻿<?xml version="1.0" encoding="utf-8"?>
<abapGit version="v1.0.0" serializer="LCL_OBJECT_DOMA" serializer_version="v1.0.0">
 <asx:abap xmlns:asx="http://www.sap.com/abapxml" version="1.0">
  <asx:values>
   <DD01V>
    <DOMNAME>ZDM_TR_ACT_ZR</DOMNAME>
    <DDLANGUAGE>1</DDLANGUAGE>
    <DATATYPE>CHAR</DATATYPE>
    <LENG>000001</LENG>
    <OUTPUTLEN>000001</OUTPUTLEN>
    <VALEXI>X</VALEXI>
    <DDTEXT>直融权限-操作代码</DDTEXT>
   </DD01V>
   <DD07V_TAB>
    <DD07V>
     <DOMNAME>ZDM_TR_ACT_ZR</DOMNAME>
     <VALPOS>0001</VALPOS>
     <DDLANGUAGE>1</DDLANGUAGE>
     <DOMVALUE_L>A</DOMVALUE_L>
     <DDTEXT>直融申请单查询</DDTEXT>
    </DD07V>
    <DD07V>
     <DOMNAME>ZDM_TR_ACT_ZR</DOMNAME>
     <VALPOS>0002</VALPOS>
     <DDLANGUAGE>1</DDLANGUAGE>
     <DOMVALUE_L>B</DOMVALUE_L>
     <DDTEXT>注册申请单创建</DDTEXT>
    </DD07V>
    <DD07V>
     <DOMNAME>ZDM_TR_ACT_ZR</DOMNAME>
     <VALPOS>0003</VALPOS>
     <DDLANGUAGE>1</DDLANGUAGE>
     <DOMVALUE_L>C</DOMVALUE_L>
     <DDTEXT>直融申请单修改</DDTEXT>
    </DD07V>
    <DD07V>
     <DOMNAME>ZDM_TR_ACT_ZR</DOMNAME>
     <VALPOS>0004</VALPOS>
     <DDLANGUAGE>1</DDLANGUAGE>
     <DOMVALUE_L>D</DOMVALUE_L>
     <DDTEXT>注册申请单变更</DDTEXT>
    </DD07V>
    <DD07V>
     <DOMNAME>ZDM_TR_ACT_ZR</DOMNAME>
     <VALPOS>0005</VALPOS>
     <DDLANGUAGE>1</DDLANGUAGE>
     <DOMVALUE_L>E</DOMVALUE_L>
     <DDTEXT>发行申请单创建</DDTEXT>
    </DD07V>
    <DD07V>
     <DOMNAME>ZDM_TR_ACT_ZR</DOMNAME>
     <VALPOS>0006</VALPOS>
     <DDLANGUAGE>1</DDLANGUAGE>
     <DOMVALUE_L>F</DOMVALUE_L>
     <DDTEXT>注册业务终止</DDTEXT>
    </DD07V>
    <DD07V>
     <DOMNAME>ZDM_TR_ACT_ZR</DOMNAME>
     <VALPOS>0007</VALPOS>
     <DDLANGUAGE>1</DDLANGUAGE>
     <DOMVALUE_L>G</DOMVALUE_L>
     <DDTEXT>担保合同创建</DDTEXT>
    </DD07V>
    <DD07V>
     <DOMNAME>ZDM_TR_ACT_ZR</DOMNAME>
     <VALPOS>0008</VALPOS>
     <DDLANGUAGE>1</DDLANGUAGE>
     <DOMVALUE_L>H</DOMVALUE_L>
     <DDTEXT>注册申请/变更单打印</DDTEXT>
    </DD07V>
   </DD07V_TAB>
  </asx:values>
 </asx:abap>
</abapGit>
