﻿<?xml version="1.0" encoding="utf-8"?>
<abapGit version="v1.0.0" serializer="LCL_OBJECT_DOMA" serializer_version="v1.0.0">
 <asx:abap xmlns:asx="http://www.sap.com/abapxml" version="1.0">
  <asx:values>
   <DD01V>
    <DOMNAME>ZDM_TR_BFDLX</DOMNAME>
    <DDLANGUAGE>1</DDLANGUAGE>
    <DATATYPE>CHAR</DATATYPE>
    <LENG>000002</LENG>
    <OUTPUTLEN>000002</OUTPUTLEN>
    <VALEXI>X</VALEXI>
    <DDTEXT>不符点类型</DDTEXT>
   </DD01V>
   <DD07V_TAB>
    <DD07V>
     <DOMNAME>ZDM_TR_BFDLX</DOMNAME>
     <VALPOS>0001</VALPOS>
     <DDLANGUAGE>1</DDLANGUAGE>
     <DOMVALUE_L>10</DOMVALUE_L>
     <DDTEXT>延迟发货</DDTEXT>
    </DD07V>
    <DD07V>
     <DOMNAME>ZDM_TR_BFDLX</DOMNAME>
     <VALPOS>0002</VALPOS>
     <DDLANGUAGE>1</DDLANGUAGE>
     <DOMVALUE_L>15</DOMVALUE_L>
     <DDTEXT>延迟交单</DDTEXT>
    </DD07V>
    <DD07V>
     <DOMNAME>ZDM_TR_BFDLX</DOMNAME>
     <VALPOS>0003</VALPOS>
     <DDLANGUAGE>1</DDLANGUAGE>
     <DOMVALUE_L>20</DOMVALUE_L>
     <DDTEXT>信用证过期</DDTEXT>
    </DD07V>
    <DD07V>
     <DOMNAME>ZDM_TR_BFDLX</DOMNAME>
     <VALPOS>0004</VALPOS>
     <DDLANGUAGE>1</DDLANGUAGE>
     <DOMVALUE_L>25</DOMVALUE_L>
     <DDTEXT>过载装运</DDTEXT>
    </DD07V>
    <DD07V>
     <DOMNAME>ZDM_TR_BFDLX</DOMNAME>
     <VALPOS>0005</VALPOS>
     <DDLANGUAGE>1</DDLANGUAGE>
     <DOMVALUE_L>30</DOMVALUE_L>
     <DDTEXT>信用证透支</DDTEXT>
    </DD07V>
    <DD07V>
     <DOMNAME>ZDM_TR_BFDLX</DOMNAME>
     <VALPOS>0006</VALPOS>
     <DDLANGUAGE>1</DDLANGUAGE>
     <DOMVALUE_L>35</DOMVALUE_L>
     <DDTEXT>错误拼写</DDTEXT>
    </DD07V>
    <DD07V>
     <DOMNAME>ZDM_TR_BFDLX</DOMNAME>
     <VALPOS>0007</VALPOS>
     <DDLANGUAGE>1</DDLANGUAGE>
     <DOMVALUE_L>40</DOMVALUE_L>
     <DDTEXT>单据不符</DDTEXT>
    </DD07V>
    <DD07V>
     <DOMNAME>ZDM_TR_BFDLX</DOMNAME>
     <VALPOS>0008</VALPOS>
     <DDLANGUAGE>1</DDLANGUAGE>
     <DOMVALUE_L>99</DOMVALUE_L>
     <DDTEXT>其他</DDTEXT>
    </DD07V>
   </DD07V_TAB>
  </asx:values>
 </asx:abap>
</abapGit>
