﻿<?xml version="1.0" encoding="utf-8"?>
<abapGit version="v1.0.0" serializer="LCL_OBJECT_DOMA" serializer_version="v1.0.0">
 <asx:abap xmlns:asx="http://www.sap.com/abapxml" version="1.0">
  <asx:values>
   <DD01V>
    <DOMNAME>ZDM_TR_DFAC_TYPE</DOMNAME>
    <DDLANGUAGE>1</DDLANGUAGE>
    <DATATYPE>CHAR</DATATYPE>
    <LENG>000004</LENG>
    <OUTPUTLEN>000004</OUTPUTLEN>
    <VALEXI>X</VALEXI>
    <DDTEXT>直接融资方式</DDTEXT>
   </DD01V>
   <DD07V_TAB>
    <DD07V>
     <DOMNAME>ZDM_TR_DFAC_TYPE</DOMNAME>
     <VALPOS>0001</VALPOS>
     <DDLANGUAGE>1</DDLANGUAGE>
     <DOMVALUE_L>1000</DOMVALUE_L>
     <DDTEXT>企业债</DDTEXT>
    </DD07V>
    <DD07V>
     <DOMNAME>ZDM_TR_DFAC_TYPE</DOMNAME>
     <VALPOS>0002</VALPOS>
     <DDLANGUAGE>1</DDLANGUAGE>
     <DOMVALUE_L>1100</DOMVALUE_L>
     <DDTEXT>超短期融债券</DDTEXT>
    </DD07V>
    <DD07V>
     <DOMNAME>ZDM_TR_DFAC_TYPE</DOMNAME>
     <VALPOS>0003</VALPOS>
     <DDLANGUAGE>1</DDLANGUAGE>
     <DOMVALUE_L>1200</DOMVALUE_L>
     <DDTEXT>短期融资券</DDTEXT>
    </DD07V>
    <DD07V>
     <DOMNAME>ZDM_TR_DFAC_TYPE</DOMNAME>
     <VALPOS>0004</VALPOS>
     <DDLANGUAGE>1</DDLANGUAGE>
     <DOMVALUE_L>1300</DOMVALUE_L>
     <DDTEXT>公司债</DDTEXT>
    </DD07V>
    <DD07V>
     <DOMNAME>ZDM_TR_DFAC_TYPE</DOMNAME>
     <VALPOS>0005</VALPOS>
     <DDLANGUAGE>1</DDLANGUAGE>
     <DOMVALUE_L>1400</DOMVALUE_L>
     <DDTEXT>非公开定向债务融资工具</DDTEXT>
    </DD07V>
    <DD07V>
     <DOMNAME>ZDM_TR_DFAC_TYPE</DOMNAME>
     <VALPOS>0006</VALPOS>
     <DDLANGUAGE>1</DDLANGUAGE>
     <DOMVALUE_L>1500</DOMVALUE_L>
     <DDTEXT>中期票据</DDTEXT>
    </DD07V>
    <DD07V>
     <DOMNAME>ZDM_TR_DFAC_TYPE</DOMNAME>
     <VALPOS>0007</VALPOS>
     <DDLANGUAGE>1</DDLANGUAGE>
     <DOMVALUE_L>1600</DOMVALUE_L>
     <DDTEXT>专项资产管理计划</DDTEXT>
    </DD07V>
    <DD07V>
     <DOMNAME>ZDM_TR_DFAC_TYPE</DOMNAME>
     <VALPOS>0008</VALPOS>
     <DDLANGUAGE>1</DDLANGUAGE>
     <DOMVALUE_L>1700</DOMVALUE_L>
     <DDTEXT>资产证券化</DDTEXT>
    </DD07V>
    <DD07V>
     <DOMNAME>ZDM_TR_DFAC_TYPE</DOMNAME>
     <VALPOS>0009</VALPOS>
     <DDLANGUAGE>1</DDLANGUAGE>
     <DOMVALUE_L>1800</DOMVALUE_L>
     <DDTEXT>信托贷款（非银行）</DDTEXT>
    </DD07V>
    <DD07V>
     <DOMNAME>ZDM_TR_DFAC_TYPE</DOMNAME>
     <VALPOS>0010</VALPOS>
     <DDLANGUAGE>1</DDLANGUAGE>
     <DOMVALUE_L>1900</DOMVALUE_L>
     <DDTEXT>永续债券</DDTEXT>
    </DD07V>
    <DD07V>
     <DOMNAME>ZDM_TR_DFAC_TYPE</DOMNAME>
     <VALPOS>0011</VALPOS>
     <DDLANGUAGE>1</DDLANGUAGE>
     <DOMVALUE_L>2000</DOMVALUE_L>
     <DDTEXT>长期股权中期票据-股权性质(永续债)</DDTEXT>
    </DD07V>
    <DD07V>
     <DOMNAME>ZDM_TR_DFAC_TYPE</DOMNAME>
     <VALPOS>0012</VALPOS>
     <DDLANGUAGE>1</DDLANGUAGE>
     <DOMVALUE_L>2100</DOMVALUE_L>
     <DDTEXT>REITs&amp;CMBS</DDTEXT>
    </DD07V>
   </DD07V_TAB>
  </asx:values>
 </asx:abap>
</abapGit>
