﻿<?xml version="1.0" encoding="utf-8"?>
<abapGit version="v1.0.0" serializer="LCL_OBJECT_DOMA" serializer_version="v1.0.0">
 <asx:abap xmlns:asx="http://www.sap.com/abapxml" version="1.0">
  <asx:values>
   <DD01V>
    <DOMNAME>ZDM_TR_DTYPE</DOMNAME>
    <DDLANGUAGE>1</DDLANGUAGE>
    <DATATYPE>CHAR</DATATYPE>
    <LENG>000001</LENG>
    <OUTPUTLEN>000001</OUTPUTLEN>
    <VALEXI>X</VALEXI>
    <DDTEXT>单据类型（收款平台）</DDTEXT>
   </DD01V>
   <DD07V_TAB>
    <DD07V>
     <DOMNAME>ZDM_TR_DTYPE</DOMNAME>
     <VALPOS>0001</VALPOS>
     <DDLANGUAGE>1</DDLANGUAGE>
     <DOMVALUE_L>A</DOMVALUE_L>
     <DDTEXT>定金收款指示单</DDTEXT>
    </DD07V>
    <DD07V>
     <DOMNAME>ZDM_TR_DTYPE</DOMNAME>
     <VALPOS>0002</VALPOS>
     <DDLANGUAGE>1</DDLANGUAGE>
     <DOMVALUE_L>C</DOMVALUE_L>
     <DDTEXT>其他收款单</DDTEXT>
    </DD07V>
    <DD07V>
     <DOMNAME>ZDM_TR_DTYPE</DOMNAME>
     <VALPOS>0003</VALPOS>
     <DDLANGUAGE>1</DDLANGUAGE>
     <DOMVALUE_L>D</DOMVALUE_L>
     <DDTEXT>客诉保险单</DDTEXT>
    </DD07V>
    <DD07V>
     <DOMNAME>ZDM_TR_DTYPE</DOMNAME>
     <VALPOS>0004</VALPOS>
     <DDLANGUAGE>1</DDLANGUAGE>
     <DOMVALUE_L>E</DOMVALUE_L>
     <DDTEXT>投标保证金</DDTEXT>
    </DD07V>
    <DD07V>
     <DOMNAME>ZDM_TR_DTYPE</DOMNAME>
     <VALPOS>0005</VALPOS>
     <DDLANGUAGE>1</DDLANGUAGE>
     <DOMVALUE_L>F</DOMVALUE_L>
     <DDTEXT>履约保证金-采购</DDTEXT>
    </DD07V>
    <DD07V>
     <DOMNAME>ZDM_TR_DTYPE</DOMNAME>
     <VALPOS>0006</VALPOS>
     <DDLANGUAGE>1</DDLANGUAGE>
     <DOMVALUE_L>G</DOMVALUE_L>
     <DDTEXT>履约保证金-让售</DDTEXT>
    </DD07V>
    <DD07V>
     <DOMNAME>ZDM_TR_DTYPE</DOMNAME>
     <VALPOS>0007</VALPOS>
     <DDLANGUAGE>1</DDLANGUAGE>
     <DOMVALUE_L>H</DOMVALUE_L>
     <DDTEXT>无单据收款</DDTEXT>
    </DD07V>
    <DD07V>
     <DOMNAME>ZDM_TR_DTYPE</DOMNAME>
     <VALPOS>0008</VALPOS>
     <DDLANGUAGE>1</DDLANGUAGE>
     <DOMVALUE_L>I</DOMVALUE_L>
     <DDTEXT>联属方收款</DDTEXT>
    </DD07V>
    <DD07V>
     <DOMNAME>ZDM_TR_DTYPE</DOMNAME>
     <VALPOS>0009</VALPOS>
     <DDLANGUAGE>1</DDLANGUAGE>
     <DOMVALUE_L>J</DOMVALUE_L>
     <DDTEXT>现金存款单</DDTEXT>
    </DD07V>
    <DD07V>
     <DOMNAME>ZDM_TR_DTYPE</DOMNAME>
     <VALPOS>0010</VALPOS>
     <DDLANGUAGE>1</DDLANGUAGE>
     <DOMVALUE_L>K</DOMVALUE_L>
     <DDTEXT>内销收款</DDTEXT>
    </DD07V>
    <DD07V>
     <DOMNAME>ZDM_TR_DTYPE</DOMNAME>
     <VALPOS>0011</VALPOS>
     <DDLANGUAGE>1</DDLANGUAGE>
     <DOMVALUE_L>L</DOMVALUE_L>
     <DDTEXT>外销收款</DDTEXT>
    </DD07V>
   </DD07V_TAB>
  </asx:values>
 </asx:abap>
</abapGit>
