﻿<?xml version="1.0" encoding="utf-8"?>
<abapGit version="v1.0.0" serializer="LCL_OBJECT_DOMA" serializer_version="v1.0.0">
 <asx:abap xmlns:asx="http://www.sap.com/abapxml" version="1.0">
  <asx:values>
   <DD01V>
    <DOMNAME>ZDM_DFFS</DOMNAME>
    <DDLANGUAGE>1</DDLANGUAGE>
    <DATATYPE>CHAR</DATATYPE>
    <LENG>000002</LENG>
    <OUTPUTLEN>000002</OUTPUTLEN>
    <VALEXI>X</VALEXI>
    <DDTEXT>兑付方式</DDTEXT>
   </DD01V>
   <DD07V_TAB>
    <DD07V>
     <DOMNAME>ZDM_DFFS</DOMNAME>
     <VALPOS>0001</VALPOS>
     <DDLANGUAGE>1</DDLANGUAGE>
     <DOMVALUE_L>10</DOMVALUE_L>
     <DDTEXT>自有资金</DDTEXT>
    </DD07V>
    <DD07V>
     <DOMNAME>ZDM_DFFS</DOMNAME>
     <VALPOS>0002</VALPOS>
     <DDLANGUAGE>1</DDLANGUAGE>
     <DOMVALUE_L>15</DOMVALUE_L>
     <DDTEXT>保证金，自有资金</DDTEXT>
    </DD07V>
    <DD07V>
     <DOMNAME>ZDM_DFFS</DOMNAME>
     <VALPOS>0003</VALPOS>
     <DDLANGUAGE>1</DDLANGUAGE>
     <DOMVALUE_L>20</DOMVALUE_L>
     <DDTEXT>保证金，利息，自有资金</DDTEXT>
    </DD07V>
    <DD07V>
     <DOMNAME>ZDM_DFFS</DOMNAME>
     <VALPOS>0004</VALPOS>
     <DDLANGUAGE>1</DDLANGUAGE>
     <DOMVALUE_L>30</DOMVALUE_L>
     <DDTEXT>代付资金</DDTEXT>
    </DD07V>
    <DD07V>
     <DOMNAME>ZDM_DFFS</DOMNAME>
     <VALPOS>0005</VALPOS>
     <DDLANGUAGE>1</DDLANGUAGE>
     <DOMVALUE_L>35</DOMVALUE_L>
     <DDTEXT>保证金，代付资金</DDTEXT>
    </DD07V>
    <DD07V>
     <DOMNAME>ZDM_DFFS</DOMNAME>
     <VALPOS>0006</VALPOS>
     <DDLANGUAGE>1</DDLANGUAGE>
     <DOMVALUE_L>40</DOMVALUE_L>
     <DDTEXT>保证金，利息，代付资金</DDTEXT>
    </DD07V>
    <DD07V>
     <DOMNAME>ZDM_DFFS</DOMNAME>
     <VALPOS>0007</VALPOS>
     <DDLANGUAGE>1</DDLANGUAGE>
     <DOMVALUE_L>50</DOMVALUE_L>
     <DDTEXT>自有资金，代付资金</DDTEXT>
    </DD07V>
    <DD07V>
     <DOMNAME>ZDM_DFFS</DOMNAME>
     <VALPOS>0008</VALPOS>
     <DDLANGUAGE>1</DDLANGUAGE>
     <DOMVALUE_L>55</DOMVALUE_L>
     <DDTEXT>保证金，自有资金，代付资金</DDTEXT>
    </DD07V>
    <DD07V>
     <DOMNAME>ZDM_DFFS</DOMNAME>
     <VALPOS>0009</VALPOS>
     <DDLANGUAGE>1</DDLANGUAGE>
     <DOMVALUE_L>60</DOMVALUE_L>
     <DDTEXT>保证金，利息，自有资金，代付资金</DDTEXT>
    </DD07V>
   </DD07V_TAB>
  </asx:values>
 </asx:abap>
</abapGit>
