﻿<?xml version="1.0" encoding="utf-8"?>
<abapGit version="v1.0.0" serializer="LCL_OBJECT_DOMA" serializer_version="v1.0.0">
 <asx:abap xmlns:asx="http://www.sap.com/abapxml" version="1.0">
  <asx:values>
   <DD01V>
    <DOMNAME>ZDM_TR_FIN_FUNC</DOMNAME>
    <DDLANGUAGE>1</DDLANGUAGE>
    <DATATYPE>CHAR</DATATYPE>
    <LENG>000002</LENG>
    <OUTPUTLEN>000002</OUTPUTLEN>
    <VALEXI>X</VALEXI>
    <DDTEXT>功能点</DDTEXT>
   </DD01V>
   <DD07V_TAB>
    <DD07V>
     <DOMNAME>ZDM_TR_FIN_FUNC</DOMNAME>
     <VALPOS>0001</VALPOS>
     <DDLANGUAGE>1</DDLANGUAGE>
     <DOMVALUE_L>10</DOMVALUE_L>
     <DDTEXT>间融登记表提交后直接OA审批通过</DDTEXT>
    </DD07V>
    <DD07V>
     <DOMNAME>ZDM_TR_FIN_FUNC</DOMNAME>
     <VALPOS>0002</VALPOS>
     <DDLANGUAGE>1</DDLANGUAGE>
     <DOMVALUE_L>11</DOMVALUE_L>
     <DDTEXT>内保外贷申请单提交后直接OA审批通过</DDTEXT>
    </DD07V>
    <DD07V>
     <DOMNAME>ZDM_TR_FIN_FUNC</DOMNAME>
     <VALPOS>0003</VALPOS>
     <DDLANGUAGE>1</DDLANGUAGE>
     <DOMVALUE_L>12</DOMVALUE_L>
     <DDTEXT>开立保函申请单提交后直接OA审批通过</DDTEXT>
    </DD07V>
    <DD07V>
     <DOMNAME>ZDM_TR_FIN_FUNC</DOMNAME>
     <VALPOS>0004</VALPOS>
     <DDLANGUAGE>1</DDLANGUAGE>
     <DOMVALUE_L>13</DOMVALUE_L>
     <DDTEXT>接收保函申请单提交后直接OA审批通过</DDTEXT>
    </DD07V>
    <DD07V>
     <DOMNAME>ZDM_TR_FIN_FUNC</DOMNAME>
     <VALPOS>0005</VALPOS>
     <DDLANGUAGE>1</DDLANGUAGE>
     <DOMVALUE_L>14</DOMVALUE_L>
     <DDTEXT>对外担保申请单提交后直接OA审批通过</DDTEXT>
    </DD07V>
    <DD07V>
     <DOMNAME>ZDM_TR_FIN_FUNC</DOMNAME>
     <VALPOS>0006</VALPOS>
     <DDLANGUAGE>1</DDLANGUAGE>
     <DOMVALUE_L>19</DOMVALUE_L>
     <DDTEXT>直融登记表提交后直接OA审批通过</DDTEXT>
    </DD07V>
    <DD07V>
     <DOMNAME>ZDM_TR_FIN_FUNC</DOMNAME>
     <VALPOS>0007</VALPOS>
     <DDLANGUAGE>1</DDLANGUAGE>
     <DOMVALUE_L>15</DOMVALUE_L>
     <DDTEXT>间融登记表确认办理完成时，不校验其他公司的担保合同申请单状态</DDTEXT>
    </DD07V>
    <DD07V>
     <DOMNAME>ZDM_TR_FIN_FUNC</DOMNAME>
     <VALPOS>0008</VALPOS>
     <DDLANGUAGE>1</DDLANGUAGE>
     <DOMVALUE_L>25</DOMVALUE_L>
     <DDTEXT>间融登记表确认办理完成时，不校验未上线公司的担保合同申请单状态</DDTEXT>
    </DD07V>
    <DD07V>
     <DOMNAME>ZDM_TR_FIN_FUNC</DOMNAME>
     <VALPOS>0009</VALPOS>
     <DDLANGUAGE>1</DDLANGUAGE>
     <DOMVALUE_L>16</DOMVALUE_L>
     <DDTEXT>内保外贷申请单确认办理完成时，不校验其他公司的担保合同申请单状态</DDTEXT>
    </DD07V>
    <DD07V>
     <DOMNAME>ZDM_TR_FIN_FUNC</DOMNAME>
     <VALPOS>0010</VALPOS>
     <DDLANGUAGE>1</DDLANGUAGE>
     <DOMVALUE_L>26</DOMVALUE_L>
     <DDTEXT>内保外贷申请单确认办理完成时，不校验未上线公司的担保合同申请单状态</DDTEXT>
    </DD07V>
    <DD07V>
     <DOMNAME>ZDM_TR_FIN_FUNC</DOMNAME>
     <VALPOS>0011</VALPOS>
     <DDLANGUAGE>1</DDLANGUAGE>
     <DOMVALUE_L>17</DOMVALUE_L>
     <DDTEXT>开立保函申请单确认办理完成时，不校验其他公司的担保合同申请单状态</DDTEXT>
    </DD07V>
    <DD07V>
     <DOMNAME>ZDM_TR_FIN_FUNC</DOMNAME>
     <VALPOS>0012</VALPOS>
     <DDLANGUAGE>1</DDLANGUAGE>
     <DOMVALUE_L>27</DOMVALUE_L>
     <DDTEXT>开立保函申请单确认办理完成时，不校验未上线公司的担保合同申请单状态</DDTEXT>
    </DD07V>
    <DD07V>
     <DOMNAME>ZDM_TR_FIN_FUNC</DOMNAME>
     <VALPOS>0013</VALPOS>
     <DDLANGUAGE>1</DDLANGUAGE>
     <DOMVALUE_L>18</DOMVALUE_L>
     <DDTEXT>内保外贷申请单在&quot;确认发送保函&quot;状态下，即可确认办理完成</DDTEXT>
    </DD07V>
    <DD07V>
     <DOMNAME>ZDM_TR_FIN_FUNC</DOMNAME>
     <VALPOS>0014</VALPOS>
     <DDLANGUAGE>1</DDLANGUAGE>
     <DOMVALUE_L>20</DOMVALUE_L>
     <DDTEXT>注册直融申请单完成注册时，不校验其他公司的担保合同申请单状态</DDTEXT>
    </DD07V>
    <DD07V>
     <DOMNAME>ZDM_TR_FIN_FUNC</DOMNAME>
     <VALPOS>0015</VALPOS>
     <DDLANGUAGE>1</DDLANGUAGE>
     <DOMVALUE_L>30</DOMVALUE_L>
     <DDTEXT>注册直融申请单完成注册时，不校验未上线公司的担保合同申请单状态</DDTEXT>
    </DD07V>
    <DD07V>
     <DOMNAME>ZDM_TR_FIN_FUNC</DOMNAME>
     <VALPOS>0016</VALPOS>
     <DDLANGUAGE>1</DDLANGUAGE>
     <DOMVALUE_L>21</DOMVALUE_L>
     <DDTEXT>保证金支付单期初过账固定付款账户</DDTEXT>
    </DD07V>
   </DD07V_TAB>
  </asx:values>
 </asx:abap>
</abapGit>
