﻿<?xml version="1.0" encoding="utf-8"?>
<abapGit version="v1.0.0" serializer="LCL_OBJECT_DOMA" serializer_version="v1.0.0">
 <asx:abap xmlns:asx="http://www.sap.com/abapxml" version="1.0">
  <asx:values>
   <DD01V>
    <DOMNAME>ZDM_TR_ECOOA_STATUS</DOMNAME>
    <DDLANGUAGE>1</DDLANGUAGE>
    <DATATYPE>CHAR</DATATYPE>
    <LENG>000002</LENG>
    <OUTPUTLEN>000002</OUTPUTLEN>
    <VALEXI>X</VALEXI>
    <DDTEXT>开立内保外贷申请状态</DDTEXT>
   </DD01V>
   <DD07V_TAB>
    <DD07V>
     <DOMNAME>ZDM_TR_ECOOA_STATUS</DOMNAME>
     <VALPOS>0001</VALPOS>
     <DDLANGUAGE>1</DDLANGUAGE>
     <DDTEXT>新建</DDTEXT>
    </DD07V>
    <DD07V>
     <DOMNAME>ZDM_TR_ECOOA_STATUS</DOMNAME>
     <VALPOS>0002</VALPOS>
     <DDLANGUAGE>1</DDLANGUAGE>
     <DOMVALUE_L>10</DOMVALUE_L>
     <DDTEXT>保存</DDTEXT>
    </DD07V>
    <DD07V>
     <DOMNAME>ZDM_TR_ECOOA_STATUS</DOMNAME>
     <VALPOS>0003</VALPOS>
     <DDLANGUAGE>1</DDLANGUAGE>
     <DOMVALUE_L>15</DOMVALUE_L>
     <DDTEXT>提交OA审批</DDTEXT>
    </DD07V>
    <DD07V>
     <DOMNAME>ZDM_TR_ECOOA_STATUS</DOMNAME>
     <VALPOS>0004</VALPOS>
     <DDLANGUAGE>1</DDLANGUAGE>
     <DOMVALUE_L>20</DOMVALUE_L>
     <DDTEXT>OA审批通过</DDTEXT>
    </DD07V>
    <DD07V>
     <DOMNAME>ZDM_TR_ECOOA_STATUS</DOMNAME>
     <VALPOS>0005</VALPOS>
     <DDLANGUAGE>1</DDLANGUAGE>
     <DOMVALUE_L>25</DOMVALUE_L>
     <DDTEXT>OA审批退回</DDTEXT>
    </DD07V>
    <DD07V>
     <DOMNAME>ZDM_TR_ECOOA_STATUS</DOMNAME>
     <VALPOS>0006</VALPOS>
     <DDLANGUAGE>1</DDLANGUAGE>
     <DOMVALUE_L>30</DOMVALUE_L>
     <DDTEXT>OA审批拒绝</DDTEXT>
    </DD07V>
    <DD07V>
     <DOMNAME>ZDM_TR_ECOOA_STATUS</DOMNAME>
     <VALPOS>0007</VALPOS>
     <DDLANGUAGE>1</DDLANGUAGE>
     <DOMVALUE_L>35</DOMVALUE_L>
     <DDTEXT>确认发送保函</DDTEXT>
    </DD07V>
    <DD07V>
     <DOMNAME>ZDM_TR_ECOOA_STATUS</DOMNAME>
     <VALPOS>0008</VALPOS>
     <DDLANGUAGE>1</DDLANGUAGE>
     <DOMVALUE_L>40</DOMVALUE_L>
     <DDTEXT>保函办理失败</DDTEXT>
    </DD07V>
    <DD07V>
     <DOMNAME>ZDM_TR_ECOOA_STATUS</DOMNAME>
     <VALPOS>0009</VALPOS>
     <DDLANGUAGE>1</DDLANGUAGE>
     <DOMVALUE_L>45</DOMVALUE_L>
     <DDTEXT>贷款办理成功</DDTEXT>
    </DD07V>
    <DD07V>
     <DOMNAME>ZDM_TR_ECOOA_STATUS</DOMNAME>
     <VALPOS>0010</VALPOS>
     <DDLANGUAGE>1</DDLANGUAGE>
     <DOMVALUE_L>50</DOMVALUE_L>
     <DDTEXT>业务终止</DDTEXT>
    </DD07V>
    <DD07V>
     <DOMNAME>ZDM_TR_ECOOA_STATUS</DOMNAME>
     <VALPOS>0011</VALPOS>
     <DDLANGUAGE>1</DDLANGUAGE>
     <DOMVALUE_L>90</DOMVALUE_L>
     <DDTEXT>已删除</DDTEXT>
    </DD07V>
   </DD07V_TAB>
  </asx:values>
 </asx:abap>
</abapGit>
