﻿<?xml version="1.0" encoding="utf-8"?>
<abapGit version="v1.0.0" serializer="LCL_OBJECT_DOMA" serializer_version="v1.0.0">
 <asx:abap xmlns:asx="http://www.sap.com/abapxml" version="1.0">
  <asx:values>
   <DD01V>
    <DOMNAME>ZDM_DJZT_XYZ_ZH</DOMNAME>
    <DDLANGUAGE>1</DDLANGUAGE>
    <DATATYPE>CHAR</DATATYPE>
    <LENG>000002</LENG>
    <OUTPUTLEN>000002</OUTPUTLEN>
    <VALEXI>X</VALEXI>
    <DDTEXT>单据状态(接收信用证综合)</DDTEXT>
   </DD01V>
   <DD07V_TAB>
    <DD07V>
     <DOMNAME>ZDM_DJZT_XYZ_ZH</DOMNAME>
     <VALPOS>0001</VALPOS>
     <DDLANGUAGE>1</DDLANGUAGE>
     <DOMVALUE_L>10</DOMVALUE_L>
     <DDTEXT>生成</DDTEXT>
    </DD07V>
    <DD07V>
     <DOMNAME>ZDM_DJZT_XYZ_ZH</DOMNAME>
     <VALPOS>0002</VALPOS>
     <DDLANGUAGE>1</DDLANGUAGE>
     <DOMVALUE_L>15</DOMVALUE_L>
     <DDTEXT>财务已提交</DDTEXT>
    </DD07V>
    <DD07V>
     <DOMNAME>ZDM_DJZT_XYZ_ZH</DOMNAME>
     <VALPOS>0003</VALPOS>
     <DDLANGUAGE>1</DDLANGUAGE>
     <DOMVALUE_L>16</DOMVALUE_L>
     <DDTEXT>工厂提交</DDTEXT>
    </DD07V>
    <DD07V>
     <DOMNAME>ZDM_DJZT_XYZ_ZH</DOMNAME>
     <VALPOS>0004</VALPOS>
     <DDLANGUAGE>1</DDLANGUAGE>
     <DOMVALUE_L>17</DOMVALUE_L>
     <DDTEXT>主管同意</DDTEXT>
    </DD07V>
    <DD07V>
     <DOMNAME>ZDM_DJZT_XYZ_ZH</DOMNAME>
     <VALPOS>0005</VALPOS>
     <DDLANGUAGE>1</DDLANGUAGE>
     <DOMVALUE_L>18</DOMVALUE_L>
     <DDTEXT>主管拒绝</DDTEXT>
    </DD07V>
    <DD07V>
     <DOMNAME>ZDM_DJZT_XYZ_ZH</DOMNAME>
     <VALPOS>0006</VALPOS>
     <DDLANGUAGE>1</DDLANGUAGE>
     <DOMVALUE_L>20</DOMVALUE_L>
     <DDTEXT>工厂匹配中</DDTEXT>
    </DD07V>
    <DD07V>
     <DOMNAME>ZDM_DJZT_XYZ_ZH</DOMNAME>
     <VALPOS>0007</VALPOS>
     <DDLANGUAGE>1</DDLANGUAGE>
     <DOMVALUE_L>25</DOMVALUE_L>
     <DDTEXT>工厂匹配完成</DDTEXT>
    </DD07V>
    <DD07V>
     <DOMNAME>ZDM_DJZT_XYZ_ZH</DOMNAME>
     <VALPOS>0008</VALPOS>
     <DDLANGUAGE>1</DDLANGUAGE>
     <DOMVALUE_L>26</DOMVALUE_L>
     <DDTEXT>工厂确定中</DDTEXT>
    </DD07V>
    <DD07V>
     <DOMNAME>ZDM_DJZT_XYZ_ZH</DOMNAME>
     <VALPOS>0009</VALPOS>
     <DDLANGUAGE>1</DDLANGUAGE>
     <DOMVALUE_L>27</DOMVALUE_L>
     <DDTEXT>工厂完成确认</DDTEXT>
    </DD07V>
    <DD07V>
     <DOMNAME>ZDM_DJZT_XYZ_ZH</DOMNAME>
     <VALPOS>0010</VALPOS>
     <DDLANGUAGE>1</DDLANGUAGE>
     <DOMVALUE_L>30</DOMVALUE_L>
     <DDTEXT>接收完成</DDTEXT>
    </DD07V>
    <DD07V>
     <DOMNAME>ZDM_DJZT_XYZ_ZH</DOMNAME>
     <VALPOS>0011</VALPOS>
     <DDLANGUAGE>1</DDLANGUAGE>
     <DOMVALUE_L>35</DOMVALUE_L>
     <DDTEXT>退回中</DDTEXT>
    </DD07V>
    <DD07V>
     <DOMNAME>ZDM_DJZT_XYZ_ZH</DOMNAME>
     <VALPOS>0012</VALPOS>
     <DDLANGUAGE>1</DDLANGUAGE>
     <DOMVALUE_L>40</DOMVALUE_L>
     <DDTEXT>退回完成</DDTEXT>
    </DD07V>
    <DD07V>
     <DOMNAME>ZDM_DJZT_XYZ_ZH</DOMNAME>
     <VALPOS>0013</VALPOS>
     <DDLANGUAGE>1</DDLANGUAGE>
     <DOMVALUE_L>41</DOMVALUE_L>
     <DDTEXT>退证完成</DDTEXT>
    </DD07V>
    <DD07V>
     <DOMNAME>ZDM_DJZT_XYZ_ZH</DOMNAME>
     <VALPOS>0014</VALPOS>
     <DDLANGUAGE>1</DDLANGUAGE>
     <DOMVALUE_L>42</DOMVALUE_L>
     <DDTEXT>退证失败</DDTEXT>
    </DD07V>
    <DD07V>
     <DOMNAME>ZDM_DJZT_XYZ_ZH</DOMNAME>
     <VALPOS>0015</VALPOS>
     <DDLANGUAGE>1</DDLANGUAGE>
     <DOMVALUE_L>45</DOMVALUE_L>
     <DDTEXT>删除</DDTEXT>
    </DD07V>
    <DD07V>
     <DOMNAME>ZDM_DJZT_XYZ_ZH</DOMNAME>
     <VALPOS>0016</VALPOS>
     <DDLANGUAGE>1</DDLANGUAGE>
     <DOMVALUE_L>50</DOMVALUE_L>
     <DDTEXT>接收退回</DDTEXT>
    </DD07V>
   </DD07V_TAB>
  </asx:values>
 </asx:abap>
</abapGit>
