﻿<?xml version="1.0" encoding="utf-8"?>
<abapGit version="v1.0.0" serializer="LCL_OBJECT_DOMA" serializer_version="v1.0.0">
 <asx:abap xmlns:asx="http://www.sap.com/abapxml" version="1.0">
  <asx:values>
   <DD01V>
    <DOMNAME>ZDM_DBFS_XL</DOMNAME>
    <DDLANGUAGE>1</DDLANGUAGE>
    <DATATYPE>CHAR</DATATYPE>
    <LENG>000002</LENG>
    <OUTPUTLEN>000002</OUTPUTLEN>
    <VALEXI>X</VALEXI>
    <DDTEXT>担保方式细类</DDTEXT>
   </DD01V>
   <DD07V_TAB>
    <DD07V>
     <DOMNAME>ZDM_DBFS_XL</DOMNAME>
     <VALPOS>0001</VALPOS>
     <DDLANGUAGE>1</DDLANGUAGE>
     <DOMVALUE_L>11</DOMVALUE_L>
     <DDTEXT>关联企业担保</DDTEXT>
    </DD07V>
    <DD07V>
     <DOMNAME>ZDM_DBFS_XL</DOMNAME>
     <VALPOS>0002</VALPOS>
     <DDLANGUAGE>1</DDLANGUAGE>
     <DOMVALUE_L>12</DOMVALUE_L>
     <DDTEXT>非关联方担保</DDTEXT>
    </DD07V>
    <DD07V>
     <DOMNAME>ZDM_DBFS_XL</DOMNAME>
     <VALPOS>0003</VALPOS>
     <DDLANGUAGE>1</DDLANGUAGE>
     <DOMVALUE_L>21</DOMVALUE_L>
     <DDTEXT>固定资产抵押</DDTEXT>
    </DD07V>
    <DD07V>
     <DOMNAME>ZDM_DBFS_XL</DOMNAME>
     <VALPOS>0004</VALPOS>
     <DDLANGUAGE>1</DDLANGUAGE>
     <DOMVALUE_L>22</DOMVALUE_L>
     <DDTEXT>原材料/存货抵（质）押</DDTEXT>
    </DD07V>
    <DD07V>
     <DOMNAME>ZDM_DBFS_XL</DOMNAME>
     <VALPOS>0005</VALPOS>
     <DDLANGUAGE>1</DDLANGUAGE>
     <DOMVALUE_L>31</DOMVALUE_L>
     <DDTEXT>货币质押</DDTEXT>
    </DD07V>
    <DD07V>
     <DOMNAME>ZDM_DBFS_XL</DOMNAME>
     <VALPOS>0006</VALPOS>
     <DDLANGUAGE>1</DDLANGUAGE>
     <DOMVALUE_L>32</DOMVALUE_L>
     <DDTEXT>银票质押</DDTEXT>
    </DD07V>
    <DD07V>
     <DOMNAME>ZDM_DBFS_XL</DOMNAME>
     <VALPOS>0007</VALPOS>
     <DDLANGUAGE>1</DDLANGUAGE>
     <DOMVALUE_L>33</DOMVALUE_L>
     <DDTEXT>商票质押</DDTEXT>
    </DD07V>
    <DD07V>
     <DOMNAME>ZDM_DBFS_XL</DOMNAME>
     <VALPOS>0008</VALPOS>
     <DDLANGUAGE>1</DDLANGUAGE>
     <DOMVALUE_L>34</DOMVALUE_L>
     <DDTEXT>股权质押</DDTEXT>
    </DD07V>
    <DD07V>
     <DOMNAME>ZDM_DBFS_XL</DOMNAME>
     <VALPOS>0009</VALPOS>
     <DDLANGUAGE>1</DDLANGUAGE>
     <DOMVALUE_L>35</DOMVALUE_L>
     <DDTEXT>应收账款担保</DDTEXT>
    </DD07V>
    <DD07V>
     <DOMNAME>ZDM_DBFS_XL</DOMNAME>
     <VALPOS>0010</VALPOS>
     <DDLANGUAGE>1</DDLANGUAGE>
     <DOMVALUE_L>90</DOMVALUE_L>
     <DDTEXT>无担保</DDTEXT>
    </DD07V>
   </DD07V_TAB>
  </asx:values>
 </asx:abap>
</abapGit>
