﻿<?xml version="1.0" encoding="utf-8"?>
<abapGit version="v1.0.0" serializer="LCL_OBJECT_DOMA" serializer_version="v1.0.0">
 <asx:abap xmlns:asx="http://www.sap.com/abapxml" version="1.0">
  <asx:values>
   <DD01V>
    <DOMNAME>ZDM_DKQX</DOMNAME>
    <DDLANGUAGE>1</DDLANGUAGE>
    <DATATYPE>CHAR</DATATYPE>
    <LENG>000002</LENG>
    <OUTPUTLEN>000002</OUTPUTLEN>
    <VALEXI>X</VALEXI>
    <DDTEXT>贷款期限</DDTEXT>
   </DD01V>
   <DD07V_TAB>
    <DD07V>
     <DOMNAME>ZDM_DKQX</DOMNAME>
     <VALPOS>0001</VALPOS>
     <DDLANGUAGE>1</DDLANGUAGE>
     <DOMVALUE_L>10</DOMVALUE_L>
     <DDTEXT>一个月内（含一个月）</DDTEXT>
    </DD07V>
    <DD07V>
     <DOMNAME>ZDM_DKQX</DOMNAME>
     <VALPOS>0002</VALPOS>
     <DDLANGUAGE>1</DDLANGUAGE>
     <DOMVALUE_L>11</DOMVALUE_L>
     <DDTEXT>一个月以上并两个月以下（含两个月）</DDTEXT>
    </DD07V>
    <DD07V>
     <DOMNAME>ZDM_DKQX</DOMNAME>
     <VALPOS>0003</VALPOS>
     <DDLANGUAGE>1</DDLANGUAGE>
     <DOMVALUE_L>12</DOMVALUE_L>
     <DDTEXT>两个月以上并三个月以下（含三个月）</DDTEXT>
    </DD07V>
    <DD07V>
     <DOMNAME>ZDM_DKQX</DOMNAME>
     <VALPOS>0004</VALPOS>
     <DDLANGUAGE>1</DDLANGUAGE>
     <DOMVALUE_L>13</DOMVALUE_L>
     <DDTEXT>四个月以上并六个月以下（含六个月）</DDTEXT>
    </DD07V>
    <DD07V>
     <DOMNAME>ZDM_DKQX</DOMNAME>
     <VALPOS>0005</VALPOS>
     <DDLANGUAGE>1</DDLANGUAGE>
     <DOMVALUE_L>14</DOMVALUE_L>
     <DDTEXT>六个月以上并12个月以下（含12个月）</DDTEXT>
    </DD07V>
    <DD07V>
     <DOMNAME>ZDM_DKQX</DOMNAME>
     <VALPOS>0006</VALPOS>
     <DDLANGUAGE>1</DDLANGUAGE>
     <DOMVALUE_L>20</DOMVALUE_L>
     <DDTEXT>一年以上并两年以下（含两年）</DDTEXT>
    </DD07V>
    <DD07V>
     <DOMNAME>ZDM_DKQX</DOMNAME>
     <VALPOS>0007</VALPOS>
     <DDLANGUAGE>1</DDLANGUAGE>
     <DOMVALUE_L>21</DOMVALUE_L>
     <DDTEXT>两年以上并三年以下（含三年）</DDTEXT>
    </DD07V>
    <DD07V>
     <DOMNAME>ZDM_DKQX</DOMNAME>
     <VALPOS>0008</VALPOS>
     <DDLANGUAGE>1</DDLANGUAGE>
     <DOMVALUE_L>22</DOMVALUE_L>
     <DDTEXT>三年以上并四年以下（含四年）</DDTEXT>
    </DD07V>
    <DD07V>
     <DOMNAME>ZDM_DKQX</DOMNAME>
     <VALPOS>0009</VALPOS>
     <DDLANGUAGE>1</DDLANGUAGE>
     <DOMVALUE_L>23</DOMVALUE_L>
     <DDTEXT>四年以上并五年以下（含五年）</DDTEXT>
    </DD07V>
    <DD07V>
     <DOMNAME>ZDM_DKQX</DOMNAME>
     <VALPOS>0010</VALPOS>
     <DDLANGUAGE>1</DDLANGUAGE>
     <DOMVALUE_L>24</DOMVALUE_L>
     <DDTEXT>五年以上并六年以下（含六年）</DDTEXT>
    </DD07V>
    <DD07V>
     <DOMNAME>ZDM_DKQX</DOMNAME>
     <VALPOS>0011</VALPOS>
     <DDLANGUAGE>1</DDLANGUAGE>
     <DOMVALUE_L>25</DOMVALUE_L>
     <DDTEXT>六年以上并七年以下（含七年）</DDTEXT>
    </DD07V>
    <DD07V>
     <DOMNAME>ZDM_DKQX</DOMNAME>
     <VALPOS>0012</VALPOS>
     <DDLANGUAGE>1</DDLANGUAGE>
     <DOMVALUE_L>26</DOMVALUE_L>
     <DDTEXT>七年以上并八年以下（含八年）</DDTEXT>
    </DD07V>
    <DD07V>
     <DOMNAME>ZDM_DKQX</DOMNAME>
     <VALPOS>0013</VALPOS>
     <DDLANGUAGE>1</DDLANGUAGE>
     <DOMVALUE_L>27</DOMVALUE_L>
     <DDTEXT>八年以上并九年以下（含九年）</DDTEXT>
    </DD07V>
    <DD07V>
     <DOMNAME>ZDM_DKQX</DOMNAME>
     <VALPOS>0014</VALPOS>
     <DDLANGUAGE>1</DDLANGUAGE>
     <DOMVALUE_L>28</DOMVALUE_L>
     <DDTEXT>九年以上并十年以下（含十年）</DDTEXT>
    </DD07V>
    <DD07V>
     <DOMNAME>ZDM_DKQX</DOMNAME>
     <VALPOS>0015</VALPOS>
     <DDLANGUAGE>1</DDLANGUAGE>
     <DOMVALUE_L>29</DOMVALUE_L>
     <DDTEXT>十年以上并十一年以下（含十一年）</DDTEXT>
    </DD07V>
    <DD07V>
     <DOMNAME>ZDM_DKQX</DOMNAME>
     <VALPOS>0016</VALPOS>
     <DDLANGUAGE>1</DDLANGUAGE>
     <DOMVALUE_L>30</DOMVALUE_L>
     <DDTEXT>十一年以上</DDTEXT>
    </DD07V>
   </DD07V_TAB>
  </asx:values>
 </asx:abap>
</abapGit>
