﻿<?xml version="1.0" encoding="utf-8"?>
<abapGit version="v1.0.0" serializer="LCL_OBJECT_DOMA" serializer_version="v1.0.0">
 <asx:abap xmlns:asx="http://www.sap.com/abapxml" version="1.0">
  <asx:values>
   <DD01V>
    <DOMNAME>ZDM_TR_APTYPE</DOMNAME>
    <DDLANGUAGE>1</DDLANGUAGE>
    <DATATYPE>CHAR</DATATYPE>
    <LENG>000004</LENG>
    <OUTPUTLEN>000004</OUTPUTLEN>
    <VALEXI>X</VALEXI>
    <DDTEXT>票据接收申请单类型</DDTEXT>
   </DD01V>
   <DD07V_TAB>
    <DD07V>
     <DOMNAME>ZDM_TR_APTYPE</DOMNAME>
     <VALPOS>0001</VALPOS>
     <DDLANGUAGE>1</DDLANGUAGE>
     <DOMVALUE_L>H001</DOMVALUE_L>
     <DDTEXT>票据接收申请单（银行承兑汇票和商业承兑汇票）</DDTEXT>
    </DD07V>
    <DD07V>
     <DOMNAME>ZDM_TR_APTYPE</DOMNAME>
     <VALPOS>0002</VALPOS>
     <DDLANGUAGE>1</DDLANGUAGE>
     <DOMVALUE_L>H002</DOMVALUE_L>
     <DDTEXT>接收票据缴款单（银行承兑汇票和商业承兑汇票）</DDTEXT>
    </DD07V>
    <DD07V>
     <DOMNAME>ZDM_TR_APTYPE</DOMNAME>
     <VALPOS>0003</VALPOS>
     <DDLANGUAGE>1</DDLANGUAGE>
     <DOMVALUE_L>H003</DOMVALUE_L>
     <DDTEXT>票据托收申请表</DDTEXT>
    </DD07V>
    <DD07V>
     <DOMNAME>ZDM_TR_APTYPE</DOMNAME>
     <VALPOS>0004</VALPOS>
     <DDLANGUAGE>1</DDLANGUAGE>
     <DOMVALUE_L>H004</DOMVALUE_L>
     <DDTEXT>票据贴现申请表</DDTEXT>
    </DD07V>
    <DD07V>
     <DOMNAME>ZDM_TR_APTYPE</DOMNAME>
     <VALPOS>0005</VALPOS>
     <DDLANGUAGE>1</DDLANGUAGE>
     <DOMVALUE_L>H005</DOMVALUE_L>
     <DDTEXT>票据退票申请单</DDTEXT>
    </DD07V>
    <DD07V>
     <DOMNAME>ZDM_TR_APTYPE</DOMNAME>
     <VALPOS>0006</VALPOS>
     <DDLANGUAGE>1</DDLANGUAGE>
     <DOMVALUE_L>H006</DOMVALUE_L>
     <DDTEXT>票据回购申请表</DDTEXT>
    </DD07V>
    <DD07V>
     <DOMNAME>ZDM_TR_APTYPE</DOMNAME>
     <VALPOS>0007</VALPOS>
     <DDLANGUAGE>1</DDLANGUAGE>
     <DOMVALUE_L>H007</DOMVALUE_L>
     <DDTEXT>票据盘点异常通知单</DDTEXT>
    </DD07V>
   </DD07V_TAB>
  </asx:values>
 </asx:abap>
</abapGit>
