﻿<?xml version="1.0" encoding="utf-8"?>
<abapGit version="v1.0.0" serializer="LCL_OBJECT_DOMA" serializer_version="v1.0.0">
 <asx:abap xmlns:asx="http://www.sap.com/abapxml" version="1.0">
  <asx:values>
   <DD01V>
    <DOMNAME>ZDM_TR_FAC_TYPE</DOMNAME>
    <DDLANGUAGE>1</DDLANGUAGE>
    <DATATYPE>CHAR</DATATYPE>
    <LENG>000004</LENG>
    <OUTPUTLEN>000004</OUTPUTLEN>
    <VALEXI>X</VALEXI>
    <DDTEXT>融资方式</DDTEXT>
   </DD01V>
   <DD07V_TAB>
    <DD07V>
     <DOMNAME>ZDM_TR_FAC_TYPE</DOMNAME>
     <VALPOS>0001</VALPOS>
     <DDLANGUAGE>1</DDLANGUAGE>
     <DOMVALUE_L>1000</DOMVALUE_L>
     <DDTEXT>综合授信</DDTEXT>
    </DD07V>
    <DD07V>
     <DOMNAME>ZDM_TR_FAC_TYPE</DOMNAME>
     <VALPOS>0002</VALPOS>
     <DDLANGUAGE>1</DDLANGUAGE>
     <DOMVALUE_L>1100</DOMVALUE_L>
     <DDTEXT>单项授信</DDTEXT>
    </DD07V>
    <DD07V>
     <DOMNAME>ZDM_TR_FAC_TYPE</DOMNAME>
     <VALPOS>0003</VALPOS>
     <DDLANGUAGE>1</DDLANGUAGE>
     <DOMVALUE_L>1200</DOMVALUE_L>
     <DDTEXT>低风险业务(非票据池)</DDTEXT>
    </DD07V>
    <DD07V>
     <DOMNAME>ZDM_TR_FAC_TYPE</DOMNAME>
     <VALPOS>0004</VALPOS>
     <DDLANGUAGE>1</DDLANGUAGE>
     <DOMVALUE_L>1300</DOMVALUE_L>
     <DDTEXT>票据池专项授信额度</DDTEXT>
    </DD07V>
    <DD07V>
     <DOMNAME>ZDM_TR_FAC_TYPE</DOMNAME>
     <VALPOS>0005</VALPOS>
     <DDLANGUAGE>1</DDLANGUAGE>
     <DOMVALUE_L>1400</DOMVALUE_L>
     <DDTEXT>融资租赁</DDTEXT>
    </DD07V>
    <DD07V>
     <DOMNAME>ZDM_TR_FAC_TYPE</DOMNAME>
     <VALPOS>0006</VALPOS>
     <DDLANGUAGE>1</DDLANGUAGE>
     <DOMVALUE_L>1500</DOMVALUE_L>
     <DDTEXT>信托等债权融资</DDTEXT>
    </DD07V>
    <DD07V>
     <DOMNAME>ZDM_TR_FAC_TYPE</DOMNAME>
     <VALPOS>0007</VALPOS>
     <DDLANGUAGE>1</DDLANGUAGE>
     <DOMVALUE_L>1600</DOMVALUE_L>
     <DDTEXT>保险公司债权融资</DDTEXT>
    </DD07V>
   </DD07V_TAB>
  </asx:values>
 </asx:abap>
</abapGit>
