﻿<?xml version="1.0" encoding="utf-8"?>
<abapGit version="v1.0.0" serializer="LCL_OBJECT_DOMA" serializer_version="v1.0.0">
 <asx:abap xmlns:asx="http://www.sap.com/abapxml" version="1.0">
  <asx:values>
   <DD01V>
    <DOMNAME>ZDM_TR_ACTBHT</DOMNAME>
    <DDLANGUAGE>1</DDLANGUAGE>
    <DATATYPE>CHAR</DATATYPE>
    <LENG>000003</LENG>
    <OUTPUTLEN>000003</OUTPUTLEN>
    <VALEXI>X</VALEXI>
    <DDTEXT>开立保函台账权限-操作代码</DDTEXT>
   </DD01V>
   <DD07V_TAB>
    <DD07V>
     <DOMNAME>ZDM_TR_ACTBHT</DOMNAME>
     <VALPOS>0001</VALPOS>
     <DDLANGUAGE>1</DDLANGUAGE>
     <DOMVALUE_L>102</DOMVALUE_L>
     <DDTEXT>修改</DDTEXT>
    </DD07V>
    <DD07V>
     <DOMNAME>ZDM_TR_ACTBHT</DOMNAME>
     <VALPOS>0002</VALPOS>
     <DDLANGUAGE>1</DDLANGUAGE>
     <DOMVALUE_L>103</DOMVALUE_L>
     <DDTEXT>显示</DDTEXT>
    </DD07V>
    <DD07V>
     <DOMNAME>ZDM_TR_ACTBHT</DOMNAME>
     <VALPOS>0003</VALPOS>
     <DDLANGUAGE>1</DDLANGUAGE>
     <DOMVALUE_L>111</DOMVALUE_L>
     <DDTEXT>确认到期</DDTEXT>
    </DD07V>
    <DD07V>
     <DOMNAME>ZDM_TR_ACTBHT</DOMNAME>
     <VALPOS>0004</VALPOS>
     <DDLANGUAGE>1</DDLANGUAGE>
     <DOMVALUE_L>112</DOMVALUE_L>
     <DDTEXT>取消到期标记</DDTEXT>
    </DD07V>
    <DD07V>
     <DOMNAME>ZDM_TR_ACTBHT</DOMNAME>
     <VALPOS>0005</VALPOS>
     <DDLANGUAGE>1</DDLANGUAGE>
     <DOMVALUE_L>113</DOMVALUE_L>
     <DDTEXT>确认回收保函</DDTEXT>
    </DD07V>
    <DD07V>
     <DOMNAME>ZDM_TR_ACTBHT</DOMNAME>
     <VALPOS>0006</VALPOS>
     <DDLANGUAGE>1</DDLANGUAGE>
     <DOMVALUE_L>114</DOMVALUE_L>
     <DDTEXT>确认收到还款证明</DDTEXT>
    </DD07V>
    <DD07V>
     <DOMNAME>ZDM_TR_ACTBHT</DOMNAME>
     <VALPOS>0007</VALPOS>
     <DDLANGUAGE>1</DDLANGUAGE>
     <DOMVALUE_L>115</DOMVALUE_L>
     <DDTEXT>确认业务结束</DDTEXT>
    </DD07V>
    <DD07V>
     <DOMNAME>ZDM_TR_ACTBHT</DOMNAME>
     <VALPOS>0008</VALPOS>
     <DDLANGUAGE>1</DDLANGUAGE>
     <DOMVALUE_L>116</DOMVALUE_L>
     <DDTEXT>取消保函</DDTEXT>
    </DD07V>
    <DD07V>
     <DOMNAME>ZDM_TR_ACTBHT</DOMNAME>
     <VALPOS>0009</VALPOS>
     <DDLANGUAGE>1</DDLANGUAGE>
     <DOMVALUE_L>117</DOMVALUE_L>
     <DDTEXT>创建保证金支付单</DDTEXT>
    </DD07V>
    <DD07V>
     <DOMNAME>ZDM_TR_ACTBHT</DOMNAME>
     <VALPOS>0010</VALPOS>
     <DDLANGUAGE>1</DDLANGUAGE>
     <DOMVALUE_L>118</DOMVALUE_L>
     <DDTEXT>创建被索赔申请单</DDTEXT>
    </DD07V>
    <DD07V>
     <DOMNAME>ZDM_TR_ACTBHT</DOMNAME>
     <VALPOS>0011</VALPOS>
     <DDLANGUAGE>1</DDLANGUAGE>
     <DOMVALUE_L>119</DOMVALUE_L>
     <DDTEXT>维护被索赔状态</DDTEXT>
    </DD07V>
    <DD07V>
     <DOMNAME>ZDM_TR_ACTBHT</DOMNAME>
     <VALPOS>0012</VALPOS>
     <DDLANGUAGE>1</DDLANGUAGE>
     <DOMVALUE_L>121</DOMVALUE_L>
     <DDTEXT>添加/删除附件</DDTEXT>
    </DD07V>
    <DD07V>
     <DOMNAME>ZDM_TR_ACTBHT</DOMNAME>
     <VALPOS>0013</VALPOS>
     <DDLANGUAGE>1</DDLANGUAGE>
     <DOMVALUE_L>122</DOMVALUE_L>
     <DDTEXT>显示附件</DDTEXT>
    </DD07V>
   </DD07V_TAB>
  </asx:values>
 </asx:abap>
</abapGit>
