﻿<?xml version="1.0" encoding="utf-8"?>
<abapGit version="v1.0.0" serializer="LCL_OBJECT_DOMA" serializer_version="v1.0.0">
 <asx:abap xmlns:asx="http://www.sap.com/abapxml" version="1.0">
  <asx:values>
   <DD01V>
    <DOMNAME>ZDM_TR_FOLLOW</DOMNAME>
    <DDLANGUAGE>1</DDLANGUAGE>
    <DATATYPE>CHAR</DATATYPE>
    <LENG>000001</LENG>
    <OUTPUTLEN>000001</OUTPUTLEN>
    <VALEXI>X</VALEXI>
    <DDTEXT>支付单后续处理</DDTEXT>
   </DD01V>
   <DD07V_TAB>
    <DD07V>
     <DOMNAME>ZDM_TR_FOLLOW</DOMNAME>
     <VALPOS>0001</VALPOS>
     <DDLANGUAGE>1</DDLANGUAGE>
     <DOMVALUE_L>1</DOMVALUE_L>
     <DDTEXT>处理中，同一支付单不能被重复发起支付</DDTEXT>
    </DD07V>
    <DD07V>
     <DOMNAME>ZDM_TR_FOLLOW</DOMNAME>
     <VALPOS>0002</VALPOS>
     <DDLANGUAGE>1</DDLANGUAGE>
     <DOMVALUE_L>2</DOMVALUE_L>
     <DDTEXT>已完成，该支付单不能再发起支付</DDTEXT>
    </DD07V>
    <DD07V>
     <DOMNAME>ZDM_TR_FOLLOW</DOMNAME>
     <VALPOS>0003</VALPOS>
     <DDLANGUAGE>1</DDLANGUAGE>
     <DOMVALUE_L>3</DOMVALUE_L>
     <DDTEXT>交易失败，同一支付单需要启用新的版本号码才能再重新发起支付</DDTEXT>
    </DD07V>
    <DD07V>
     <DOMNAME>ZDM_TR_FOLLOW</DOMNAME>
     <VALPOS>0004</VALPOS>
     <DDLANGUAGE>1</DDLANGUAGE>
     <DOMVALUE_L>4</DOMVALUE_L>
     <DDTEXT>交易失败，该支付单可以使用相同的版本号码再发起支付</DDTEXT>
    </DD07V>
    <DD07V>
     <DOMNAME>ZDM_TR_FOLLOW</DOMNAME>
     <VALPOS>0005</VALPOS>
     <DDLANGUAGE>1</DDLANGUAGE>
     <DOMVALUE_L>X</DOMVALUE_L>
     <DDTEXT>发送和接收期间出现错误，禁止取消支付单，需要后续查询交易状态重新更新状态后再确定后续操作</DDTEXT>
    </DD07V>
    <DD07V>
     <DOMNAME>ZDM_TR_FOLLOW</DOMNAME>
     <VALPOS>0006</VALPOS>
     <DDLANGUAGE>1</DDLANGUAGE>
     <DOMVALUE_L>Z</DOMVALUE_L>
     <DDTEXT>未知错误，禁止取消支付单，需要后续查询交易状态重新更新状态后再确定后续操作</DDTEXT>
    </DD07V>
    <DD07V>
     <DOMNAME>ZDM_TR_FOLLOW</DOMNAME>
     <VALPOS>0007</VALPOS>
     <DDLANGUAGE>1</DDLANGUAGE>
     <DOMVALUE_L>P</DOMVALUE_L>
     <DDTEXT>初始创建条目，实例处理中</DDTEXT>
    </DD07V>
   </DD07V_TAB>
  </asx:values>
 </asx:abap>
</abapGit>
