﻿<?xml version="1.0" encoding="utf-8"?>
<abapGit version="v1.0.0" serializer="LCL_OBJECT_DOMA" serializer_version="v1.0.0">
 <asx:abap xmlns:asx="http://www.sap.com/abapxml" version="1.0">
  <asx:values>
   <DD01V>
    <DOMNAME>ZDM_DOCTYPE_JS</DOMNAME>
    <DDLANGUAGE>1</DDLANGUAGE>
    <DATATYPE>CHAR</DATATYPE>
    <LENG>000004</LENG>
    <OUTPUTLEN>000004</OUTPUTLEN>
    <VALEXI>X</VALEXI>
    <DDTEXT>信用证单据类型_接收</DDTEXT>
   </DD01V>
   <DD07V_TAB>
    <DD07V>
     <DOMNAME>ZDM_DOCTYPE_JS</DOMNAME>
     <VALPOS>0001</VALPOS>
     <DDLANGUAGE>1</DDLANGUAGE>
     <DOMVALUE_L>J001</DOMVALUE_L>
     <DDTEXT>信用证到证通知单</DDTEXT>
    </DD07V>
    <DD07V>
     <DOMNAME>ZDM_DOCTYPE_JS</DOMNAME>
     <VALPOS>0002</VALPOS>
     <DDLANGUAGE>1</DDLANGUAGE>
     <DOMVALUE_L>TZ01</DOMVALUE_L>
     <DDTEXT>接收信用证退证</DDTEXT>
    </DD07V>
    <DD07V>
     <DOMNAME>ZDM_DOCTYPE_JS</DOMNAME>
     <VALPOS>0003</VALPOS>
     <DDLANGUAGE>1</DDLANGUAGE>
     <DOMVALUE_L>C001</DOMVALUE_L>
     <DDTEXT>接收信用证改证</DDTEXT>
    </DD07V>
    <DD07V>
     <DOMNAME>ZDM_DOCTYPE_JS</DOMNAME>
     <VALPOS>0004</VALPOS>
     <DDLANGUAGE>1</DDLANGUAGE>
     <DOMVALUE_L>TS01</DOMVALUE_L>
     <DDTEXT>接收信用证托收</DDTEXT>
    </DD07V>
    <DD07V>
     <DOMNAME>ZDM_DOCTYPE_JS</DOMNAME>
     <VALPOS>0005</VALPOS>
     <DDLANGUAGE>1</DDLANGUAGE>
     <DOMVALUE_L>YH01</DOMVALUE_L>
     <DDTEXT>接收信用证押汇</DDTEXT>
    </DD07V>
   </DD07V_TAB>
  </asx:values>
 </asx:abap>
</abapGit>
