﻿<?xml version="1.0" encoding="utf-8"?>
<abapGit version="v1.0.0" serializer="LCL_OBJECT_DOMA" serializer_version="v1.0.0">
 <asx:abap xmlns:asx="http://www.sap.com/abapxml" version="1.0">
  <asx:values>
   <DD01V>
    <DOMNAME>ZDM_TR_GUA_OTYPE</DOMNAME>
    <DDLANGUAGE>1</DDLANGUAGE>
    <DATATYPE>CHAR</DATATYPE>
    <LENG>000004</LENG>
    <OUTPUTLEN>000004</OUTPUTLEN>
    <VALEXI>X</VALEXI>
    <DDTEXT>对外担保类型</DDTEXT>
   </DD01V>
   <DD07V_TAB>
    <DD07V>
     <DOMNAME>ZDM_TR_GUA_OTYPE</DOMNAME>
     <VALPOS>0001</VALPOS>
     <DDLANGUAGE>1</DDLANGUAGE>
    </DD07V>
    <DD07V>
     <DOMNAME>ZDM_TR_GUA_OTYPE</DOMNAME>
     <VALPOS>0002</VALPOS>
     <DDLANGUAGE>1</DDLANGUAGE>
     <DOMVALUE_L>T001</DOMVALUE_L>
     <DDTEXT>信用担保</DDTEXT>
    </DD07V>
    <DD07V>
     <DOMNAME>ZDM_TR_GUA_OTYPE</DOMNAME>
     <VALPOS>0003</VALPOS>
     <DDLANGUAGE>1</DDLANGUAGE>
     <DOMVALUE_L>T002</DOMVALUE_L>
     <DDTEXT>保证金担保</DDTEXT>
    </DD07V>
    <DD07V>
     <DOMNAME>ZDM_TR_GUA_OTYPE</DOMNAME>
     <VALPOS>0004</VALPOS>
     <DDLANGUAGE>1</DDLANGUAGE>
     <DOMVALUE_L>T003</DOMVALUE_L>
     <DDTEXT>抵押担保</DDTEXT>
    </DD07V>
    <DD07V>
     <DOMNAME>ZDM_TR_GUA_OTYPE</DOMNAME>
     <VALPOS>0005</VALPOS>
     <DDLANGUAGE>1</DDLANGUAGE>
     <DOMVALUE_L>T004</DOMVALUE_L>
     <DDTEXT>质押担保</DDTEXT>
    </DD07V>
    <DD07V>
     <DOMNAME>ZDM_TR_GUA_OTYPE</DOMNAME>
     <VALPOS>0006</VALPOS>
     <DDLANGUAGE>1</DDLANGUAGE>
     <DOMVALUE_L>T006</DOMVALUE_L>
     <DDTEXT>应收账款保理</DDTEXT>
    </DD07V>
    <DD07V>
     <DOMNAME>ZDM_TR_GUA_OTYPE</DOMNAME>
     <VALPOS>0007</VALPOS>
     <DDLANGUAGE>1</DDLANGUAGE>
     <DOMVALUE_L>T007</DOMVALUE_L>
     <DDTEXT>存货担保</DDTEXT>
    </DD07V>
    <DD07V>
     <DOMNAME>ZDM_TR_GUA_OTYPE</DOMNAME>
     <VALPOS>0008</VALPOS>
     <DDLANGUAGE>1</DDLANGUAGE>
     <DOMVALUE_L>T005</DOMVALUE_L>
     <DDTEXT>综合担保</DDTEXT>
    </DD07V>
   </DD07V_TAB>
  </asx:values>
 </asx:abap>
</abapGit>
