﻿<?xml version="1.0" encoding="utf-8"?>
<abapGit version="v1.0.0" serializer="LCL_OBJECT_DOMA" serializer_version="v1.0.0">
 <asx:abap xmlns:asx="http://www.sap.com/abapxml" version="1.0">
  <asx:values>
   <DD01V>
    <DOMNAME>ZDM_TR_CCB_INTEREST_RATE</DOMNAME>
    <DDLANGUAGE>1</DDLANGUAGE>
    <DATATYPE>DEC</DATATYPE>
    <LENG>000016</LENG>
    <OUTPUTLEN>000020</OUTPUTLEN>
    <DECIMALS>000004</DECIMALS>
    <DDTEXT>账户利率</DDTEXT>
   </DD01V>
  </asx:values>
 </asx:abap>
</abapGit>
