﻿<?xml version="1.0" encoding="utf-8"?>
<abapGit version="v1.0.0" serializer="LCL_OBJECT_DOMA" serializer_version="v1.0.0">
 <asx:abap xmlns:asx="http://www.sap.com/abapxml" version="1.0">
  <asx:values>
   <DD01V>
    <DOMNAME>ZDM_CZDM_KXYZ</DOMNAME>
    <DDLANGUAGE>1</DDLANGUAGE>
    <DATATYPE>CHAR</DATATYPE>
    <LENG>000001</LENG>
    <OUTPUTLEN>000001</OUTPUTLEN>
    <VALEXI>X</VALEXI>
    <DDTEXT>信用证开立操作代码</DDTEXT>
   </DD01V>
   <DD07V_TAB>
    <DD07V>
     <DOMNAME>ZDM_CZDM_KXYZ</DOMNAME>
     <VALPOS>0001</VALPOS>
     <DDLANGUAGE>1</DDLANGUAGE>
     <DOMVALUE_L>A</DOMVALUE_L>
     <DDTEXT>信用证表单编辑</DDTEXT>
    </DD07V>
    <DD07V>
     <DOMNAME>ZDM_CZDM_KXYZ</DOMNAME>
     <VALPOS>0002</VALPOS>
     <DDLANGUAGE>1</DDLANGUAGE>
     <DOMVALUE_L>B</DOMVALUE_L>
     <DDTEXT>信用证表单/台账搜索查看</DDTEXT>
    </DD07V>
    <DD07V>
     <DOMNAME>ZDM_CZDM_KXYZ</DOMNAME>
     <VALPOS>0003</VALPOS>
     <DDLANGUAGE>1</DDLANGUAGE>
     <DOMVALUE_L>C</DOMVALUE_L>
     <DDTEXT>信用证改证</DDTEXT>
    </DD07V>
    <DD07V>
     <DOMNAME>ZDM_CZDM_KXYZ</DOMNAME>
     <VALPOS>0004</VALPOS>
     <DDLANGUAGE>1</DDLANGUAGE>
     <DOMVALUE_L>D</DOMVALUE_L>
     <DDTEXT>信用证承兑</DDTEXT>
    </DD07V>
    <DD07V>
     <DOMNAME>ZDM_CZDM_KXYZ</DOMNAME>
     <VALPOS>0005</VALPOS>
     <DDLANGUAGE>1</DDLANGUAGE>
     <DOMVALUE_L>E</DOMVALUE_L>
     <DDTEXT>信用证兑付</DDTEXT>
    </DD07V>
    <DD07V>
     <DOMNAME>ZDM_CZDM_KXYZ</DOMNAME>
     <VALPOS>0006</VALPOS>
     <DDLANGUAGE>1</DDLANGUAGE>
     <DOMVALUE_L>F</DOMVALUE_L>
     <DDTEXT>补充承兑详情</DDTEXT>
    </DD07V>
    <DD07V>
     <DOMNAME>ZDM_CZDM_KXYZ</DOMNAME>
     <VALPOS>0007</VALPOS>
     <DDLANGUAGE>1</DDLANGUAGE>
     <DOMVALUE_L>G</DOMVALUE_L>
     <DDTEXT>信用证兑付匹配银行流水</DDTEXT>
    </DD07V>
    <DD07V>
     <DOMNAME>ZDM_CZDM_KXYZ</DOMNAME>
     <VALPOS>0008</VALPOS>
     <DDLANGUAGE>1</DDLANGUAGE>
     <DOMVALUE_L>H</DOMVALUE_L>
     <DDTEXT>信用证过账</DDTEXT>
    </DD07V>
    <DD07V>
     <DOMNAME>ZDM_CZDM_KXYZ</DOMNAME>
     <VALPOS>0009</VALPOS>
     <DDLANGUAGE>1</DDLANGUAGE>
     <DOMVALUE_L>I</DOMVALUE_L>
     <DDTEXT>信用证冲销</DDTEXT>
    </DD07V>
   </DD07V_TAB>
  </asx:values>
 </asx:abap>
</abapGit>
