﻿<?xml version="1.0" encoding="utf-8"?>
<abapGit version="v1.0.0" serializer="LCL_OBJECT_DOMA" serializer_version="v1.0.0">
 <asx:abap xmlns:asx="http://www.sap.com/abapxml" version="1.0">
  <asx:values>
   <DD01V>
    <DOMNAME>ZDMTR_BTK_ACT</DOMNAME>
    <DDLANGUAGE>1</DDLANGUAGE>
    <DATATYPE>NUMC</DATATYPE>
    <LENG>000003</LENG>
    <OUTPUTLEN>000003</OUTPUTLEN>
    <VALEXI>X</VALEXI>
    <DDTEXT>保证金退款作业</DDTEXT>
   </DD01V>
   <DD07V_TAB>
    <DD07V>
     <DOMNAME>ZDMTR_BTK_ACT</DOMNAME>
     <VALPOS>0001</VALPOS>
     <DDLANGUAGE>1</DDLANGUAGE>
     <DOMVALUE_L>101</DOMVALUE_L>
     <DDTEXT>新增</DDTEXT>
    </DD07V>
    <DD07V>
     <DOMNAME>ZDMTR_BTK_ACT</DOMNAME>
     <VALPOS>0002</VALPOS>
     <DDLANGUAGE>1</DDLANGUAGE>
     <DOMVALUE_L>102</DOMVALUE_L>
     <DDTEXT>修改(财务权限)</DDTEXT>
    </DD07V>
    <DD07V>
     <DOMNAME>ZDMTR_BTK_ACT</DOMNAME>
     <VALPOS>0003</VALPOS>
     <DDLANGUAGE>1</DDLANGUAGE>
     <DOMVALUE_L>111</DOMVALUE_L>
     <DDTEXT>修改(会计权限)</DDTEXT>
    </DD07V>
    <DD07V>
     <DOMNAME>ZDMTR_BTK_ACT</DOMNAME>
     <VALPOS>0004</VALPOS>
     <DDLANGUAGE>1</DDLANGUAGE>
     <DOMVALUE_L>103</DOMVALUE_L>
     <DDTEXT>显示</DDTEXT>
    </DD07V>
    <DD07V>
     <DOMNAME>ZDMTR_BTK_ACT</DOMNAME>
     <VALPOS>0005</VALPOS>
     <DDLANGUAGE>1</DDLANGUAGE>
     <DOMVALUE_L>104</DOMVALUE_L>
     <DDTEXT>删除</DDTEXT>
    </DD07V>
    <DD07V>
     <DOMNAME>ZDMTR_BTK_ACT</DOMNAME>
     <VALPOS>0006</VALPOS>
     <DDLANGUAGE>1</DDLANGUAGE>
     <DOMVALUE_L>105</DOMVALUE_L>
     <DDTEXT>匹配银行流水</DDTEXT>
    </DD07V>
    <DD07V>
     <DOMNAME>ZDMTR_BTK_ACT</DOMNAME>
     <VALPOS>0007</VALPOS>
     <DDLANGUAGE>1</DDLANGUAGE>
     <DOMVALUE_L>106</DOMVALUE_L>
     <DDTEXT>取消匹配银行流水</DDTEXT>
    </DD07V>
    <DD07V>
     <DOMNAME>ZDMTR_BTK_ACT</DOMNAME>
     <VALPOS>0008</VALPOS>
     <DDLANGUAGE>1</DDLANGUAGE>
     <DOMVALUE_L>107</DOMVALUE_L>
     <DDTEXT>更新台账</DDTEXT>
    </DD07V>
    <DD07V>
     <DOMNAME>ZDMTR_BTK_ACT</DOMNAME>
     <VALPOS>0009</VALPOS>
     <DDLANGUAGE>1</DDLANGUAGE>
     <DOMVALUE_L>108</DOMVALUE_L>
     <DDTEXT>取消更新台账</DDTEXT>
    </DD07V>
    <DD07V>
     <DOMNAME>ZDMTR_BTK_ACT</DOMNAME>
     <VALPOS>0010</VALPOS>
     <DDLANGUAGE>1</DDLANGUAGE>
     <DOMVALUE_L>109</DOMVALUE_L>
     <DDTEXT>过账</DDTEXT>
    </DD07V>
    <DD07V>
     <DOMNAME>ZDMTR_BTK_ACT</DOMNAME>
     <VALPOS>0011</VALPOS>
     <DDLANGUAGE>1</DDLANGUAGE>
     <DOMVALUE_L>110</DOMVALUE_L>
     <DDTEXT>冲销过账</DDTEXT>
    </DD07V>
   </DD07V_TAB>
  </asx:values>
 </asx:abap>
</abapGit>
