﻿<?xml version="1.0" encoding="utf-8"?>
<abapGit version="v1.0.0" serializer="LCL_OBJECT_DOMA" serializer_version="v1.0.0">
 <asx:abap xmlns:asx="http://www.sap.com/abapxml" version="1.0">
  <asx:values>
   <DD01V>
    <DOMNAME>ZDMTR_KL_ZFFS</DOMNAME>
    <DDLANGUAGE>1</DDLANGUAGE>
    <DATATYPE>NUMC</DATATYPE>
    <LENG>000002</LENG>
    <OUTPUTLEN>000002</OUTPUTLEN>
    <VALEXI>X</VALEXI>
    <DDTEXT>开立支付方式</DDTEXT>
   </DD01V>
   <DD07V_TAB>
    <DD07V>
     <DOMNAME>ZDMTR_KL_ZFFS</DOMNAME>
     <VALPOS>0001</VALPOS>
     <DDLANGUAGE>1</DDLANGUAGE>
     <DOMVALUE_L>51</DOMVALUE_L>
     <DDTEXT>商业承兑汇票</DDTEXT>
    </DD07V>
    <DD07V>
     <DOMNAME>ZDMTR_KL_ZFFS</DOMNAME>
     <VALPOS>0002</VALPOS>
     <DDLANGUAGE>1</DDLANGUAGE>
     <DOMVALUE_L>52</DOMVALUE_L>
     <DDTEXT>银行承兑汇票</DDTEXT>
    </DD07V>
    <DD07V>
     <DOMNAME>ZDMTR_KL_ZFFS</DOMNAME>
     <VALPOS>0003</VALPOS>
     <DDLANGUAGE>1</DDLANGUAGE>
     <DOMVALUE_L>53</DOMVALUE_L>
     <DDTEXT>商业承兑汇票-银企</DDTEXT>
    </DD07V>
    <DD07V>
     <DOMNAME>ZDMTR_KL_ZFFS</DOMNAME>
     <VALPOS>0004</VALPOS>
     <DDLANGUAGE>1</DDLANGUAGE>
     <DOMVALUE_L>54</DOMVALUE_L>
     <DDTEXT>银行承兑汇票-银企</DDTEXT>
    </DD07V>
   </DD07V_TAB>
  </asx:values>
 </asx:abap>
</abapGit>
