﻿<?xml version="1.0" encoding="utf-8"?>
<abapGit version="v1.0.0" serializer="LCL_OBJECT_DOMA" serializer_version="v1.0.0">
 <asx:abap xmlns:asx="http://www.sap.com/abapxml" version="1.0">
  <asx:values>
   <DD01V>
    <DOMNAME>ZDMTR_ZFD_OPTION</DOMNAME>
    <DDLANGUAGE>1</DDLANGUAGE>
    <DATATYPE>NUMC</DATATYPE>
    <LENG>000002</LENG>
    <OUTPUTLEN>000002</OUTPUTLEN>
    <VALEXI>X</VALEXI>
    <DDTEXT>支付单详细操作</DDTEXT>
   </DD01V>
   <DD07V_TAB>
    <DD07V>
     <DOMNAME>ZDMTR_ZFD_OPTION</DOMNAME>
     <VALPOS>0001</VALPOS>
     <DDLANGUAGE>1</DDLANGUAGE>
     <DOMVALUE_L>01</DOMVALUE_L>
     <DDTEXT>打印</DDTEXT>
    </DD07V>
    <DD07V>
     <DOMNAME>ZDMTR_ZFD_OPTION</DOMNAME>
     <VALPOS>0002</VALPOS>
     <DDLANGUAGE>1</DDLANGUAGE>
     <DOMVALUE_L>02</DOMVALUE_L>
     <DDTEXT>付款确认</DDTEXT>
    </DD07V>
    <DD07V>
     <DOMNAME>ZDMTR_ZFD_OPTION</DOMNAME>
     <VALPOS>0003</VALPOS>
     <DDLANGUAGE>1</DDLANGUAGE>
     <DOMVALUE_L>03</DOMVALUE_L>
     <DDTEXT>取消确认</DDTEXT>
    </DD07V>
    <DD07V>
     <DOMNAME>ZDMTR_ZFD_OPTION</DOMNAME>
     <VALPOS>0004</VALPOS>
     <DDLANGUAGE>1</DDLANGUAGE>
     <DOMVALUE_L>04</DOMVALUE_L>
     <DDTEXT>发送付款指令</DDTEXT>
    </DD07V>
    <DD07V>
     <DOMNAME>ZDMTR_ZFD_OPTION</DOMNAME>
     <VALPOS>0005</VALPOS>
     <DDLANGUAGE>1</DDLANGUAGE>
     <DOMVALUE_L>05</DOMVALUE_L>
     <DDTEXT>支付退回</DDTEXT>
    </DD07V>
    <DD07V>
     <DOMNAME>ZDMTR_ZFD_OPTION</DOMNAME>
     <VALPOS>0006</VALPOS>
     <DDLANGUAGE>1</DDLANGUAGE>
     <DOMVALUE_L>06</DOMVALUE_L>
     <DDTEXT>付款作废申请</DDTEXT>
    </DD07V>
    <DD07V>
     <DOMNAME>ZDMTR_ZFD_OPTION</DOMNAME>
     <VALPOS>0007</VALPOS>
     <DDLANGUAGE>1</DDLANGUAGE>
     <DOMVALUE_L>07</DOMVALUE_L>
     <DDTEXT>匹配银行流水</DDTEXT>
    </DD07V>
    <DD07V>
     <DOMNAME>ZDMTR_ZFD_OPTION</DOMNAME>
     <VALPOS>0008</VALPOS>
     <DDLANGUAGE>1</DDLANGUAGE>
     <DOMVALUE_L>08</DOMVALUE_L>
     <DDTEXT>取消银行流水匹配</DDTEXT>
    </DD07V>
    <DD07V>
     <DOMNAME>ZDMTR_ZFD_OPTION</DOMNAME>
     <VALPOS>0009</VALPOS>
     <DDLANGUAGE>1</DDLANGUAGE>
     <DOMVALUE_L>09</DOMVALUE_L>
     <DDTEXT>银行账户余额查询</DDTEXT>
    </DD07V>
    <DD07V>
     <DOMNAME>ZDMTR_ZFD_OPTION</DOMNAME>
     <VALPOS>0010</VALPOS>
     <DDLANGUAGE>1</DDLANGUAGE>
     <DOMVALUE_L>10</DOMVALUE_L>
     <DDTEXT>现金日记账查询</DDTEXT>
    </DD07V>
    <DD07V>
     <DOMNAME>ZDMTR_ZFD_OPTION</DOMNAME>
     <VALPOS>0011</VALPOS>
     <DDLANGUAGE>1</DDLANGUAGE>
     <DOMVALUE_L>11</DOMVALUE_L>
     <DDTEXT>更新收款方主数据</DDTEXT>
    </DD07V>
    <DD07V>
     <DOMNAME>ZDMTR_ZFD_OPTION</DOMNAME>
     <VALPOS>0012</VALPOS>
     <DDLANGUAGE>1</DDLANGUAGE>
     <DOMVALUE_L>12</DOMVALUE_L>
     <DDTEXT>过账</DDTEXT>
    </DD07V>
    <DD07V>
     <DOMNAME>ZDMTR_ZFD_OPTION</DOMNAME>
     <VALPOS>0013</VALPOS>
     <DDLANGUAGE>1</DDLANGUAGE>
     <DOMVALUE_L>13</DOMVALUE_L>
     <DDTEXT>取消过账</DDTEXT>
    </DD07V>
    <DD07V>
     <DOMNAME>ZDMTR_ZFD_OPTION</DOMNAME>
     <VALPOS>0014</VALPOS>
     <DDLANGUAGE>1</DDLANGUAGE>
     <DOMVALUE_L>14</DOMVALUE_L>
     <DDTEXT>维护银行回单</DDTEXT>
    </DD07V>
   </DD07V_TAB>
  </asx:values>
 </asx:abap>
</abapGit>
