﻿<?xml version="1.0" encoding="utf-8"?>
<abapGit version="v1.0.0" serializer="LCL_OBJECT_DOMA" serializer_version="v1.0.0">
 <asx:abap xmlns:asx="http://www.sap.com/abapxml" version="1.0">
  <asx:values>
   <DD01V>
    <DOMNAME>ZDMTR_ZHLX</DOMNAME>
    <DDLANGUAGE>1</DDLANGUAGE>
    <DATATYPE>CHAR</DATATYPE>
    <LENG>000002</LENG>
    <OUTPUTLEN>000002</OUTPUTLEN>
    <VALEXI>X</VALEXI>
    <DDTEXT>账户类型</DDTEXT>
   </DD01V>
   <DD07V_TAB>
    <DD07V>
     <DOMNAME>ZDMTR_ZHLX</DOMNAME>
     <VALPOS>0001</VALPOS>
     <DDLANGUAGE>1</DDLANGUAGE>
     <DOMVALUE_L>10</DOMVALUE_L>
     <DDTEXT>保证金账户-一般账户</DDTEXT>
    </DD07V>
    <DD07V>
     <DOMNAME>ZDMTR_ZHLX</DOMNAME>
     <VALPOS>0002</VALPOS>
     <DDLANGUAGE>1</DDLANGUAGE>
     <DOMVALUE_L>11</DOMVALUE_L>
     <DDTEXT>保证金账户-临时账户</DDTEXT>
    </DD07V>
    <DD07V>
     <DOMNAME>ZDMTR_ZHLX</DOMNAME>
     <VALPOS>0003</VALPOS>
     <DDLANGUAGE>1</DDLANGUAGE>
     <DOMVALUE_L>12</DOMVALUE_L>
     <DDTEXT>保证金账户-母子账户</DDTEXT>
    </DD07V>
    <DD07V>
     <DOMNAME>ZDMTR_ZHLX</DOMNAME>
     <VALPOS>0004</VALPOS>
     <DDLANGUAGE>1</DDLANGUAGE>
     <DOMVALUE_L>20</DOMVALUE_L>
     <DDTEXT>监管户</DDTEXT>
    </DD07V>
    <DD07V>
     <DOMNAME>ZDMTR_ZHLX</DOMNAME>
     <VALPOS>0005</VALPOS>
     <DDLANGUAGE>1</DDLANGUAGE>
     <DOMVALUE_L>30</DOMVALUE_L>
     <DDTEXT>贷款账户</DDTEXT>
    </DD07V>
    <DD07V>
     <DOMNAME>ZDMTR_ZHLX</DOMNAME>
     <VALPOS>0006</VALPOS>
     <DDLANGUAGE>1</DDLANGUAGE>
     <DOMVALUE_L>40</DOMVALUE_L>
     <DDTEXT>资本金账户</DDTEXT>
    </DD07V>
    <DD07V>
     <DOMNAME>ZDMTR_ZHLX</DOMNAME>
     <VALPOS>0007</VALPOS>
     <DDLANGUAGE>1</DDLANGUAGE>
     <DOMVALUE_L>51</DOMVALUE_L>
     <DDTEXT>一般账户-收入</DDTEXT>
    </DD07V>
    <DD07V>
     <DOMNAME>ZDMTR_ZHLX</DOMNAME>
     <VALPOS>0008</VALPOS>
     <DDLANGUAGE>1</DDLANGUAGE>
     <DOMVALUE_L>52</DOMVALUE_L>
     <DDTEXT>一般账户-支出</DDTEXT>
    </DD07V>
    <DD07V>
     <DOMNAME>ZDMTR_ZHLX</DOMNAME>
     <VALPOS>0009</VALPOS>
     <DDLANGUAGE>1</DDLANGUAGE>
     <DOMVALUE_L>53</DOMVALUE_L>
     <DDTEXT>一般账户-综合</DDTEXT>
    </DD07V>
    <DD07V>
     <DOMNAME>ZDMTR_ZHLX</DOMNAME>
     <VALPOS>0010</VALPOS>
     <DDLANGUAGE>1</DDLANGUAGE>
     <DOMVALUE_L>61</DOMVALUE_L>
     <DDTEXT>基本账户-收入</DDTEXT>
    </DD07V>
    <DD07V>
     <DOMNAME>ZDMTR_ZHLX</DOMNAME>
     <VALPOS>0011</VALPOS>
     <DDLANGUAGE>1</DDLANGUAGE>
     <DOMVALUE_L>62</DOMVALUE_L>
     <DDTEXT>基本账户-支出</DDTEXT>
    </DD07V>
    <DD07V>
     <DOMNAME>ZDMTR_ZHLX</DOMNAME>
     <VALPOS>0012</VALPOS>
     <DDLANGUAGE>1</DDLANGUAGE>
     <DOMVALUE_L>63</DOMVALUE_L>
     <DDTEXT>基本账户-综合</DDTEXT>
    </DD07V>
    <DD07V>
     <DOMNAME>ZDMTR_ZHLX</DOMNAME>
     <VALPOS>0013</VALPOS>
     <DDLANGUAGE>1</DDLANGUAGE>
     <DOMVALUE_L>70</DOMVALUE_L>
     <DDTEXT>外债专户</DDTEXT>
    </DD07V>
   </DD07V_TAB>
  </asx:values>
 </asx:abap>
</abapGit>
