﻿<?xml version="1.0" encoding="utf-8"?>
<abapGit version="v1.0.0" serializer="LCL_OBJECT_DOMA" serializer_version="v1.0.0">
 <asx:abap xmlns:asx="http://www.sap.com/abapxml" version="1.0">
  <asx:values>
   <DD01V>
    <DOMNAME>ZDMTR_ZTRANS_JSYC</DOMNAME>
    <DDLANGUAGE>1</DDLANGUAGE>
    <DATATYPE>CHAR</DATATYPE>
    <LENG>000003</LENG>
    <OUTPUTLEN>000003</OUTPUTLEN>
    <VALEXI>X</VALEXI>
    <DDTEXT>接收票据台账可处理的流转状态- 异常处理</DDTEXT>
   </DD01V>
   <DD07V_TAB>
    <DD07V>
     <DOMNAME>ZDMTR_ZTRANS_JSYC</DOMNAME>
     <VALPOS>0001</VALPOS>
     <DDLANGUAGE>1</DDLANGUAGE>
     <DOMVALUE_L>100</DOMVALUE_L>
     <DDTEXT>票据未处理</DDTEXT>
    </DD07V>
    <DD07V>
     <DOMNAME>ZDMTR_ZTRANS_JSYC</DOMNAME>
     <VALPOS>0002</VALPOS>
     <DDLANGUAGE>1</DDLANGUAGE>
     <DOMVALUE_L>101</DOMVALUE_L>
     <DDTEXT>票据未处理未过账</DDTEXT>
    </DD07V>
    <DD07V>
     <DOMNAME>ZDMTR_ZTRANS_JSYC</DOMNAME>
     <VALPOS>0003</VALPOS>
     <DDLANGUAGE>1</DDLANGUAGE>
     <DOMVALUE_L>102</DOMVALUE_L>
     <DDTEXT>问题票处理中</DDTEXT>
    </DD07V>
    <DD07V>
     <DOMNAME>ZDMTR_ZTRANS_JSYC</DOMNAME>
     <VALPOS>0004</VALPOS>
     <DDLANGUAGE>1</DDLANGUAGE>
     <DOMVALUE_L>103</DOMVALUE_L>
     <DDTEXT>确认问题票</DDTEXT>
    </DD07V>
    <DD07V>
     <DOMNAME>ZDMTR_ZTRANS_JSYC</DOMNAME>
     <VALPOS>0005</VALPOS>
     <DDLANGUAGE>1</DDLANGUAGE>
     <DOMVALUE_L>110</DOMVALUE_L>
     <DDTEXT>票据托收申请录入</DDTEXT>
    </DD07V>
    <DD07V>
     <DOMNAME>ZDMTR_ZTRANS_JSYC</DOMNAME>
     <VALPOS>0006</VALPOS>
     <DDLANGUAGE>1</DDLANGUAGE>
     <DOMVALUE_L>111</DOMVALUE_L>
     <DDTEXT>票据托收申请单审批中</DDTEXT>
    </DD07V>
    <DD07V>
     <DOMNAME>ZDMTR_ZTRANS_JSYC</DOMNAME>
     <VALPOS>0007</VALPOS>
     <DDLANGUAGE>1</DDLANGUAGE>
     <DOMVALUE_L>112</DOMVALUE_L>
     <DDTEXT>票据托收申请单审批完成</DDTEXT>
    </DD07V>
    <DD07V>
     <DOMNAME>ZDMTR_ZTRANS_JSYC</DOMNAME>
     <VALPOS>0008</VALPOS>
     <DDLANGUAGE>1</DDLANGUAGE>
     <DOMVALUE_L>114</DOMVALUE_L>
     <DDTEXT>票据托收取消</DDTEXT>
    </DD07V>
    <DD07V>
     <DOMNAME>ZDMTR_ZTRANS_JSYC</DOMNAME>
     <VALPOS>0009</VALPOS>
     <DDLANGUAGE>1</DDLANGUAGE>
     <DOMVALUE_L>120</DOMVALUE_L>
     <DDTEXT>票据贴现申请录入</DDTEXT>
    </DD07V>
    <DD07V>
     <DOMNAME>ZDMTR_ZTRANS_JSYC</DOMNAME>
     <VALPOS>0010</VALPOS>
     <DDLANGUAGE>1</DDLANGUAGE>
     <DOMVALUE_L>121</DOMVALUE_L>
     <DDTEXT>票据贴现申请单审批中</DDTEXT>
    </DD07V>
    <DD07V>
     <DOMNAME>ZDMTR_ZTRANS_JSYC</DOMNAME>
     <VALPOS>0011</VALPOS>
     <DDLANGUAGE>1</DDLANGUAGE>
     <DOMVALUE_L>122</DOMVALUE_L>
     <DDTEXT>票据贴现申请单审批完成</DDTEXT>
    </DD07V>
    <DD07V>
     <DOMNAME>ZDMTR_ZTRANS_JSYC</DOMNAME>
     <VALPOS>0012</VALPOS>
     <DDLANGUAGE>1</DDLANGUAGE>
     <DOMVALUE_L>124</DOMVALUE_L>
     <DDTEXT>票据贴现取消</DDTEXT>
    </DD07V>
    <DD07V>
     <DOMNAME>ZDMTR_ZTRANS_JSYC</DOMNAME>
     <VALPOS>0013</VALPOS>
     <DDLANGUAGE>1</DDLANGUAGE>
     <DOMVALUE_L>130</DOMVALUE_L>
     <DDTEXT>票据退票申请录入</DDTEXT>
    </DD07V>
    <DD07V>
     <DOMNAME>ZDMTR_ZTRANS_JSYC</DOMNAME>
     <VALPOS>0014</VALPOS>
     <DDLANGUAGE>1</DDLANGUAGE>
     <DOMVALUE_L>131</DOMVALUE_L>
     <DDTEXT>票据退票申请单审批中</DDTEXT>
    </DD07V>
    <DD07V>
     <DOMNAME>ZDMTR_ZTRANS_JSYC</DOMNAME>
     <VALPOS>0015</VALPOS>
     <DDLANGUAGE>1</DDLANGUAGE>
     <DOMVALUE_L>132</DOMVALUE_L>
     <DDTEXT>票据退票申请单审批完成</DDTEXT>
    </DD07V>
    <DD07V>
     <DOMNAME>ZDMTR_ZTRANS_JSYC</DOMNAME>
     <VALPOS>0016</VALPOS>
     <DDLANGUAGE>1</DDLANGUAGE>
     <DOMVALUE_L>134</DOMVALUE_L>
     <DDTEXT>票据退票取消</DDTEXT>
    </DD07V>
    <DD07V>
     <DOMNAME>ZDMTR_ZTRANS_JSYC</DOMNAME>
     <VALPOS>0017</VALPOS>
     <DDLANGUAGE>1</DDLANGUAGE>
     <DOMVALUE_L>140</DOMVALUE_L>
     <DDTEXT>票据支付申请录入</DDTEXT>
    </DD07V>
    <DD07V>
     <DOMNAME>ZDMTR_ZTRANS_JSYC</DOMNAME>
     <VALPOS>0018</VALPOS>
     <DDLANGUAGE>1</DDLANGUAGE>
     <DOMVALUE_L>141</DOMVALUE_L>
     <DDTEXT>票据支付申请单审批中</DDTEXT>
    </DD07V>
    <DD07V>
     <DOMNAME>ZDMTR_ZTRANS_JSYC</DOMNAME>
     <VALPOS>0019</VALPOS>
     <DDLANGUAGE>1</DDLANGUAGE>
     <DOMVALUE_L>142</DOMVALUE_L>
     <DDTEXT>票据支付申请单审批完成</DDTEXT>
    </DD07V>
    <DD07V>
     <DOMNAME>ZDMTR_ZTRANS_JSYC</DOMNAME>
     <VALPOS>0020</VALPOS>
     <DDLANGUAGE>1</DDLANGUAGE>
     <DOMVALUE_L>144</DOMVALUE_L>
     <DDTEXT>票据支付取消</DDTEXT>
    </DD07V>
    <DD07V>
     <DOMNAME>ZDMTR_ZTRANS_JSYC</DOMNAME>
     <VALPOS>0021</VALPOS>
     <DDLANGUAGE>1</DDLANGUAGE>
     <DOMVALUE_L>150</DOMVALUE_L>
     <DDTEXT>票据质押申请录入</DDTEXT>
    </DD07V>
    <DD07V>
     <DOMNAME>ZDMTR_ZTRANS_JSYC</DOMNAME>
     <VALPOS>0022</VALPOS>
     <DDLANGUAGE>1</DDLANGUAGE>
     <DOMVALUE_L>151</DOMVALUE_L>
     <DDTEXT>票据质押申请单审批中</DDTEXT>
    </DD07V>
    <DD07V>
     <DOMNAME>ZDMTR_ZTRANS_JSYC</DOMNAME>
     <VALPOS>0023</VALPOS>
     <DDLANGUAGE>1</DDLANGUAGE>
     <DOMVALUE_L>152</DOMVALUE_L>
     <DDTEXT>票据质押申请单审批完成</DDTEXT>
    </DD07V>
    <DD07V>
     <DOMNAME>ZDMTR_ZTRANS_JSYC</DOMNAME>
     <VALPOS>0024</VALPOS>
     <DDLANGUAGE>1</DDLANGUAGE>
     <DOMVALUE_L>154</DOMVALUE_L>
     <DDTEXT>票据质押取消</DDTEXT>
    </DD07V>
    <DD07V>
     <DOMNAME>ZDMTR_ZTRANS_JSYC</DOMNAME>
     <VALPOS>0025</VALPOS>
     <DDLANGUAGE>1</DDLANGUAGE>
     <DOMVALUE_L>156</DOMVALUE_L>
     <DDTEXT>票据质押释放</DDTEXT>
    </DD07V>
   </DD07V_TAB>
  </asx:values>
 </asx:abap>
</abapGit>
