﻿<?xml version="1.0" encoding="utf-8"?>
<abapGit version="v1.0.0" serializer="LCL_OBJECT_DOMA" serializer_version="v1.0.0">
 <asx:abap xmlns:asx="http://www.sap.com/abapxml" version="1.0">
  <asx:values>
   <DD01V>
    <DOMNAME>ZDMTR_BTZ_ACT</DOMNAME>
    <DDLANGUAGE>1</DDLANGUAGE>
    <DATATYPE>NUMC</DATATYPE>
    <LENG>000003</LENG>
    <OUTPUTLEN>000003</OUTPUTLEN>
    <VALEXI>X</VALEXI>
    <DDTEXT>保证金台帐作业</DDTEXT>
   </DD01V>
   <DD07V_TAB>
    <DD07V>
     <DOMNAME>ZDMTR_BTZ_ACT</DOMNAME>
     <VALPOS>0001</VALPOS>
     <DDLANGUAGE>1</DDLANGUAGE>
     <DOMVALUE_L>102</DOMVALUE_L>
     <DDTEXT>修改</DDTEXT>
    </DD07V>
    <DD07V>
     <DOMNAME>ZDMTR_BTZ_ACT</DOMNAME>
     <VALPOS>0002</VALPOS>
     <DDLANGUAGE>1</DDLANGUAGE>
     <DOMVALUE_L>103</DOMVALUE_L>
     <DDTEXT>显示</DDTEXT>
    </DD07V>
    <DD07V>
     <DOMNAME>ZDMTR_BTZ_ACT</DOMNAME>
     <VALPOS>0003</VALPOS>
     <DDLANGUAGE>1</DDLANGUAGE>
     <DOMVALUE_L>111</DOMVALUE_L>
     <DDTEXT>创建</DDTEXT>
    </DD07V>
    <DD07V>
     <DOMNAME>ZDMTR_BTZ_ACT</DOMNAME>
     <VALPOS>0004</VALPOS>
     <DDLANGUAGE>1</DDLANGUAGE>
     <DOMVALUE_L>109</DOMVALUE_L>
     <DDTEXT>过账（计提与重置）</DDTEXT>
    </DD07V>
    <DD07V>
     <DOMNAME>ZDMTR_BTZ_ACT</DOMNAME>
     <VALPOS>0005</VALPOS>
     <DDLANGUAGE>1</DDLANGUAGE>
     <DOMVALUE_L>110</DOMVALUE_L>
     <DDTEXT>冲销（计提与重置）</DDTEXT>
    </DD07V>
   </DD07V_TAB>
  </asx:values>
 </asx:abap>
</abapGit>
