﻿<?xml version="1.0" encoding="utf-8"?>
<abapGit version="v1.0.0" serializer="LCL_OBJECT_DOMA" serializer_version="v1.0.0">
 <asx:abap xmlns:asx="http://www.sap.com/abapxml" version="1.0">
  <asx:values>
   <DD01V>
    <DOMNAME>ZDMTR_ZTRANS_JSTZ</DOMNAME>
    <DDLANGUAGE>1</DDLANGUAGE>
    <DATATYPE>CHAR</DATATYPE>
    <LENG>000003</LENG>
    <OUTPUTLEN>000003</OUTPUTLEN>
    <VALEXI>X</VALEXI>
    <DDTEXT>接收票据台账可处理的流转状态- 贴现/托收/退票/异常处理</DDTEXT>
   </DD01V>
   <DD07V_TAB>
    <DD07V>
     <DOMNAME>ZDMTR_ZTRANS_JSTZ</DOMNAME>
     <VALPOS>0001</VALPOS>
     <DDLANGUAGE>1</DDLANGUAGE>
     <DOMVALUE_L>100</DOMVALUE_L>
     <DDTEXT>票据未处理</DDTEXT>
    </DD07V>
    <DD07V>
     <DOMNAME>ZDMTR_ZTRANS_JSTZ</DOMNAME>
     <VALPOS>0002</VALPOS>
     <DDLANGUAGE>1</DDLANGUAGE>
     <DOMVALUE_L>114</DOMVALUE_L>
     <DDTEXT>票据托收取消</DDTEXT>
    </DD07V>
    <DD07V>
     <DOMNAME>ZDMTR_ZTRANS_JSTZ</DOMNAME>
     <VALPOS>0003</VALPOS>
     <DDLANGUAGE>1</DDLANGUAGE>
     <DOMVALUE_L>124</DOMVALUE_L>
     <DDTEXT>票据贴现取消</DDTEXT>
    </DD07V>
    <DD07V>
     <DOMNAME>ZDMTR_ZTRANS_JSTZ</DOMNAME>
     <VALPOS>0004</VALPOS>
     <DDLANGUAGE>1</DDLANGUAGE>
     <DOMVALUE_L>134</DOMVALUE_L>
     <DDTEXT>票据退票取消</DDTEXT>
    </DD07V>
    <DD07V>
     <DOMNAME>ZDMTR_ZTRANS_JSTZ</DOMNAME>
     <VALPOS>0005</VALPOS>
     <DDLANGUAGE>1</DDLANGUAGE>
     <DOMVALUE_L>144</DOMVALUE_L>
     <DDTEXT>票据支付取消</DDTEXT>
    </DD07V>
    <DD07V>
     <DOMNAME>ZDMTR_ZTRANS_JSTZ</DOMNAME>
     <VALPOS>0006</VALPOS>
     <DDLANGUAGE>1</DDLANGUAGE>
     <DOMVALUE_L>154</DOMVALUE_L>
     <DDTEXT>票据质押取消</DDTEXT>
    </DD07V>
   </DD07V_TAB>
  </asx:values>
 </asx:abap>
</abapGit>
