﻿<?xml version="1.0" encoding="utf-8"?>
<abapGit version="v1.0.0" serializer="LCL_OBJECT_DOMA" serializer_version="v1.0.0">
 <asx:abap xmlns:asx="http://www.sap.com/abapxml" version="1.0">
  <asx:values>
   <DD01V>
    <DOMNAME>ZDMTR_DOCTYPE_YHZH</DOMNAME>
    <DDLANGUAGE>1</DDLANGUAGE>
    <DATATYPE>CHAR</DATATYPE>
    <LENG>000005</LENG>
    <OUTPUTLEN>000005</OUTPUTLEN>
    <VALEXI>X</VALEXI>
    <DDTEXT>账户类型(银行账号)</DDTEXT>
   </DD01V>
   <DD07V_TAB>
    <DD07V>
     <DOMNAME>ZDMTR_DOCTYPE_YHZH</DOMNAME>
     <VALPOS>0001</VALPOS>
     <DDLANGUAGE>1</DDLANGUAGE>
     <DOMVALUE_L>B001</DOMVALUE_L>
     <DDTEXT>银行账号申请单</DDTEXT>
    </DD07V>
    <DD07V>
     <DOMNAME>ZDMTR_DOCTYPE_YHZH</DOMNAME>
     <VALPOS>0002</VALPOS>
     <DDLANGUAGE>1</DDLANGUAGE>
     <DOMVALUE_L>B003</DOMVALUE_L>
     <DDTEXT>银行账号变更单</DDTEXT>
    </DD07V>
    <DD07V>
     <DOMNAME>ZDMTR_DOCTYPE_YHZH</DOMNAME>
     <VALPOS>0003</VALPOS>
     <DDLANGUAGE>1</DDLANGUAGE>
     <DOMVALUE_L>B005</DOMVALUE_L>
     <DDTEXT>银行账号撤销单</DDTEXT>
    </DD07V>
   </DD07V_TAB>
  </asx:values>
 </asx:abap>
</abapGit>
