﻿<?xml version="1.0" encoding="utf-8"?>
<abapGit version="v1.0.0" serializer="LCL_OBJECT_DTEL" serializer_version="v1.0.0">
 <asx:abap xmlns:asx="http://www.sap.com/abapxml" version="1.0">
  <asx:values>
   <DD04V>
    <ROLLNAME>ZACCOUNT</ROLLNAME>
    <DDLANGUAGE>1</DDLANGUAGE>
    <DOMNAME>NUM8</DOMNAME>
    <HEADLEN>08</HEADLEN>
    <SCRLEN1>10</SCRLEN1>
    <SCRLEN2>20</SCRLEN2>
    <SCRLEN3>40</SCRLEN3>
    <DDTEXT>会计经理</DDTEXT>
    <REPTEXT>会计经理</REPTEXT>
    <SCRTEXT_S>会计经理</SCRTEXT_S>
    <SCRTEXT_M>会计经理</SCRTEXT_M>
    <SCRTEXT_L>会计经理</SCRTEXT_L>
    <DTELMASTER>1</DTELMASTER>
    <REFKIND>D</REFKIND>
   </DD04V>
  </asx:values>
 </asx:abap>
</abapGit>
