﻿<?xml version="1.0" encoding="utf-8"?>
<abapGit version="v1.0.0" serializer="LCL_OBJECT_DTEL" serializer_version="v1.0.0">
 <asx:abap xmlns:asx="http://www.sap.com/abapxml" version="1.0">
  <asx:values>
   <DD04V>
    <ROLLNAME>ZANZH10</ROLLNAME>
    <DDLANGUAGE>1</DDLANGUAGE>
    <HEADLEN>12</HEADLEN>
    <SCRLEN1>10</SCRLEN1>
    <SCRLEN2>20</SCRLEN2>
    <SCRLEN3>40</SCRLEN3>
    <DDTEXT>结转调休假定额30</DDTEXT>
    <REPTEXT>结转调休假定额30</REPTEXT>
    <SCRTEXT_S>结转调休假定额30</SCRTEXT_S>
    <SCRTEXT_M>结转调休假定额30</SCRTEXT_M>
    <SCRTEXT_L>结转调休假定额30</SCRTEXT_L>
    <DTELMASTER>1</DTELMASTER>
    <DATATYPE>DEC</DATATYPE>
    <LENG>000010</LENG>
    <DECIMALS>000005</DECIMALS>
    <OUTPUTLEN>000012</OUTPUTLEN>
   </DD04V>
  </asx:values>
 </asx:abap>
</abapGit>
