﻿<?xml version="1.0" encoding="utf-8"?>
<abapGit version="v1.0.0" serializer="LCL_OBJECT_CLAS" serializer_version="v1.0.0">
 <asx:abap xmlns:asx="http://www.sap.com/abapxml" version="1.0">
  <asx:values>
   <VSEOCLASS>
    <CLSNAME>ZCL_HR_BZGW_MANAGE</CLSNAME>
    <VERSION>1</VERSION>
    <LANGU>1</LANGU>
    <DESCRIPT>标准岗位申请辅助类</DESCRIPT>
    <STATE>1</STATE>
    <CLSCCINCL>X</CLSCCINCL>
    <FIXPT>X</FIXPT>
    <UNICODE>X</UNICODE>
   </VSEOCLASS>
   <DESCRIPTIONS>
    <SEOCOMPOTX>
     <CLSNAME>ZCL_HR_BZGW_MANAGE</CLSNAME>
     <CMPNAME>ACTION</CMPNAME>
     <LANGU>1</LANGU>
     <DESCRIPT>N 新建 U 更新 S 显示 D 删除</DESCRIPT>
    </SEOCOMPOTX>
    <SEOCOMPOTX>
     <CLSNAME>ZCL_HR_BZGW_MANAGE</CLSNAME>
     <CMPNAME>ADD_ROW</CMPNAME>
     <LANGU>1</LANGU>
     <DESCRIPT>添加行</DESCRIPT>
    </SEOCOMPOTX>
    <SEOCOMPOTX>
     <CLSNAME>ZCL_HR_BZGW_MANAGE</CLSNAME>
     <CMPNAME>DATA_CHECK</CMPNAME>
     <LANGU>1</LANGU>
     <DESCRIPT>数据检查</DESCRIPT>
    </SEOCOMPOTX>
    <SEOCOMPOTX>
     <CLSNAME>ZCL_HR_BZGW_MANAGE</CLSNAME>
     <CMPNAME>GET_DATA_DETAIL</CMPNAME>
     <LANGU>1</LANGU>
     <DESCRIPT>获取数据</DESCRIPT>
    </SEOCOMPOTX>
    <SEOCOMPOTX>
     <CLSNAME>ZCL_HR_BZGW_MANAGE</CLSNAME>
     <CMPNAME>GET_DATA_HEAD</CMPNAME>
     <LANGU>1</LANGU>
     <DESCRIPT>获取数据</DESCRIPT>
    </SEOCOMPOTX>
    <SEOCOMPOTX>
     <CLSNAME>ZCL_HR_BZGW_MANAGE</CLSNAME>
     <CMPNAME>GET_ISZB</CMPNAME>
     <LANGU>1</LANGU>
     <DESCRIPT>获取是否总部HR</DESCRIPT>
    </SEOCOMPOTX>
    <SEOCOMPOTX>
     <CLSNAME>ZCL_HR_BZGW_MANAGE</CLSNAME>
     <CMPNAME>GET_SELECT_ELEMENT</CMPNAME>
     <LANGU>1</LANGU>
     <DESCRIPT>获取选择的元素</DESCRIPT>
    </SEOCOMPOTX>
    <SEOCOMPOTX>
     <CLSNAME>ZCL_HR_BZGW_MANAGE</CLSNAME>
     <CMPNAME>REMOVE_ROW</CMPNAME>
     <LANGU>1</LANGU>
     <DESCRIPT>删除行</DESCRIPT>
    </SEOCOMPOTX>
    <SEOCOMPOTX>
     <CLSNAME>ZCL_HR_BZGW_MANAGE</CLSNAME>
     <CMPNAME>SAVE_DATA</CMPNAME>
     <LANGU>1</LANGU>
     <DESCRIPT>保存数据</DESCRIPT>
    </SEOCOMPOTX>
    <SEOCOMPOTX>
     <CLSNAME>ZCL_HR_BZGW_MANAGE</CLSNAME>
     <CMPNAME>SAVE_DATA_DETAIL</CMPNAME>
     <LANGU>1</LANGU>
     <DESCRIPT>保存数据</DESCRIPT>
    </SEOCOMPOTX>
    <SEOCOMPOTX>
     <CLSNAME>ZCL_HR_BZGW_MANAGE</CLSNAME>
     <CMPNAME>SUBMIT_DATA</CMPNAME>
     <LANGU>1</LANGU>
     <DESCRIPT>提交数据</DESCRIPT>
    </SEOCOMPOTX>
   </DESCRIPTIONS>
  </asx:values>
 </asx:abap>
</abapGit>
