﻿<?xml version="1.0" encoding="utf-8"?>
<abapGit version="v1.0.0" serializer="LCL_OBJECT_CLAS" serializer_version="v1.0.0">
 <asx:abap xmlns:asx="http://www.sap.com/abapxml" version="1.0">
  <asx:values>
   <VSEOCLASS>
    <CLSNAME>ZCL_HR_VACATION_APPLY_REQUEST</CLSNAME>
    <VERSION>1</VERSION>
    <LANGU>1</LANGU>
    <DESCRIPT>休假申请用CLASS</DESCRIPT>
    <STATE>1</STATE>
    <CLSCCINCL>X</CLSCCINCL>
    <FIXPT>X</FIXPT>
    <UNICODE>X</UNICODE>
   </VSEOCLASS>
   <DESCRIPTIONS>
    <SEOCOMPOTX>
     <CLSNAME>ZCL_HR_VACATION_APPLY_REQUEST</CLSNAME>
     <CMPNAME>ACTION</CMPNAME>
     <LANGU>1</LANGU>
     <DESCRIPT>操作类型N 新建 D删除（取消） U 更新 S显示</DESCRIPT>
    </SEOCOMPOTX>
    <SEOCOMPOTX>
     <CLSNAME>ZCL_HR_VACATION_APPLY_REQUEST</CLSNAME>
     <CMPNAME>CHECK_BRJ</CMPNAME>
     <LANGU>1</LANGU>
     <DESCRIPT>哺乳假特别控制</DESCRIPT>
    </SEOCOMPOTX>
    <SEOCOMPOTX>
     <CLSNAME>ZCL_HR_VACATION_APPLY_REQUEST</CLSNAME>
     <CMPNAME>CHECK_BRJSC</CMPNAME>
     <LANGU>1</LANGU>
     <DESCRIPT>哺乳假时长控制</DESCRIPT>
    </SEOCOMPOTX>
    <SEOCOMPOTX>
     <CLSNAME>ZCL_HR_VACATION_APPLY_REQUEST</CLSNAME>
     <CMPNAME>CHECK_CBJ</CMPNAME>
     <LANGU>1</LANGU>
     <DESCRIPT>长病假检查</DESCRIPT>
    </SEOCOMPOTX>
    <SEOCOMPOTX>
     <CLSNAME>ZCL_HR_VACATION_APPLY_REQUEST</CLSNAME>
     <CMPNAME>CHECK_DATE</CMPNAME>
     <LANGU>1</LANGU>
     <DESCRIPT>日期检查</DESCRIPT>
    </SEOCOMPOTX>
    <SEOCOMPOTX>
     <CLSNAME>ZCL_HR_VACATION_APPLY_REQUEST</CLSNAME>
     <CMPNAME>CHECK_DINGEJ</CMPNAME>
     <LANGU>1</LANGU>
     <DESCRIPT>定额假检查</DESCRIPT>
    </SEOCOMPOTX>
    <SEOCOMPOTX>
     <CLSNAME>ZCL_HR_VACATION_APPLY_REQUEST</CLSNAME>
     <CMPNAME>CHECK_DJCT</CMPNAME>
     <LANGU>1</LANGU>
     <DESCRIPT>检查是否有单据冲突</DESCRIPT>
    </SEOCOMPOTX>
    <SEOCOMPOTX>
     <CLSNAME>ZCL_HR_VACATION_APPLY_REQUEST</CLSNAME>
     <CMPNAME>CHECK_KZFW</CMPNAME>
     <LANGU>1</LANGU>
     <DESCRIPT>控制范围检查</DESCRIPT>
    </SEOCOMPOTX>
    <SEOCOMPOTX>
     <CLSNAME>ZCL_HR_VACATION_APPLY_REQUEST</CLSNAME>
     <CMPNAME>CHECK_QUETO</CMPNAME>
     <LANGU>1</LANGU>
     <DESCRIPT>定额检查</DESCRIPT>
    </SEOCOMPOTX>
    <SEOCOMPOTX>
     <CLSNAME>ZCL_HR_VACATION_APPLY_REQUEST</CLSNAME>
     <CMPNAME>CHECK_QUETO_AVILIBLE</CMPNAME>
     <LANGU>1</LANGU>
     <DESCRIPT>检查是否有可用期</DESCRIPT>
    </SEOCOMPOTX>
    <SEOCOMPOTX>
     <CLSNAME>ZCL_HR_VACATION_APPLY_REQUEST</CLSNAME>
     <CMPNAME>CHECK_QUETO_SUB</CMPNAME>
     <LANGU>1</LANGU>
     <DESCRIPT>子检查</DESCRIPT>
    </SEOCOMPOTX>
    <SEOCOMPOTX>
     <CLSNAME>ZCL_HR_VACATION_APPLY_REQUEST</CLSNAME>
     <CMPNAME>CHECK_TDXJLX</CMPNAME>
     <LANGU>1</LANGU>
     <DESCRIPT>特定休假类型检查</DESCRIPT>
    </SEOCOMPOTX>
    <SEOCOMPOTX>
     <CLSNAME>ZCL_HR_VACATION_APPLY_REQUEST</CLSNAME>
     <CMPNAME>CHECK_TICKET</CMPNAME>
     <LANGU>1</LANGU>
     <DESCRIPT>机票检查</DESCRIPT>
    </SEOCOMPOTX>
    <SEOCOMPOTX>
     <CLSNAME>ZCL_HR_VACATION_APPLY_REQUEST</CLSNAME>
     <CMPNAME>CHECK_XJSX</CMPNAME>
     <LANGU>1</LANGU>
     <DESCRIPT>休假顺序控制</DESCRIPT>
    </SEOCOMPOTX>
    <SEOCOMPOTX>
     <CLSNAME>ZCL_HR_VACATION_APPLY_REQUEST</CLSNAME>
     <CMPNAME>CHECK_YJJCJ</CMPNAME>
     <LANGU>1</LANGU>
     <DESCRIPT>孕检假必须在产假之前休完</DESCRIPT>
    </SEOCOMPOTX>
    <SEOCOMPOTX>
     <CLSNAME>ZCL_HR_VACATION_APPLY_REQUEST</CLSNAME>
     <CMPNAME>CHECK_ZXQJS</CMPNAME>
     <LANGU>1</LANGU>
     <DESCRIPT>最小请假时数</DESCRIPT>
    </SEOCOMPOTX>
    <SEOCOMPOTX>
     <CLSNAME>ZCL_HR_VACATION_APPLY_REQUEST</CLSNAME>
     <CMPNAME>C_AWART_1130</CMPNAME>
     <LANGU>1</LANGU>
     <DESCRIPT>出勤或缺勤类型</DESCRIPT>
    </SEOCOMPOTX>
    <SEOCOMPOTX>
     <CLSNAME>ZCL_HR_VACATION_APPLY_REQUEST</CLSNAME>
     <CMPNAME>C_AWART_1140</CMPNAME>
     <LANGU>1</LANGU>
     <DESCRIPT>出勤或缺勤类型</DESCRIPT>
    </SEOCOMPOTX>
    <SEOCOMPOTX>
     <CLSNAME>ZCL_HR_VACATION_APPLY_REQUEST</CLSNAME>
     <CMPNAME>C_BTYPE_XJSQ</CMPNAME>
     <LANGU>1</LANGU>
     <DESCRIPT>业务类型</DESCRIPT>
    </SEOCOMPOTX>
    <SEOCOMPOTX>
     <CLSNAME>ZCL_HR_VACATION_APPLY_REQUEST</CLSNAME>
     <CMPNAME>C_CTYPE_1050</CMPNAME>
     <LANGU>1</LANGU>
     <DESCRIPT>1050</DESCRIPT>
    </SEOCOMPOTX>
    <SEOCOMPOTX>
     <CLSNAME>ZCL_HR_VACATION_APPLY_REQUEST</CLSNAME>
     <CMPNAME>C_CTYPE_1055</CMPNAME>
     <LANGU>1</LANGU>
     <DESCRIPT>1055</DESCRIPT>
    </SEOCOMPOTX>
    <SEOCOMPOTX>
     <CLSNAME>ZCL_HR_VACATION_APPLY_REQUEST</CLSNAME>
     <CMPNAME>C_DTYPE_19</CMPNAME>
     <LANGU>1</LANGU>
     <DESCRIPT>定额类型19</DESCRIPT>
    </SEOCOMPOTX>
    <SEOCOMPOTX>
     <CLSNAME>ZCL_HR_VACATION_APPLY_REQUEST</CLSNAME>
     <CMPNAME>C_DTYPE_21</CMPNAME>
     <LANGU>1</LANGU>
     <DESCRIPT>定额类型21</DESCRIPT>
    </SEOCOMPOTX>
    <SEOCOMPOTX>
     <CLSNAME>ZCL_HR_VACATION_APPLY_REQUEST</CLSNAME>
     <CMPNAME>C_DTYPE_23</CMPNAME>
     <LANGU>1</LANGU>
     <DESCRIPT>定额类型23</DESCRIPT>
    </SEOCOMPOTX>
    <SEOCOMPOTX>
     <CLSNAME>ZCL_HR_VACATION_APPLY_REQUEST</CLSNAME>
     <CMPNAME>C_DTYPE_25</CMPNAME>
     <LANGU>1</LANGU>
     <DESCRIPT>定额类型25</DESCRIPT>
    </SEOCOMPOTX>
    <SEOCOMPOTX>
     <CLSNAME>ZCL_HR_VACATION_APPLY_REQUEST</CLSNAME>
     <CMPNAME>C_DTYPE_27</CMPNAME>
     <LANGU>1</LANGU>
     <DESCRIPT>定额类型27</DESCRIPT>
    </SEOCOMPOTX>
    <SEOCOMPOTX>
     <CLSNAME>ZCL_HR_VACATION_APPLY_REQUEST</CLSNAME>
     <CMPNAME>C_DTYPE_29</CMPNAME>
     <LANGU>1</LANGU>
     <DESCRIPT>定额类型29</DESCRIPT>
    </SEOCOMPOTX>
    <SEOCOMPOTX>
     <CLSNAME>ZCL_HR_VACATION_APPLY_REQUEST</CLSNAME>
     <CMPNAME>C_DTYPE_31</CMPNAME>
     <LANGU>1</LANGU>
     <DESCRIPT>定额类型31</DESCRIPT>
    </SEOCOMPOTX>
    <SEOCOMPOTX>
     <CLSNAME>ZCL_HR_VACATION_APPLY_REQUEST</CLSNAME>
     <CMPNAME>C_DTYPE_33</CMPNAME>
     <LANGU>1</LANGU>
     <DESCRIPT>定额类型33</DESCRIPT>
    </SEOCOMPOTX>
    <SEOCOMPOTX>
     <CLSNAME>ZCL_HR_VACATION_APPLY_REQUEST</CLSNAME>
     <CMPNAME>C_FAMILY_11</CMPNAME>
     <LANGU>1</LANGU>
     <DESCRIPT>父亲</DESCRIPT>
    </SEOCOMPOTX>
    <SEOCOMPOTX>
     <CLSNAME>ZCL_HR_VACATION_APPLY_REQUEST</CLSNAME>
     <CMPNAME>C_FAMILY_12</CMPNAME>
     <LANGU>1</LANGU>
     <DESCRIPT>母亲</DESCRIPT>
    </SEOCOMPOTX>
    <SEOCOMPOTX>
     <CLSNAME>ZCL_HR_VACATION_APPLY_REQUEST</CLSNAME>
     <CMPNAME>C_FAMILY_9001</CMPNAME>
     <LANGU>1</LANGU>
     <DESCRIPT>夫</DESCRIPT>
    </SEOCOMPOTX>
    <SEOCOMPOTX>
     <CLSNAME>ZCL_HR_VACATION_APPLY_REQUEST</CLSNAME>
     <CMPNAME>C_FAMILY_9002</CMPNAME>
     <LANGU>1</LANGU>
     <DESCRIPT>妻子</DESCRIPT>
    </SEOCOMPOTX>
    <SEOCOMPOTX>
     <CLSNAME>ZCL_HR_VACATION_APPLY_REQUEST</CLSNAME>
     <CMPNAME>C_FAMILY_9003</CMPNAME>
     <LANGU>1</LANGU>
     <DESCRIPT>子</DESCRIPT>
    </SEOCOMPOTX>
    <SEOCOMPOTX>
     <CLSNAME>ZCL_HR_VACATION_APPLY_REQUEST</CLSNAME>
     <CMPNAME>C_FAMILY_9004</CMPNAME>
     <LANGU>1</LANGU>
     <DESCRIPT>女</DESCRIPT>
    </SEOCOMPOTX>
    <SEOCOMPOTX>
     <CLSNAME>ZCL_HR_VACATION_APPLY_REQUEST</CLSNAME>
     <CMPNAME>C_FAMILY_9007</CMPNAME>
     <LANGU>1</LANGU>
     <DESCRIPT>公</DESCRIPT>
    </SEOCOMPOTX>
    <SEOCOMPOTX>
     <CLSNAME>ZCL_HR_VACATION_APPLY_REQUEST</CLSNAME>
     <CMPNAME>C_FAMILY_9008</CMPNAME>
     <LANGU>1</LANGU>
     <DESCRIPT>婆</DESCRIPT>
    </SEOCOMPOTX>
    <SEOCOMPOTX>
     <CLSNAME>ZCL_HR_VACATION_APPLY_REQUEST</CLSNAME>
     <CMPNAME>C_FAMILY_9009</CMPNAME>
     <LANGU>1</LANGU>
     <DESCRIPT>岳父</DESCRIPT>
    </SEOCOMPOTX>
    <SEOCOMPOTX>
     <CLSNAME>ZCL_HR_VACATION_APPLY_REQUEST</CLSNAME>
     <CMPNAME>C_FAMILY_9010</CMPNAME>
     <LANGU>1</LANGU>
     <DESCRIPT>岳母</DESCRIPT>
    </SEOCOMPOTX>
    <SEOCOMPOTX>
     <CLSNAME>ZCL_HR_VACATION_APPLY_REQUEST</CLSNAME>
     <CMPNAME>C_KTART_01</CMPNAME>
     <LANGU>1</LANGU>
     <DESCRIPT>出勤或缺勤限额类型</DESCRIPT>
    </SEOCOMPOTX>
    <SEOCOMPOTX>
     <CLSNAME>ZCL_HR_VACATION_APPLY_REQUEST</CLSNAME>
     <CMPNAME>C_KTART_02</CMPNAME>
     <LANGU>1</LANGU>
     <DESCRIPT>出勤或缺勤限额类型</DESCRIPT>
    </SEOCOMPOTX>
    <SEOCOMPOTX>
     <CLSNAME>ZCL_HR_VACATION_APPLY_REQUEST</CLSNAME>
     <CMPNAME>C_KTART_05</CMPNAME>
     <LANGU>1</LANGU>
     <DESCRIPT>出勤或缺勤限额类型</DESCRIPT>
    </SEOCOMPOTX>
    <SEOCOMPOTX>
     <CLSNAME>ZCL_HR_VACATION_APPLY_REQUEST</CLSNAME>
     <CMPNAME>C_KTART_06</CMPNAME>
     <LANGU>1</LANGU>
     <DESCRIPT>出勤或缺勤限额类型</DESCRIPT>
    </SEOCOMPOTX>
    <SEOCOMPOTX>
     <CLSNAME>ZCL_HR_VACATION_APPLY_REQUEST</CLSNAME>
     <CMPNAME>C_KTART_07</CMPNAME>
     <LANGU>1</LANGU>
     <DESCRIPT>出勤或缺勤限额类型</DESCRIPT>
    </SEOCOMPOTX>
    <SEOCOMPOTX>
     <CLSNAME>ZCL_HR_VACATION_APPLY_REQUEST</CLSNAME>
     <CMPNAME>C_KTART_62</CMPNAME>
     <LANGU>1</LANGU>
     <DESCRIPT>出勤或缺勤限额类型</DESCRIPT>
    </SEOCOMPOTX>
    <SEOCOMPOTX>
     <CLSNAME>ZCL_HR_VACATION_APPLY_REQUEST</CLSNAME>
     <CMPNAME>C_KTART_72</CMPNAME>
     <LANGU>1</LANGU>
     <DESCRIPT>出勤或缺勤限额类型</DESCRIPT>
    </SEOCOMPOTX>
    <SEOCOMPOTX>
     <CLSNAME>ZCL_HR_VACATION_APPLY_REQUEST</CLSNAME>
     <CMPNAME>C_KTYPE_P001</CMPNAME>
     <LANGU>1</LANGU>
     <DESCRIPT>业务类型 P001</DESCRIPT>
    </SEOCOMPOTX>
    <SEOCOMPOTX>
     <CLSNAME>ZCL_HR_VACATION_APPLY_REQUEST</CLSNAME>
     <CMPNAME>C_MOTPR_10</CMPNAME>
     <LANGU>1</LANGU>
     <DESCRIPT>日工作日程表的人事子范围分组</DESCRIPT>
    </SEOCOMPOTX>
    <SEOCOMPOTX>
     <CLSNAME>ZCL_HR_VACATION_APPLY_REQUEST</CLSNAME>
     <CMPNAME>C_QTYPE_1010</CMPNAME>
     <LANGU>1</LANGU>
     <DESCRIPT>请假类型1010</DESCRIPT>
    </SEOCOMPOTX>
    <SEOCOMPOTX>
     <CLSNAME>ZCL_HR_VACATION_APPLY_REQUEST</CLSNAME>
     <CMPNAME>C_QTYPE_1020</CMPNAME>
     <LANGU>1</LANGU>
     <DESCRIPT>请假类型1020</DESCRIPT>
    </SEOCOMPOTX>
    <SEOCOMPOTX>
     <CLSNAME>ZCL_HR_VACATION_APPLY_REQUEST</CLSNAME>
     <CMPNAME>C_QTYPE_1040</CMPNAME>
     <LANGU>1</LANGU>
     <DESCRIPT>请假类型1040</DESCRIPT>
    </SEOCOMPOTX>
    <SEOCOMPOTX>
     <CLSNAME>ZCL_HR_VACATION_APPLY_REQUEST</CLSNAME>
     <CMPNAME>C_QTYPE_1050</CMPNAME>
     <LANGU>1</LANGU>
     <DESCRIPT>定额类型1050</DESCRIPT>
    </SEOCOMPOTX>
    <SEOCOMPOTX>
     <CLSNAME>ZCL_HR_VACATION_APPLY_REQUEST</CLSNAME>
     <CMPNAME>C_QTYPE_1060</CMPNAME>
     <LANGU>1</LANGU>
     <DESCRIPT>请假类型</DESCRIPT>
    </SEOCOMPOTX>
    <SEOCOMPOTX>
     <CLSNAME>ZCL_HR_VACATION_APPLY_REQUEST</CLSNAME>
     <CMPNAME>C_QTYPE_1070</CMPNAME>
     <LANGU>1</LANGU>
     <DESCRIPT>请假类型</DESCRIPT>
    </SEOCOMPOTX>
    <SEOCOMPOTX>
     <CLSNAME>ZCL_HR_VACATION_APPLY_REQUEST</CLSNAME>
     <CMPNAME>C_QTYPE_1090</CMPNAME>
     <LANGU>1</LANGU>
     <DESCRIPT>请假类型1090</DESCRIPT>
    </SEOCOMPOTX>
    <SEOCOMPOTX>
     <CLSNAME>ZCL_HR_VACATION_APPLY_REQUEST</CLSNAME>
     <CMPNAME>C_QTYPE_1100</CMPNAME>
     <LANGU>1</LANGU>
     <DESCRIPT>请假类型1100</DESCRIPT>
    </SEOCOMPOTX>
    <SEOCOMPOTX>
     <CLSNAME>ZCL_HR_VACATION_APPLY_REQUEST</CLSNAME>
     <CMPNAME>C_QTYPE_1110</CMPNAME>
     <LANGU>1</LANGU>
     <DESCRIPT>请假类型1110</DESCRIPT>
    </SEOCOMPOTX>
    <SEOCOMPOTX>
     <CLSNAME>ZCL_HR_VACATION_APPLY_REQUEST</CLSNAME>
     <CMPNAME>C_QTYPE_1120</CMPNAME>
     <LANGU>1</LANGU>
     <DESCRIPT>请假类型1120</DESCRIPT>
    </SEOCOMPOTX>
    <SEOCOMPOTX>
     <CLSNAME>ZCL_HR_VACATION_APPLY_REQUEST</CLSNAME>
     <CMPNAME>C_QTYPE_1130</CMPNAME>
     <LANGU>1</LANGU>
     <DESCRIPT>请假类型1130</DESCRIPT>
    </SEOCOMPOTX>
    <SEOCOMPOTX>
     <CLSNAME>ZCL_HR_VACATION_APPLY_REQUEST</CLSNAME>
     <CMPNAME>C_QTYPE_1140</CMPNAME>
     <LANGU>1</LANGU>
     <DESCRIPT>请假类型1140</DESCRIPT>
    </SEOCOMPOTX>
    <SEOCOMPOTX>
     <CLSNAME>ZCL_HR_VACATION_APPLY_REQUEST</CLSNAME>
     <CMPNAME>C_QTYPE_1150</CMPNAME>
     <LANGU>1</LANGU>
     <DESCRIPT>请假类型1150</DESCRIPT>
    </SEOCOMPOTX>
    <SEOCOMPOTX>
     <CLSNAME>ZCL_HR_VACATION_APPLY_REQUEST</CLSNAME>
     <CMPNAME>C_QTYPE_1160</CMPNAME>
     <LANGU>1</LANGU>
     <DESCRIPT>请假类型</DESCRIPT>
    </SEOCOMPOTX>
    <SEOCOMPOTX>
     <CLSNAME>ZCL_HR_VACATION_APPLY_REQUEST</CLSNAME>
     <CMPNAME>C_QTYPE_1170</CMPNAME>
     <LANGU>1</LANGU>
     <DESCRIPT>请假类型1170</DESCRIPT>
    </SEOCOMPOTX>
    <SEOCOMPOTX>
     <CLSNAME>ZCL_HR_VACATION_APPLY_REQUEST</CLSNAME>
     <CMPNAME>DATA_CHECK</CMPNAME>
     <LANGU>1</LANGU>
     <DESCRIPT>数据检查</DESCRIPT>
    </SEOCOMPOTX>
    <SEOCOMPOTX>
     <CLSNAME>ZCL_HR_VACATION_APPLY_REQUEST</CLSNAME>
     <CMPNAME>DATA_COMMIT</CMPNAME>
     <LANGU>1</LANGU>
     <DESCRIPT>提交数据</DESCRIPT>
    </SEOCOMPOTX>
    <SEOCOMPOTX>
     <CLSNAME>ZCL_HR_VACATION_APPLY_REQUEST</CLSNAME>
     <CMPNAME>DATA_SAVE_ALL</CMPNAME>
     <LANGU>1</LANGU>
     <DESCRIPT>批量保存数据</DESCRIPT>
    </SEOCOMPOTX>
    <SEOCOMPOTX>
     <CLSNAME>ZCL_HR_VACATION_APPLY_REQUEST</CLSNAME>
     <CMPNAME>DELETE_ADD_INFO</CMPNAME>
     <LANGU>1</LANGU>
     <DESCRIPT>根据指定SEQNR，删除对应节点的数据</DESCRIPT>
    </SEOCOMPOTX>
    <SEOCOMPOTX>
     <CLSNAME>ZCL_HR_VACATION_APPLY_REQUEST</CLSNAME>
     <CMPNAME>GET_ATEXT</CMPNAME>
     <LANGU>1</LANGU>
     <DESCRIPT>获取请假类型文本</DESCRIPT>
    </SEOCOMPOTX>
    <SEOCOMPOTX>
     <CLSNAME>ZCL_HR_VACATION_APPLY_REQUEST</CLSNAME>
     <CMPNAME>GET_ATTRIBUT</CMPNAME>
     <LANGU>1</LANGU>
     <DESCRIPT>获取属性</DESCRIPT>
    </SEOCOMPOTX>
    <SEOCOMPOTX>
     <CLSNAME>ZCL_HR_VACATION_APPLY_REQUEST</CLSNAME>
     <CMPNAME>GET_BUKRS_NAME</CMPNAME>
     <LANGU>1</LANGU>
     <DESCRIPT>获取公司名称</DESCRIPT>
    </SEOCOMPOTX>
    <SEOCOMPOTX>
     <CLSNAME>ZCL_HR_VACATION_APPLY_REQUEST</CLSNAME>
     <CMPNAME>GET_DESJ</CMPNAME>
     <LANGU>1</LANGU>
     <DESCRIPT>获取定额数据</DESCRIPT>
    </SEOCOMPOTX>
    <SEOCOMPOTX>
     <CLSNAME>ZCL_HR_VACATION_APPLY_REQUEST</CLSNAME>
     <CMPNAME>GET_NAME</CMPNAME>
     <LANGU>1</LANGU>
     <DESCRIPT>获取姓名</DESCRIPT>
    </SEOCOMPOTX>
    <SEOCOMPOTX>
     <CLSNAME>ZCL_HR_VACATION_APPLY_REQUEST</CLSNAME>
     <CMPNAME>GET_NEXT_SEQNR</CMPNAME>
     <LANGU>1</LANGU>
     <DESCRIPT>获取下一个</DESCRIPT>
    </SEOCOMPOTX>
    <SEOCOMPOTX>
     <CLSNAME>ZCL_HR_VACATION_APPLY_REQUEST</CLSNAME>
     <CMPNAME>GET_ORGEH_ORGTX</CMPNAME>
     <LANGU>1</LANGU>
     <DESCRIPT>获取员工所在部门及部门文本</DESCRIPT>
    </SEOCOMPOTX>
    <SEOCOMPOTX>
     <CLSNAME>ZCL_HR_VACATION_APPLY_REQUEST</CLSNAME>
     <CMPNAME>GET_QJLX</CMPNAME>
     <LANGU>1</LANGU>
     <DESCRIPT>获取请假类型</DESCRIPT>
    </SEOCOMPOTX>
    <SEOCOMPOTX>
     <CLSNAME>ZCL_HR_VACATION_APPLY_REQUEST</CLSNAME>
     <CMPNAME>GET_QJSJ</CMPNAME>
     <LANGU>1</LANGU>
     <DESCRIPT>获取请假时间</DESCRIPT>
    </SEOCOMPOTX>
    <SEOCOMPOTX>
     <CLSNAME>ZCL_HR_VACATION_APPLY_REQUEST</CLSNAME>
     <CMPNAME>GET_QUOTA</CMPNAME>
     <LANGU>1</LANGU>
     <DESCRIPT>获取定额类型</DESCRIPT>
    </SEOCOMPOTX>
    <SEOCOMPOTX>
     <CLSNAME>ZCL_HR_VACATION_APPLY_REQUEST</CLSNAME>
     <CMPNAME>GET_QUOTA_ALL</CMPNAME>
     <LANGU>1</LANGU>
     <DESCRIPT>获取定额类型</DESCRIPT>
    </SEOCOMPOTX>
    <SEOCOMPOTX>
     <CLSNAME>ZCL_HR_VACATION_APPLY_REQUEST</CLSNAME>
     <CMPNAME>GET_SELECT_ELEMENT</CMPNAME>
     <LANGU>1</LANGU>
     <DESCRIPT>获取选择行</DESCRIPT>
    </SEOCOMPOTX>
    <SEOCOMPOTX>
     <CLSNAME>ZCL_HR_VACATION_APPLY_REQUEST</CLSNAME>
     <CMPNAME>READ_WORK_SCHE</CMPNAME>
     <LANGU>1</LANGU>
     <DESCRIPT>读取员工工作计划</DESCRIPT>
    </SEOCOMPOTX>
    <SEOCOMPOTX>
     <CLSNAME>ZCL_HR_VACATION_APPLY_REQUEST</CLSNAME>
     <CMPNAME>UPDATE_ALL_TABLE_DATA</CMPNAME>
     <LANGU>1</LANGU>
     <DESCRIPT>实时更新ALL表数据</DESCRIPT>
    </SEOCOMPOTX>
   </DESCRIPTIONS>
  </asx:values>
 </asx:abap>
</abapGit>
