﻿<?xml version="1.0" encoding="utf-8"?>
<abapGit version="v1.0.0" serializer="LCL_OBJECT_CLAS" serializer_version="v1.0.0">
 <asx:abap xmlns:asx="http://www.sap.com/abapxml" version="1.0">
  <asx:values>
   <VSEOCLASS>
    <CLSNAME>ZCL_HR_MSG_UTILITES</CLSNAME>
    <VERSION>1</VERSION>
    <LANGU>1</LANGU>
    <DESCRIPT>消息工具类</DESCRIPT>
    <STATE>1</STATE>
    <CLSCCINCL>X</CLSCCINCL>
    <FIXPT>X</FIXPT>
    <UNICODE>X</UNICODE>
   </VSEOCLASS>
   <DESCRIPTIONS>
    <SEOCOMPOTX>
     <CLSNAME>ZCL_HR_MSG_UTILITES</CLSNAME>
     <CMPNAME>BUILD_MESSAGE_TEXT</CMPNAME>
     <LANGU>1</LANGU>
     <DESCRIPT>Build message text</DESCRIPT>
    </SEOCOMPOTX>
    <SEOCOMPOTX>
     <CLSNAME>ZCL_HR_MSG_UTILITES</CLSNAME>
     <CMPNAME>FILL_BAPIRET2</CMPNAME>
     <LANGU>1</LANGU>
     <DESCRIPT>Fill bapiret2</DESCRIPT>
    </SEOCOMPOTX>
    <SEOCOMPOTX>
     <CLSNAME>ZCL_HR_MSG_UTILITES</CLSNAME>
     <CMPNAME>IS_ERROR</CMPNAME>
     <LANGU>1</LANGU>
     <DESCRIPT>Is has error</DESCRIPT>
    </SEOCOMPOTX>
   </DESCRIPTIONS>
  </asx:values>
 </asx:abap>
</abapGit>
