﻿<?xml version="1.0" encoding="utf-8"?>
<abapGit version="v1.0.0" serializer="LCL_OBJECT_CLAS" serializer_version="v1.0.0">
 <asx:abap xmlns:asx="http://www.sap.com/abapxml" version="1.0">
  <asx:values>
   <VSEOCLASS>
    <CLSNAME>ZCL_HR_GUIBB_LIST</CLSNAME>
    <VERSION>1</VERSION>
    <LANGU>1</LANGU>
    <DESCRIPT>List GUIBB Feeder</DESCRIPT>
    <STATE>1</STATE>
    <CLSCCINCL>X</CLSCCINCL>
    <FIXPT>X</FIXPT>
    <UNICODE>X</UNICODE>
   </VSEOCLASS>
   <DESCRIPTIONS>
    <SEOCOMPOTX>
     <CLSNAME>ZCL_HR_GUIBB_LIST</CLSNAME>
     <CMPNAME>CHECK</CMPNAME>
     <LANGU>1</LANGU>
     <DESCRIPT>Check data</DESCRIPT>
    </SEOCOMPOTX>
    <SEOCOMPOTX>
     <CLSNAME>ZCL_HR_GUIBB_LIST</CLSNAME>
     <CMPNAME>FLUSH</CMPNAME>
     <LANGU>1</LANGU>
     <DESCRIPT>Flush</DESCRIPT>
    </SEOCOMPOTX>
    <SEOCOMPOTX>
     <CLSNAME>ZCL_HR_GUIBB_LIST</CLSNAME>
     <CMPNAME>GET_DND_DEFINITION</CMPNAME>
     <LANGU>1</LANGU>
     <DESCRIPT>Get drag-n-drop definition</DESCRIPT>
    </SEOCOMPOTX>
    <SEOCOMPOTX>
     <CLSNAME>ZCL_HR_GUIBB_LIST</CLSNAME>
     <CMPNAME>GET_FIELDS</CMPNAME>
     <LANGU>1</LANGU>
     <DESCRIPT>Get field description</DESCRIPT>
    </SEOCOMPOTX>
    <SEOCOMPOTX>
     <CLSNAME>ZCL_HR_GUIBB_LIST</CLSNAME>
     <CMPNAME>GET_OPTIONS</CMPNAME>
     <LANGU>1</LANGU>
     <DESCRIPT>Get options</DESCRIPT>
    </SEOCOMPOTX>
    <SEOCOMPOTX>
     <CLSNAME>ZCL_HR_GUIBB_LIST</CLSNAME>
     <CMPNAME>MC_EVENT_ADD_ROW</CMPNAME>
     <LANGU>1</LANGU>
     <DESCRIPT>Add row</DESCRIPT>
    </SEOCOMPOTX>
    <SEOCOMPOTX>
     <CLSNAME>ZCL_HR_GUIBB_LIST</CLSNAME>
     <CMPNAME>MC_EVENT_ADD_ROW1</CMPNAME>
     <LANGU>1</LANGU>
     <DESCRIPT>Add row1</DESCRIPT>
    </SEOCOMPOTX>
    <SEOCOMPOTX>
     <CLSNAME>ZCL_HR_GUIBB_LIST</CLSNAME>
     <CMPNAME>MC_EVENT_DEL_ROW</CMPNAME>
     <LANGU>1</LANGU>
     <DESCRIPT>Delete row</DESCRIPT>
    </SEOCOMPOTX>
    <SEOCOMPOTX>
     <CLSNAME>ZCL_HR_GUIBB_LIST</CLSNAME>
     <CMPNAME>MC_EVENT_DEL_ROW1</CMPNAME>
     <LANGU>1</LANGU>
     <DESCRIPT>Delete row1</DESCRIPT>
    </SEOCOMPOTX>
    <SEOCOMPOTX>
     <CLSNAME>ZCL_HR_GUIBB_LIST</CLSNAME>
     <CMPNAME>MC_EVENT_ZSF</CMPNAME>
     <LANGU>1</LANGU>
     <DESCRIPT>是否五险相同</DESCRIPT>
    </SEOCOMPOTX>
    <SEOCOMPOTX>
     <CLSNAME>ZCL_HR_GUIBB_LIST</CLSNAME>
     <CMPNAME>MT_FIELD_DESCRIPTION</CMPNAME>
     <LANGU>1</LANGU>
     <DESCRIPT>GUIBB List Field Description</DESCRIPT>
    </SEOCOMPOTX>
    <SEOCOMPOTX>
     <CLSNAME>ZCL_HR_GUIBB_LIST</CLSNAME>
     <CMPNAME>ON_ADD_ROW</CMPNAME>
     <LANGU>1</LANGU>
     <DESCRIPT>Process Add Row</DESCRIPT>
    </SEOCOMPOTX>
    <SEOCOMPOTX>
     <CLSNAME>ZCL_HR_GUIBB_LIST</CLSNAME>
     <CMPNAME>ON_ADD_ROW1</CMPNAME>
     <LANGU>1</LANGU>
     <DESCRIPT>Process Add Row1</DESCRIPT>
    </SEOCOMPOTX>
    <SEOCOMPOTX>
     <CLSNAME>ZCL_HR_GUIBB_LIST</CLSNAME>
     <CMPNAME>ON_DEL_ROW</CMPNAME>
     <LANGU>1</LANGU>
     <DESCRIPT>Process Delete Row</DESCRIPT>
    </SEOCOMPOTX>
    <SEOCOMPOTX>
     <CLSNAME>ZCL_HR_GUIBB_LIST</CLSNAME>
     <CMPNAME>ON_DEL_ROW1</CMPNAME>
     <LANGU>1</LANGU>
     <DESCRIPT>Process Delete Row1</DESCRIPT>
    </SEOCOMPOTX>
    <SEOCOMPOTX>
     <CLSNAME>ZCL_HR_GUIBB_LIST</CLSNAME>
     <CMPNAME>ON_ZSF</CMPNAME>
     <LANGU>1</LANGU>
     <DESCRIPT>Process ZSF</DESCRIPT>
    </SEOCOMPOTX>
    <SEOCOMPOTX>
     <CLSNAME>ZCL_HR_GUIBB_LIST</CLSNAME>
     <CMPNAME>SET_SELECTED_LINES</CMPNAME>
     <LANGU>1</LANGU>
     <DESCRIPT>Set selectd lines</DESCRIPT>
    </SEOCOMPOTX>
   </DESCRIPTIONS>
  </asx:values>
 </asx:abap>
</abapGit>
