﻿<?xml version="1.0" encoding="utf-8"?>
<abapGit version="v1.0.0" serializer="LCL_OBJECT_CLAS" serializer_version="v1.0.0">
 <asx:abap xmlns:asx="http://www.sap.com/abapxml" version="1.0">
  <asx:values>
   <VSEOCLASS>
    <CLSNAME>ZCL_HR_TEMPORARY_CARD_REQUEST</CLSNAME>
    <VERSION>1</VERSION>
    <LANGU>1</LANGU>
    <DESCRIPT>临时卡借卡辅助类</DESCRIPT>
    <STATE>1</STATE>
    <CLSCCINCL>X</CLSCCINCL>
    <FIXPT>X</FIXPT>
    <UNICODE>X</UNICODE>
   </VSEOCLASS>
   <DESCRIPTIONS>
    <SEOCOMPOTX>
     <CLSNAME>ZCL_HR_TEMPORARY_CARD_REQUEST</CLSNAME>
     <CMPNAME>GET_HISTORY_VERSION</CMPNAME>
     <LANGU>1</LANGU>
     <DESCRIPT>获取历史版本LIST清单</DESCRIPT>
    </SEOCOMPOTX>
    <SEOCOMPOTX>
     <CLSNAME>ZCL_HR_TEMPORARY_CARD_REQUEST</CLSNAME>
     <CMPNAME>GET_HISTORY_VERSION_DETAIL</CMPNAME>
     <LANGU>1</LANGU>
     <DESCRIPT>获取历史版本详细数据</DESCRIPT>
    </SEOCOMPOTX>
    <SEOCOMPOTX>
     <CLSNAME>ZCL_HR_TEMPORARY_CARD_REQUEST</CLSNAME>
     <CMPNAME>VER_DELTAIL</CMPNAME>
     <LANGU>1</LANGU>
     <DESCRIPT>临时卡借记卡历史记录明细表</DESCRIPT>
    </SEOCOMPOTX>
    <SEOCOMPOTX>
     <CLSNAME>ZCL_HR_TEMPORARY_CARD_REQUEST</CLSNAME>
     <CMPNAME>VER_KEY</CMPNAME>
     <LANGU>1</LANGU>
     <DESCRIPT>历史版本KEY值结构</DESCRIPT>
    </SEOCOMPOTX>
   </DESCRIPTIONS>
  </asx:values>
 </asx:abap>
</abapGit>
