﻿<?xml version="1.0" encoding="utf-8"?>
<abapGit version="v1.0.0" serializer="LCL_OBJECT_CLAS" serializer_version="v1.0.0">
 <asx:abap xmlns:asx="http://www.sap.com/abapxml" version="1.0">
  <asx:values>
   <VSEOCLASS>
    <CLSNAME>ZCL_HR_BO_LEAVE_APP</CLSNAME>
    <VERSION>1</VERSION>
    <LANGU>1</LANGU>
    <DESCRIPT>HR 休假申请</DESCRIPT>
    <STATE>1</STATE>
    <CLSCCINCL>X</CLSCCINCL>
    <FIXPT>X</FIXPT>
    <UNICODE>X</UNICODE>
   </VSEOCLASS>
   <DESCRIPTIONS>
    <SEOCOMPOTX>
     <CLSNAME>ZCL_HR_BO_LEAVE_APP</CLSNAME>
     <CMPNAME>ACTION_CHANGE_SRC_STATUS</CMPNAME>
     <LANGU>1</LANGU>
     <DESCRIPT>Change status of source data</DESCRIPT>
    </SEOCOMPOTX>
    <SEOCOMPOTX>
     <CLSNAME>ZCL_HR_BO_LEAVE_APP</CLSNAME>
     <CMPNAME>ACTION_SAVE</CMPNAME>
     <LANGU>1</LANGU>
     <DESCRIPT>Save</DESCRIPT>
    </SEOCOMPOTX>
    <SEOCOMPOTX>
     <CLSNAME>ZCL_HR_BO_LEAVE_APP</CLSNAME>
     <CMPNAME>ACTION_SUBMIT</CMPNAME>
     <LANGU>1</LANGU>
     <DESCRIPT>Submit</DESCRIPT>
    </SEOCOMPOTX>
    <SEOCOMPOTX>
     <CLSNAME>ZCL_HR_BO_LEAVE_APP</CLSNAME>
     <CMPNAME>ACTION_SUBMIT_ITEM</CMPNAME>
     <LANGU>1</LANGU>
     <DESCRIPT>Submit item</DESCRIPT>
    </SEOCOMPOTX>
    <SEOCOMPOTX>
     <CLSNAME>ZCL_HR_BO_LEAVE_APP</CLSNAME>
     <CMPNAME>ACTION_SUBMIT_TO_OA</CMPNAME>
     <LANGU>1</LANGU>
     <DESCRIPT>Submit to OA</DESCRIPT>
    </SEOCOMPOTX>
    <SEOCOMPOTX>
     <CLSNAME>ZCL_HR_BO_LEAVE_APP</CLSNAME>
     <CMPNAME>ADD_MESSAGE</CMPNAME>
     <LANGU>1</LANGU>
     <DESCRIPT>Add message</DESCRIPT>
    </SEOCOMPOTX>
    <SEOCOMPOTX>
     <CLSNAME>ZCL_HR_BO_LEAVE_APP</CLSNAME>
     <CMPNAME>CHECK_CONSISTENCY</CMPNAME>
     <LANGU>1</LANGU>
     <DESCRIPT>Consistency check</DESCRIPT>
    </SEOCOMPOTX>
    <SEOCOMPOTX>
     <CLSNAME>ZCL_HR_BO_LEAVE_APP</CLSNAME>
     <CMPNAME>CONSTRUCTOR</CMPNAME>
     <LANGU>1</LANGU>
     <DESCRIPT>CONSTRUCTOR</DESCRIPT>
    </SEOCOMPOTX>
    <SEOCOMPOTX>
     <CLSNAME>ZCL_HR_BO_LEAVE_APP</CLSNAME>
     <CMPNAME>DETERMINE</CMPNAME>
     <LANGU>1</LANGU>
     <DESCRIPT>Determine</DESCRIPT>
    </SEOCOMPOTX>
    <SEOCOMPOTX>
     <CLSNAME>ZCL_HR_BO_LEAVE_APP</CLSNAME>
     <CMPNAME>DETERMINE_ALTERNATE_KEY</CMPNAME>
     <LANGU>1</LANGU>
     <DESCRIPT>Determine alternate key</DESCRIPT>
    </SEOCOMPOTX>
    <SEOCOMPOTX>
     <CLSNAME>ZCL_HR_BO_LEAVE_APP</CLSNAME>
     <CMPNAME>DETERMINE_ITEM</CMPNAME>
     <LANGU>1</LANGU>
     <DESCRIPT>Determine item</DESCRIPT>
    </SEOCOMPOTX>
    <SEOCOMPOTX>
     <CLSNAME>ZCL_HR_BO_LEAVE_APP</CLSNAME>
     <CMPNAME>DETERMINE_QUOTA</CMPNAME>
     <LANGU>1</LANGU>
     <DESCRIPT>Determine quota</DESCRIPT>
    </SEOCOMPOTX>
    <SEOCOMPOTX>
     <CLSNAME>ZCL_HR_BO_LEAVE_APP</CLSNAME>
     <CMPNAME>DETERMINE_ROOT</CMPNAME>
     <LANGU>1</LANGU>
     <DESCRIPT>Determine root</DESCRIPT>
    </SEOCOMPOTX>
    <SEOCOMPOTX>
     <CLSNAME>ZCL_HR_BO_LEAVE_APP</CLSNAME>
     <CMPNAME>DETERMINE_TICKET</CMPNAME>
     <LANGU>1</LANGU>
     <DESCRIPT>Determine ticket</DESCRIPT>
    </SEOCOMPOTX>
    <SEOCOMPOTX>
     <CLSNAME>ZCL_HR_BO_LEAVE_APP</CLSNAME>
     <CMPNAME>FILL_AGENT_DATA</CMPNAME>
     <LANGU>1</LANGU>
     <DESCRIPT>Fill agent data</DESCRIPT>
    </SEOCOMPOTX>
    <SEOCOMPOTX>
     <CLSNAME>ZCL_HR_BO_LEAVE_APP</CLSNAME>
     <CMPNAME>FILL_ITEM_DATA</CMPNAME>
     <LANGU>1</LANGU>
     <DESCRIPT>Fill item data</DESCRIPT>
    </SEOCOMPOTX>
    <SEOCOMPOTX>
     <CLSNAME>ZCL_HR_BO_LEAVE_APP</CLSNAME>
     <CMPNAME>FILL_QUOTA_DATA</CMPNAME>
     <LANGU>1</LANGU>
     <DESCRIPT>Fill quota data</DESCRIPT>
    </SEOCOMPOTX>
    <SEOCOMPOTX>
     <CLSNAME>ZCL_HR_BO_LEAVE_APP</CLSNAME>
     <CMPNAME>FILL_ROOT_DATA</CMPNAME>
     <LANGU>1</LANGU>
     <DESCRIPT>Fill root data</DESCRIPT>
    </SEOCOMPOTX>
    <SEOCOMPOTX>
     <CLSNAME>ZCL_HR_BO_LEAVE_APP</CLSNAME>
     <CMPNAME>QUERY_APP_DETAILS</CMPNAME>
     <LANGU>1</LANGU>
     <DESCRIPT>Query Application Details</DESCRIPT>
    </SEOCOMPOTX>
   </DESCRIPTIONS>
  </asx:values>
 </asx:abap>
</abapGit>
