﻿<?xml version="1.0" encoding="utf-8"?>
<abapGit version="v1.0.0" serializer="LCL_OBJECT_CLAS" serializer_version="v1.0.0">
 <asx:abap xmlns:asx="http://www.sap.com/abapxml" version="1.0">
  <asx:values>
   <VSEOCLASS>
    <CLSNAME>ZCL_HR_EMPLOYE_NEED_REQUEST</CLSNAME>
    <VERSION>1</VERSION>
    <LANGU>1</LANGU>
    <DESCRIPT>人员需求CLASS</DESCRIPT>
    <STATE>1</STATE>
    <CLSCCINCL>X</CLSCCINCL>
    <FIXPT>X</FIXPT>
    <UNICODE>X</UNICODE>
   </VSEOCLASS>
   <DESCRIPTIONS>
    <SEOCOMPOTX>
     <CLSNAME>ZCL_HR_EMPLOYE_NEED_REQUEST</CLSNAME>
     <CMPNAME>CHECK_DATE</CMPNAME>
     <LANGU>1</LANGU>
     <DESCRIPT>日期检查</DESCRIPT>
    </SEOCOMPOTX>
    <SEOCOMPOTX>
     <CLSNAME>ZCL_HR_EMPLOYE_NEED_REQUEST</CLSNAME>
     <CMPNAME>DATA_CHECK</CMPNAME>
     <LANGU>1</LANGU>
     <DESCRIPT>数据检查</DESCRIPT>
    </SEOCOMPOTX>
    <SEOCOMPOTX>
     <CLSNAME>ZCL_HR_EMPLOYE_NEED_REQUEST</CLSNAME>
     <CMPNAME>DATA_COMMIT</CMPNAME>
     <LANGU>1</LANGU>
     <DESCRIPT>提交数据</DESCRIPT>
    </SEOCOMPOTX>
    <SEOCOMPOTX>
     <CLSNAME>ZCL_HR_EMPLOYE_NEED_REQUEST</CLSNAME>
     <CMPNAME>GET_ATTRIBUT</CMPNAME>
     <LANGU>1</LANGU>
     <DESCRIPT>获取属性</DESCRIPT>
    </SEOCOMPOTX>
    <SEOCOMPOTX>
     <CLSNAME>ZCL_HR_EMPLOYE_NEED_REQUEST</CLSNAME>
     <CMPNAME>GET_AVATURE</CMPNAME>
     <LANGU>1</LANGU>
     <DESCRIPT>获取AVATURE接口表数据</DESCRIPT>
    </SEOCOMPOTX>
    <SEOCOMPOTX>
     <CLSNAME>ZCL_HR_EMPLOYE_NEED_REQUEST</CLSNAME>
     <CMPNAME>GET_BMBZ</CMPNAME>
     <LANGU>1</LANGU>
     <DESCRIPT>获取部门(岗位)编制数据</DESCRIPT>
    </SEOCOMPOTX>
    <SEOCOMPOTX>
     <CLSNAME>ZCL_HR_EMPLOYE_NEED_REQUEST</CLSNAME>
     <CMPNAME>GET_BMBZ_GW</CMPNAME>
     <LANGU>1</LANGU>
     <DESCRIPT>获取部门(岗位)编制数据</DESCRIPT>
    </SEOCOMPOTX>
    <SEOCOMPOTX>
     <CLSNAME>ZCL_HR_EMPLOYE_NEED_REQUEST</CLSNAME>
     <CMPNAME>GET_BUKRS</CMPNAME>
     <LANGU>1</LANGU>
     <DESCRIPT>获取公司编码及名称</DESCRIPT>
    </SEOCOMPOTX>
    <SEOCOMPOTX>
     <CLSNAME>ZCL_HR_EMPLOYE_NEED_REQUEST</CLSNAME>
     <CMPNAME>GET_BUKRS_NAME</CMPNAME>
     <LANGU>1</LANGU>
     <DESCRIPT>获取公司名称</DESCRIPT>
    </SEOCOMPOTX>
    <SEOCOMPOTX>
     <CLSNAME>ZCL_HR_EMPLOYE_NEED_REQUEST</CLSNAME>
     <CMPNAME>GET_BZGW</CMPNAME>
     <LANGU>1</LANGU>
     <DESCRIPT>获取标准岗位临时数据</DESCRIPT>
    </SEOCOMPOTX>
    <SEOCOMPOTX>
     <CLSNAME>ZCL_HR_EMPLOYE_NEED_REQUEST</CLSNAME>
     <CMPNAME>GET_DATA</CMPNAME>
     <LANGU>1</LANGU>
     <DESCRIPT>查询时获取所有数据</DESCRIPT>
    </SEOCOMPOTX>
    <SEOCOMPOTX>
     <CLSNAME>ZCL_HR_EMPLOYE_NEED_REQUEST</CLSNAME>
     <CMPNAME>GET_DETAIL</CMPNAME>
     <LANGU>1</LANGU>
     <DESCRIPT>获取申请单明细数据</DESCRIPT>
    </SEOCOMPOTX>
    <SEOCOMPOTX>
     <CLSNAME>ZCL_HR_EMPLOYE_NEED_REQUEST</CLSNAME>
     <CMPNAME>GET_HEADER</CMPNAME>
     <LANGU>1</LANGU>
     <DESCRIPT>获取抬头数据</DESCRIPT>
    </SEOCOMPOTX>
    <SEOCOMPOTX>
     <CLSNAME>ZCL_HR_EMPLOYE_NEED_REQUEST</CLSNAME>
     <CMPNAME>GET_NAME</CMPNAME>
     <LANGU>1</LANGU>
     <DESCRIPT>获取姓名</DESCRIPT>
    </SEOCOMPOTX>
    <SEOCOMPOTX>
     <CLSNAME>ZCL_HR_EMPLOYE_NEED_REQUEST</CLSNAME>
     <CMPNAME>GET_NEXT_SEQNR</CMPNAME>
     <LANGU>1</LANGU>
     <DESCRIPT>获取下一个</DESCRIPT>
    </SEOCOMPOTX>
    <SEOCOMPOTX>
     <CLSNAME>ZCL_HR_EMPLOYE_NEED_REQUEST</CLSNAME>
     <CMPNAME>GET_ORGAN_STRU</CMPNAME>
     <LANGU>1</LANGU>
     <DESCRIPT>根据五级部门ID，获取1 2 3 4级部门信息</DESCRIPT>
    </SEOCOMPOTX>
    <SEOCOMPOTX>
     <CLSNAME>ZCL_HR_EMPLOYE_NEED_REQUEST</CLSNAME>
     <CMPNAME>GET_ORGEH</CMPNAME>
     <LANGU>1</LANGU>
     <DESCRIPT>获取部门名称及编码</DESCRIPT>
    </SEOCOMPOTX>
    <SEOCOMPOTX>
     <CLSNAME>ZCL_HR_EMPLOYE_NEED_REQUEST</CLSNAME>
     <CMPNAME>GET_ORGEH_ORGTX</CMPNAME>
     <LANGU>1</LANGU>
     <DESCRIPT>获取员工所在部门及部门文本</DESCRIPT>
    </SEOCOMPOTX>
    <SEOCOMPOTX>
     <CLSNAME>ZCL_HR_EMPLOYE_NEED_REQUEST</CLSNAME>
     <CMPNAME>GET_RZZG</CMPNAME>
     <LANGU>1</LANGU>
     <DESCRIPT>获取任职资格要求</DESCRIPT>
    </SEOCOMPOTX>
    <SEOCOMPOTX>
     <CLSNAME>ZCL_HR_EMPLOYE_NEED_REQUEST</CLSNAME>
     <CMPNAME>GET_SELECT_ELEMENT</CMPNAME>
     <LANGU>1</LANGU>
     <DESCRIPT>获取选择行</DESCRIPT>
    </SEOCOMPOTX>
    <SEOCOMPOTX>
     <CLSNAME>ZCL_HR_EMPLOYE_NEED_REQUEST</CLSNAME>
     <CMPNAME>GET_TABLE_GWXQ</CMPNAME>
     <LANGU>1</LANGU>
     <DESCRIPT>获取岗位申请数据</DESCRIPT>
    </SEOCOMPOTX>
    <SEOCOMPOTX>
     <CLSNAME>ZCL_HR_EMPLOYE_NEED_REQUEST</CLSNAME>
     <CMPNAME>READ_VARIBLE_DATA_DETAIL</CMPNAME>
     <LANGU>1</LANGU>
     <DESCRIPT>获取岗位需求明细临时数据</DESCRIPT>
    </SEOCOMPOTX>
    <SEOCOMPOTX>
     <CLSNAME>ZCL_HR_EMPLOYE_NEED_REQUEST</CLSNAME>
     <CMPNAME>REFRESH_BZGW</CMPNAME>
     <LANGU>1</LANGU>
     <DESCRIPT>清除标准岗位临时数据</DESCRIPT>
    </SEOCOMPOTX>
    <SEOCOMPOTX>
     <CLSNAME>ZCL_HR_EMPLOYE_NEED_REQUEST</CLSNAME>
     <CMPNAME>REFRESH_DETAIL</CMPNAME>
     <LANGU>1</LANGU>
     <DESCRIPT>清除详细数据临时数据</DESCRIPT>
    </SEOCOMPOTX>
    <SEOCOMPOTX>
     <CLSNAME>ZCL_HR_EMPLOYE_NEED_REQUEST</CLSNAME>
     <CMPNAME>REFRESH_TABLE_GWXQ</CMPNAME>
     <LANGU>1</LANGU>
     <DESCRIPT>清除岗位需求临时数据</DESCRIPT>
    </SEOCOMPOTX>
    <SEOCOMPOTX>
     <CLSNAME>ZCL_HR_EMPLOYE_NEED_REQUEST</CLSNAME>
     <CMPNAME>SAVE_DATA</CMPNAME>
     <LANGU>1</LANGU>
     <DESCRIPT>保存数据</DESCRIPT>
    </SEOCOMPOTX>
    <SEOCOMPOTX>
     <CLSNAME>ZCL_HR_EMPLOYE_NEED_REQUEST</CLSNAME>
     <CMPNAME>SET_AVATURE</CMPNAME>
     <LANGU>1</LANGU>
     <DESCRIPT>存储标准岗位至属性中</DESCRIPT>
    </SEOCOMPOTX>
    <SEOCOMPOTX>
     <CLSNAME>ZCL_HR_EMPLOYE_NEED_REQUEST</CLSNAME>
     <CMPNAME>SET_BZGW</CMPNAME>
     <LANGU>1</LANGU>
     <DESCRIPT>存储标准岗位至属性中</DESCRIPT>
    </SEOCOMPOTX>
    <SEOCOMPOTX>
     <CLSNAME>ZCL_HR_EMPLOYE_NEED_REQUEST</CLSNAME>
     <CMPNAME>SET_DETAIL</CMPNAME>
     <LANGU>1</LANGU>
     <DESCRIPT>设置申请单明细数据</DESCRIPT>
    </SEOCOMPOTX>
    <SEOCOMPOTX>
     <CLSNAME>ZCL_HR_EMPLOYE_NEED_REQUEST</CLSNAME>
     <CMPNAME>SET_HEADER</CMPNAME>
     <LANGU>1</LANGU>
     <DESCRIPT>设置抬头数据</DESCRIPT>
    </SEOCOMPOTX>
    <SEOCOMPOTX>
     <CLSNAME>ZCL_HR_EMPLOYE_NEED_REQUEST</CLSNAME>
     <CMPNAME>SET_TABLE_GWXQ</CMPNAME>
     <LANGU>1</LANGU>
     <DESCRIPT>设置所有的岗位需求数据临时表</DESCRIPT>
    </SEOCOMPOTX>
    <SEOCOMPOTX>
     <CLSNAME>ZCL_HR_EMPLOYE_NEED_REQUEST</CLSNAME>
     <CMPNAME>SET_VARIBLE_DATA_DETAIL</CMPNAME>
     <LANGU>1</LANGU>
     <DESCRIPT>设置岗位需求明细临时数据</DESCRIPT>
    </SEOCOMPOTX>
    <SEOCOMPOTX>
     <CLSNAME>ZCL_HR_EMPLOYE_NEED_REQUEST</CLSNAME>
     <CMPNAME>S_AVATURE</CMPNAME>
     <LANGU>1</LANGU>
     <DESCRIPT>人员需求avature传输表</DESCRIPT>
    </SEOCOMPOTX>
    <SEOCOMPOTX>
     <CLSNAME>ZCL_HR_EMPLOYE_NEED_REQUEST</CLSNAME>
     <CMPNAME>S_DETAIL</CMPNAME>
     <LANGU>1</LANGU>
     <DESCRIPT>人员需求申请表明细表</DESCRIPT>
    </SEOCOMPOTX>
    <SEOCOMPOTX>
     <CLSNAME>ZCL_HR_EMPLOYE_NEED_REQUEST</CLSNAME>
     <CMPNAME>S_HEADER</CMPNAME>
     <LANGU>1</LANGU>
     <DESCRIPT>人员需求申请表抬头表</DESCRIPT>
    </SEOCOMPOTX>
    <SEOCOMPOTX>
     <CLSNAME>ZCL_HR_EMPLOYE_NEED_REQUEST</CLSNAME>
     <CMPNAME>T_AVATURE</CMPNAME>
     <LANGU>1</LANGU>
     <DESCRIPT>AVATURE结构</DESCRIPT>
    </SEOCOMPOTX>
    <SEOCOMPOTX>
     <CLSNAME>ZCL_HR_EMPLOYE_NEED_REQUEST</CLSNAME>
     <CMPNAME>T_BZGW</CMPNAME>
     <LANGU>1</LANGU>
     <DESCRIPT>用人需求申请用标准岗位对应</DESCRIPT>
    </SEOCOMPOTX>
    <SEOCOMPOTX>
     <CLSNAME>ZCL_HR_EMPLOYE_NEED_REQUEST</CLSNAME>
     <CMPNAME>T_GWXQ</CMPNAME>
     <LANGU>1</LANGU>
     <DESCRIPT>人员需求申请用-岗位需求明细</DESCRIPT>
    </SEOCOMPOTX>
    <SEOCOMPOTX>
     <CLSNAME>ZCL_HR_EMPLOYE_NEED_REQUEST</CLSNAME>
     <CMPNAME>UPDATE_AVATURE</CMPNAME>
     <LANGU>1</LANGU>
     <DESCRIPT>更新AVATURE接口表数据</DESCRIPT>
    </SEOCOMPOTX>
    <SEOCOMPOTX>
     <CLSNAME>ZCL_HR_EMPLOYE_NEED_REQUEST</CLSNAME>
     <CMPNAME>V_ACTION</CMPNAME>
     <LANGU>1</LANGU>
     <DESCRIPT>操作类型S显示U变更D删除N新建</DESCRIPT>
    </SEOCOMPOTX>
    <SEOCOMPOTX>
     <CLSNAME>ZCL_HR_EMPLOYE_NEED_REQUEST</CLSNAME>
     <CMPNAME>V_DETAIL</CMPNAME>
     <LANGU>1</LANGU>
     <DESCRIPT>人员需求申请应聘需求(临时变量）</DESCRIPT>
    </SEOCOMPOTX>
   </DESCRIPTIONS>
  </asx:values>
 </asx:abap>
</abapGit>
