﻿<?xml version="1.0" encoding="utf-8"?>
<abapGit version="v1.0.0" serializer="LCL_OBJECT_CLAS" serializer_version="v1.0.0">
 <asx:abap xmlns:asx="http://www.sap.com/abapxml" version="1.0">
  <asx:values>
   <VSEOCLASS>
    <CLSNAME>ZCL_HR_ENTRY_SAL_SLFDR</CLSNAME>
    <VERSION>1</VERSION>
    <LANGU>1</LANGU>
    <DESCRIPT>入职定薪申请清单</DESCRIPT>
    <STATE>1</STATE>
    <CLSCCINCL>X</CLSCCINCL>
    <FIXPT>X</FIXPT>
    <UNICODE>X</UNICODE>
   </VSEOCLASS>
   <TPOOL>
    <item>
     <ID>I</ID>
     <KEY>001</KEY>
     <ENTRY>查询</ENTRY>
     <LENGTH>12</LENGTH>
    </item>
    <item>
     <ID>I</ID>
     <KEY>002</KEY>
     <ENTRY>创建</ENTRY>
     <LENGTH>12</LENGTH>
    </item>
   </TPOOL>
   <DESCRIPTIONS>
    <SEOCOMPOTX>
     <CLSNAME>ZCL_HR_ENTRY_SAL_SLFDR</CLSNAME>
     <CMPNAME>DETERMINE_ACTION_USAGE</CMPNAME>
     <LANGU>1</LANGU>
     <DESCRIPT>Determine action usage</DESCRIPT>
    </SEOCOMPOTX>
    <SEOCOMPOTX>
     <CLSNAME>ZCL_HR_ENTRY_SAL_SLFDR</CLSNAME>
     <CMPNAME>GET_SEL_DATA</CMPNAME>
     <LANGU>1</LANGU>
     <DESCRIPT>Get select data</DESCRIPT>
    </SEOCOMPOTX>
    <SEOCOMPOTX>
     <CLSNAME>ZCL_HR_ENTRY_SAL_SLFDR</CLSNAME>
     <CMPNAME>MC_EVENT_CANCEL</CMPNAME>
     <LANGU>1</LANGU>
     <DESCRIPT>Cancel</DESCRIPT>
    </SEOCOMPOTX>
    <SEOCOMPOTX>
     <CLSNAME>ZCL_HR_ENTRY_SAL_SLFDR</CLSNAME>
     <CMPNAME>MC_EVENT_CHANGE</CMPNAME>
     <LANGU>1</LANGU>
     <DESCRIPT>Change</DESCRIPT>
    </SEOCOMPOTX>
    <SEOCOMPOTX>
     <CLSNAME>ZCL_HR_ENTRY_SAL_SLFDR</CLSNAME>
     <CMPNAME>MC_EVENT_CREATE</CMPNAME>
     <LANGU>1</LANGU>
     <DESCRIPT>Create</DESCRIPT>
    </SEOCOMPOTX>
    <SEOCOMPOTX>
     <CLSNAME>ZCL_HR_ENTRY_SAL_SLFDR</CLSNAME>
     <CMPNAME>MC_EVENT_DISPLAY</CMPNAME>
     <LANGU>1</LANGU>
     <DESCRIPT>Display</DESCRIPT>
    </SEOCOMPOTX>
    <SEOCOMPOTX>
     <CLSNAME>ZCL_HR_ENTRY_SAL_SLFDR</CLSNAME>
     <CMPNAME>MC_EVENT_WORKFLOW</CMPNAME>
     <LANGU>1</LANGU>
     <DESCRIPT>Display Workflow Log</DESCRIPT>
    </SEOCOMPOTX>
    <SEOCOMPOTX>
     <CLSNAME>ZCL_HR_ENTRY_SAL_SLFDR</CLSNAME>
     <CMPNAME>ON_CANCEL</CMPNAME>
     <LANGU>1</LANGU>
     <DESCRIPT>Cancel application</DESCRIPT>
    </SEOCOMPOTX>
    <SEOCOMPOTX>
     <CLSNAME>ZCL_HR_ENTRY_SAL_SLFDR</CLSNAME>
     <CMPNAME>ON_CELL_FRMNO</CMPNAME>
     <LANGU>1</LANGU>
     <DESCRIPT>Display application</DESCRIPT>
    </SEOCOMPOTX>
    <SEOCOMPOTX>
     <CLSNAME>ZCL_HR_ENTRY_SAL_SLFDR</CLSNAME>
     <CMPNAME>ON_CHANGE</CMPNAME>
     <LANGU>1</LANGU>
     <DESCRIPT>Change application</DESCRIPT>
    </SEOCOMPOTX>
    <SEOCOMPOTX>
     <CLSNAME>ZCL_HR_ENTRY_SAL_SLFDR</CLSNAME>
     <CMPNAME>ON_CREATE</CMPNAME>
     <LANGU>1</LANGU>
     <DESCRIPT>Create application</DESCRIPT>
    </SEOCOMPOTX>
    <SEOCOMPOTX>
     <CLSNAME>ZCL_HR_ENTRY_SAL_SLFDR</CLSNAME>
     <CMPNAME>ON_DISPLAY</CMPNAME>
     <LANGU>1</LANGU>
     <DESCRIPT>Display application</DESCRIPT>
    </SEOCOMPOTX>
    <SEOCOMPOTX>
     <CLSNAME>ZCL_HR_ENTRY_SAL_SLFDR</CLSNAME>
     <CMPNAME>ON_WORKFLOW</CMPNAME>
     <LANGU>1</LANGU>
     <DESCRIPT>Display workflow</DESCRIPT>
    </SEOCOMPOTX>
    <SEOCOMPOTX>
     <CLSNAME>ZCL_HR_ENTRY_SAL_SLFDR</CLSNAME>
     <CMPNAME>SET_APP_PARAMETER</CMPNAME>
     <LANGU>1</LANGU>
     <DESCRIPT>Set application parameters</DESCRIPT>
    </SEOCOMPOTX>
   </DESCRIPTIONS>
  </asx:values>
 </asx:abap>
</abapGit>
