﻿<?xml version="1.0" encoding="utf-8"?>
<abapGit version="v1.0.0" serializer="LCL_OBJECT_CLAS" serializer_version="v1.0.0">
 <asx:abap xmlns:asx="http://www.sap.com/abapxml" version="1.0">
  <asx:values>
   <VSEOCLASS>
    <CLSNAME>ZCL_HR_FRW_FSM_UTILITIES</CLSNAME>
    <VERSION>1</VERSION>
    <LANGU>1</LANGU>
    <DESCRIPT>HR 状态机工具类</DESCRIPT>
    <STATE>1</STATE>
    <CLSCCINCL>X</CLSCCINCL>
    <FIXPT>X</FIXPT>
    <UNICODE>X</UNICODE>
   </VSEOCLASS>
   <DESCRIPTIONS>
    <SEOCOMPOTX>
     <CLSNAME>ZCL_HR_FRW_FSM_UTILITIES</CLSNAME>
     <CMPNAME>GC_DATA_STATE_FUNC_ID</CMPNAME>
     <LANGU>1</LANGU>
     <DESCRIPT>BRF+ Function ID for ZHR_FRW_FSM_DATA_STATE_FUNC</DESCRIPT>
    </SEOCOMPOTX>
    <SEOCOMPOTX>
     <CLSNAME>ZCL_HR_FRW_FSM_UTILITIES</CLSNAME>
     <CMPNAME>GC_DERIVE_NEW_DOC_FUN_ID</CMPNAME>
     <LANGU>1</LANGU>
     <DESCRIPT>BRF+ Function ID for ZHR_FRW_FSM_DERIVE_NEW_DOC_FUN</DESCRIPT>
    </SEOCOMPOTX>
    <SEOCOMPOTX>
     <CLSNAME>ZCL_HR_FRW_FSM_UTILITIES</CLSNAME>
     <CMPNAME>GC_DOC_STATE_FUNC_ID</CMPNAME>
     <LANGU>1</LANGU>
     <DESCRIPT>BRF+ Function ID for ZHR_FRW_FSM_DOC_STATE_FUNC</DESCRIPT>
    </SEOCOMPOTX>
    <SEOCOMPOTX>
     <CLSNAME>ZCL_HR_FRW_FSM_UTILITIES</CLSNAME>
     <CMPNAME>GC_WF_STATE_FUNC_ID</CMPNAME>
     <LANGU>1</LANGU>
     <DESCRIPT>BRF+ Function ID for ZHR_FRW_FSM_WF_STATE_FUNC</DESCRIPT>
    </SEOCOMPOTX>
    <SEOCOMPOTX>
     <CLSNAME>ZCL_HR_FRW_FSM_UTILITIES</CLSNAME>
     <CMPNAME>GET_DATA_NEXT_STATE</CMPNAME>
     <LANGU>1</LANGU>
     <DESCRIPT>Get next state for Data</DESCRIPT>
    </SEOCOMPOTX>
    <SEOCOMPOTX>
     <CLSNAME>ZCL_HR_FRW_FSM_UTILITIES</CLSNAME>
     <CMPNAME>GET_DOC_NEXT_STATE</CMPNAME>
     <LANGU>1</LANGU>
     <DESCRIPT>Get next state for Document Status</DESCRIPT>
    </SEOCOMPOTX>
    <SEOCOMPOTX>
     <CLSNAME>ZCL_HR_FRW_FSM_UTILITIES</CLSNAME>
     <CMPNAME>GET_WF_NEXT_STATE</CMPNAME>
     <LANGU>1</LANGU>
     <DESCRIPT>Get next state for WorkFlow</DESCRIPT>
    </SEOCOMPOTX>
    <SEOCOMPOTX>
     <CLSNAME>ZCL_HR_FRW_FSM_UTILITIES</CLSNAME>
     <CMPNAME>IS_DERIVE_NEW_DOC</CMPNAME>
     <LANGU>1</LANGU>
     <DESCRIPT>Is derive new document</DESCRIPT>
    </SEOCOMPOTX>
   </DESCRIPTIONS>
  </asx:values>
 </asx:abap>
</abapGit>
