﻿<?xml version="1.0" encoding="utf-8"?>
<abapGit version="v1.0.0" serializer="LCL_OBJECT_CLAS" serializer_version="v1.0.0">
 <asx:abap xmlns:asx="http://www.sap.com/abapxml" version="1.0">
  <asx:values>
   <VSEOCLASS>
    <CLSNAME>ZCL_HR_OVERTIME_REQUEST</CLSNAME>
    <VERSION>1</VERSION>
    <LANGU>1</LANGU>
    <DESCRIPT>辅助类 ZWDHR_OVERTIME_REQUEST</DESCRIPT>
    <STATE>1</STATE>
    <CLSCCINCL>X</CLSCCINCL>
    <FIXPT>X</FIXPT>
    <UNICODE>X</UNICODE>
   </VSEOCLASS>
   <DESCRIPTIONS>
    <SEOCOMPOTX>
     <CLSNAME>ZCL_HR_OVERTIME_REQUEST</CLSNAME>
     <CMPNAME>C_BTYPE_P002</CMPNAME>
     <LANGU>1</LANGU>
     <DESCRIPT>业务类型</DESCRIPT>
    </SEOCOMPOTX>
    <SEOCOMPOTX>
     <CLSNAME>ZCL_HR_OVERTIME_REQUEST</CLSNAME>
     <CMPNAME>C_CANC</CMPNAME>
     <LANGU>1</LANGU>
     <DESCRIPT>模式-取消</DESCRIPT>
    </SEOCOMPOTX>
    <SEOCOMPOTX>
     <CLSNAME>ZCL_HR_OVERTIME_REQUEST</CLSNAME>
     <CMPNAME>C_CREATE</CMPNAME>
     <LANGU>1</LANGU>
     <DESCRIPT>模式-创建</DESCRIPT>
    </SEOCOMPOTX>
    <SEOCOMPOTX>
     <CLSNAME>ZCL_HR_OVERTIME_REQUEST</CLSNAME>
     <CMPNAME>C_DISPLAY</CMPNAME>
     <LANGU>1</LANGU>
     <DESCRIPT>模式-显示</DESCRIPT>
    </SEOCOMPOTX>
    <SEOCOMPOTX>
     <CLSNAME>ZCL_HR_OVERTIME_REQUEST</CLSNAME>
     <CMPNAME>C_EDIT</CMPNAME>
     <LANGU>1</LANGU>
     <DESCRIPT>模式-编辑</DESCRIPT>
    </SEOCOMPOTX>
    <SEOCOMPOTX>
     <CLSNAME>ZCL_HR_OVERTIME_REQUEST</CLSNAME>
     <CMPNAME>C_ISTAT</CMPNAME>
     <LANGU>1</LANGU>
     <DESCRIPT>计划状态</DESCRIPT>
    </SEOCOMPOTX>
    <SEOCOMPOTX>
     <CLSNAME>ZCL_HR_OVERTIME_REQUEST</CLSNAME>
     <CMPNAME>C_OTYPE</CMPNAME>
     <LANGU>1</LANGU>
     <DESCRIPT>对象类型</DESCRIPT>
    </SEOCOMPOTX>
    <SEOCOMPOTX>
     <CLSNAME>ZCL_HR_OVERTIME_REQUEST</CLSNAME>
     <CMPNAME>C_PLVAR</CMPNAME>
     <LANGU>1</LANGU>
     <DESCRIPT>计划版本</DESCRIPT>
    </SEOCOMPOTX>
    <SEOCOMPOTX>
     <CLSNAME>ZCL_HR_OVERTIME_REQUEST</CLSNAME>
     <CMPNAME>C_SPTYP</CMPNAME>
     <LANGU>1</LANGU>
     <DESCRIPT>流程类型</DESCRIPT>
    </SEOCOMPOTX>
    <SEOCOMPOTX>
     <CLSNAME>ZCL_HR_OVERTIME_REQUEST</CLSNAME>
     <CMPNAME>C_TABNAME</CMPNAME>
     <LANGU>1</LANGU>
     <DESCRIPT>表名</DESCRIPT>
    </SEOCOMPOTX>
    <SEOCOMPOTX>
     <CLSNAME>ZCL_HR_OVERTIME_REQUEST</CLSNAME>
     <CMPNAME>C_VIEW_SP</CMPNAME>
     <LANGU>1</LANGU>
     <DESCRIPT>模式-查看审批</DESCRIPT>
    </SEOCOMPOTX>
    <SEOCOMPOTX>
     <CLSNAME>ZCL_HR_OVERTIME_REQUEST</CLSNAME>
     <CMPNAME>GC_BTYPE</CMPNAME>
     <LANGU>1</LANGU>
     <DESCRIPT>业务类型文本</DESCRIPT>
    </SEOCOMPOTX>
    <SEOCOMPOTX>
     <CLSNAME>ZCL_HR_OVERTIME_REQUEST</CLSNAME>
     <CMPNAME>GRT_APPST</CMPNAME>
     <LANGU>1</LANGU>
     <DESCRIPT>单据状态Ranges-仅用于判断显示数据</DESCRIPT>
    </SEOCOMPOTX>
    <SEOCOMPOTX>
     <CLSNAME>ZCL_HR_OVERTIME_REQUEST</CLSNAME>
     <CMPNAME>GRT_PERNR</CMPNAME>
     <LANGU>1</LANGU>
     <DESCRIPT>相同组织代码下的人员Ranges</DESCRIPT>
    </SEOCOMPOTX>
    <SEOCOMPOTX>
     <CLSNAME>ZCL_HR_OVERTIME_REQUEST</CLSNAME>
     <CMPNAME>GT_ZHRT00174</CMPNAME>
     <LANGU>1</LANGU>
     <DESCRIPT>控制范围配置表</DESCRIPT>
    </SEOCOMPOTX>
    <SEOCOMPOTX>
     <CLSNAME>ZCL_HR_OVERTIME_REQUEST</CLSNAME>
     <CMPNAME>GT_ZHRT00292</CMPNAME>
     <LANGU>1</LANGU>
     <DESCRIPT>单位加班控制表</DESCRIPT>
    </SEOCOMPOTX>
    <SEOCOMPOTX>
     <CLSNAME>ZCL_HR_OVERTIME_REQUEST</CLSNAME>
     <CMPNAME>GT_ZHRT00310</CMPNAME>
     <LANGU>1</LANGU>
     <DESCRIPT>HR系统反应表</DESCRIPT>
    </SEOCOMPOTX>
    <SEOCOMPOTX>
     <CLSNAME>ZCL_HR_OVERTIME_REQUEST</CLSNAME>
     <CMPNAME>GV_FRMNO</CMPNAME>
     <LANGU>1</LANGU>
     <DESCRIPT>单据编号</DESCRIPT>
    </SEOCOMPOTX>
    <SEOCOMPOTX>
     <CLSNAME>ZCL_HR_OVERTIME_REQUEST</CLSNAME>
     <CMPNAME>GV_MODE</CMPNAME>
     <LANGU>1</LANGU>
     <DESCRIPT>模式: C-创建;E-编辑;D-显示;X-取消;S-查看审批</DESCRIPT>
    </SEOCOMPOTX>
    <SEOCOMPOTX>
     <CLSNAME>ZCL_HR_OVERTIME_REQUEST</CLSNAME>
     <CMPNAME>GV_PERNR</CMPNAME>
     <LANGU>1</LANGU>
     <DESCRIPT>登录用户人员编号</DESCRIPT>
    </SEOCOMPOTX>
    <SEOCOMPOTX>
     <CLSNAME>ZCL_HR_OVERTIME_REQUEST</CLSNAME>
     <CMPNAME>M_CHECK_ANZHL</CMPNAME>
     <LANGU>1</LANGU>
     <DESCRIPT>检查申请加班时数</DESCRIPT>
    </SEOCOMPOTX>
    <SEOCOMPOTX>
     <CLSNAME>ZCL_HR_OVERTIME_REQUEST</CLSNAME>
     <CMPNAME>M_CHECK_DATES</CMPNAME>
     <LANGU>1</LANGU>
     <DESCRIPT>检查开始日期/结束日期,是否在控制范围内</DESCRIPT>
    </SEOCOMPOTX>
    <SEOCOMPOTX>
     <CLSNAME>ZCL_HR_OVERTIME_REQUEST</CLSNAME>
     <CMPNAME>M_CHECK_DUPLICATE</CMPNAME>
     <LANGU>1</LANGU>
     <DESCRIPT>检查期间重复</DESCRIPT>
    </SEOCOMPOTX>
    <SEOCOMPOTX>
     <CLSNAME>ZCL_HR_OVERTIME_REQUEST</CLSNAME>
     <CMPNAME>M_CHECK_PERNR</CMPNAME>
     <LANGU>1</LANGU>
     <DESCRIPT>检查人员编号</DESCRIPT>
    </SEOCOMPOTX>
    <SEOCOMPOTX>
     <CLSNAME>ZCL_HR_OVERTIME_REQUEST</CLSNAME>
     <CMPNAME>M_CHECK_TIME</CMPNAME>
     <LANGU>1</LANGU>
     <DESCRIPT>检查时间和时数</DESCRIPT>
    </SEOCOMPOTX>
    <SEOCOMPOTX>
     <CLSNAME>ZCL_HR_OVERTIME_REQUEST</CLSNAME>
     <CMPNAME>M_CHECK_VERSL</CMPNAME>
     <LANGU>1</LANGU>
     <DESCRIPT>检查加班报酬类型</DESCRIPT>
    </SEOCOMPOTX>
    <SEOCOMPOTX>
     <CLSNAME>ZCL_HR_OVERTIME_REQUEST</CLSNAME>
     <CMPNAME>M_GENERATE_NUMBER</CMPNAME>
     <LANGU>1</LANGU>
     <DESCRIPT>生成HR单据编号</DESCRIPT>
    </SEOCOMPOTX>
    <SEOCOMPOTX>
     <CLSNAME>ZCL_HR_OVERTIME_REQUEST</CLSNAME>
     <CMPNAME>M_GETEMPLOYEEDATA_FROMUSER</CMPNAME>
     <LANGU>1</LANGU>
     <DESCRIPT>获取登录工号</DESCRIPT>
    </SEOCOMPOTX>
    <SEOCOMPOTX>
     <CLSNAME>ZCL_HR_OVERTIME_REQUEST</CLSNAME>
     <CMPNAME>M_GET_APPST_ONLYDIS</CMPNAME>
     <LANGU>1</LANGU>
     <DESCRIPT>获取单据状态Ranges, 仅用于判断显示数据</DESCRIPT>
    </SEOCOMPOTX>
    <SEOCOMPOTX>
     <CLSNAME>ZCL_HR_OVERTIME_REQUEST</CLSNAME>
     <CMPNAME>M_GET_DATA_LIST</CMPNAME>
     <LANGU>1</LANGU>
     <DESCRIPT>获取查询清单数据</DESCRIPT>
    </SEOCOMPOTX>
    <SEOCOMPOTX>
     <CLSNAME>ZCL_HR_OVERTIME_REQUEST</CLSNAME>
     <CMPNAME>M_GET_NEXT_MONTHS</CMPNAME>
     <LANGU>1</LANGU>
     <DESCRIPT>获取向后月份日期</DESCRIPT>
    </SEOCOMPOTX>
    <SEOCOMPOTX>
     <CLSNAME>ZCL_HR_OVERTIME_REQUEST</CLSNAME>
     <CMPNAME>M_GET_OBJID_STEXT</CMPNAME>
     <LANGU>1</LANGU>
     <DESCRIPT>获取组织单位名称</DESCRIPT>
    </SEOCOMPOTX>
    <SEOCOMPOTX>
     <CLSNAME>ZCL_HR_OVERTIME_REQUEST</CLSNAME>
     <CMPNAME>M_GET_PERNR_ADVNO</CMPNAME>
     <LANGU>1</LANGU>
     <DESCRIPT>获取人员申请部门及名称</DESCRIPT>
    </SEOCOMPOTX>
    <SEOCOMPOTX>
     <CLSNAME>ZCL_HR_OVERTIME_REQUEST</CLSNAME>
     <CMPNAME>M_GET_PERNR_BUKRS</CMPNAME>
     <LANGU>1</LANGU>
     <DESCRIPT>获取人员编号公司代码及描述</DESCRIPT>
    </SEOCOMPOTX>
    <SEOCOMPOTX>
     <CLSNAME>ZCL_HR_OVERTIME_REQUEST</CLSNAME>
     <CMPNAME>M_GET_PERNR_DIVNO</CMPNAME>
     <LANGU>1</LANGU>
     <DESCRIPT>获取人员编号部门及名称</DESCRIPT>
    </SEOCOMPOTX>
    <SEOCOMPOTX>
     <CLSNAME>ZCL_HR_OVERTIME_REQUEST</CLSNAME>
     <CMPNAME>M_GET_PERNR_ENAME</CMPNAME>
     <LANGU>1</LANGU>
     <DESCRIPT>获取人员编号姓名</DESCRIPT>
    </SEOCOMPOTX>
    <SEOCOMPOTX>
     <CLSNAME>ZCL_HR_OVERTIME_REQUEST</CLSNAME>
     <CMPNAME>M_GET_PERNR_LIST</CMPNAME>
     <LANGU>1</LANGU>
     <DESCRIPT>获取人员组织代码内下的所有人员</DESCRIPT>
    </SEOCOMPOTX>
    <SEOCOMPOTX>
     <CLSNAME>ZCL_HR_OVERTIME_REQUEST</CLSNAME>
     <CMPNAME>M_GET_PERNR_PLANS</CMPNAME>
     <LANGU>1</LANGU>
     <DESCRIPT>获取人员编号职位及名称</DESCRIPT>
    </SEOCOMPOTX>
    <SEOCOMPOTX>
     <CLSNAME>ZCL_HR_OVERTIME_REQUEST</CLSNAME>
     <CMPNAME>M_GET_PERNR_SDLWS</CMPNAME>
     <LANGU>1</LANGU>
     <DESCRIPT>获取人员编号所在班别及名称</DESCRIPT>
    </SEOCOMPOTX>
    <SEOCOMPOTX>
     <CLSNAME>ZCL_HR_OVERTIME_REQUEST</CLSNAME>
     <CMPNAME>M_GET_PERSONAL_DATA</CMPNAME>
     <LANGU>1</LANGU>
     <DESCRIPT>获取人员编号数据(姓名;申请部门;公司代码;部门;所在班别)</DESCRIPT>
    </SEOCOMPOTX>
    <SEOCOMPOTX>
     <CLSNAME>ZCL_HR_OVERTIME_REQUEST</CLSNAME>
     <CMPNAME>M_GET_PREVIOUS_MONTHS</CMPNAME>
     <LANGU>1</LANGU>
     <DESCRIPT>获取向前月份日期</DESCRIPT>
    </SEOCOMPOTX>
    <SEOCOMPOTX>
     <CLSNAME>ZCL_HR_OVERTIME_REQUEST</CLSNAME>
     <CMPNAME>M_GET_VERSL_LIST</CMPNAME>
     <LANGU>1</LANGU>
     <DESCRIPT>获取加班报酬类型</DESCRIPT>
    </SEOCOMPOTX>
    <SEOCOMPOTX>
     <CLSNAME>ZCL_HR_OVERTIME_REQUEST</CLSNAME>
     <CMPNAME>M_GET_ZHRT00174</CMPNAME>
     <LANGU>1</LANGU>
     <DESCRIPT>获取控制范围配置表</DESCRIPT>
    </SEOCOMPOTX>
    <SEOCOMPOTX>
     <CLSNAME>ZCL_HR_OVERTIME_REQUEST</CLSNAME>
     <CMPNAME>M_GET_ZHRT00292</CMPNAME>
     <LANGU>1</LANGU>
     <DESCRIPT>获取单位加班控制表</DESCRIPT>
    </SEOCOMPOTX>
    <SEOCOMPOTX>
     <CLSNAME>ZCL_HR_OVERTIME_REQUEST</CLSNAME>
     <CMPNAME>M_GET_ZHRT00310</CMPNAME>
     <LANGU>1</LANGU>
     <DESCRIPT>获取HR系统反应表</DESCRIPT>
    </SEOCOMPOTX>
    <SEOCOMPOTX>
     <CLSNAME>ZCL_HR_OVERTIME_REQUEST</CLSNAME>
     <CMPNAME>M_SUBMMIT_BACK</CMPNAME>
     <LANGU>1</LANGU>
     <DESCRIPT>提交数据返回</DESCRIPT>
    </SEOCOMPOTX>
    <SEOCOMPOTX>
     <CLSNAME>ZCL_HR_OVERTIME_REQUEST</CLSNAME>
     <CMPNAME>M_SUBMMIT_DATA</CMPNAME>
     <LANGU>1</LANGU>
     <DESCRIPT>提交数据</DESCRIPT>
    </SEOCOMPOTX>
    <SEOCOMPOTX>
     <CLSNAME>ZCL_HR_OVERTIME_REQUEST</CLSNAME>
     <CMPNAME>TYT_ZHRT00292</CMPNAME>
     <LANGU>1</LANGU>
     <DESCRIPT>字符字段长度 1</DESCRIPT>
    </SEOCOMPOTX>
   </DESCRIPTIONS>
  </asx:values>
 </asx:abap>
</abapGit>
