﻿<?xml version="1.0" encoding="utf-8"?>
<abapGit version="v1.0.0" serializer="LCL_OBJECT_CLAS" serializer_version="v1.0.0">
 <asx:abap xmlns:asx="http://www.sap.com/abapxml" version="1.0">
  <asx:values>
   <VSEOCLASS>
    <CLSNAME>ZCL_HR_JYXZ_MAITAIN_REQUEST</CLSNAME>
    <VERSION>1</VERSION>
    <LANGU>1</LANGU>
    <DESCRIPT>竞业限制履行/不履行辅助类</DESCRIPT>
    <STATE>1</STATE>
    <CLSCCINCL>X</CLSCCINCL>
    <FIXPT>X</FIXPT>
    <UNICODE>X</UNICODE>
   </VSEOCLASS>
   <DESCRIPTIONS>
    <SEOCOMPOTX>
     <CLSNAME>ZCL_HR_JYXZ_MAITAIN_REQUEST</CLSNAME>
     <CMPNAME>ACTION</CMPNAME>
     <LANGU>1</LANGU>
     <DESCRIPT>N 新建 D 删除 S 显示 U编辑</DESCRIPT>
    </SEOCOMPOTX>
    <SEOCOMPOTX>
     <CLSNAME>ZCL_HR_JYXZ_MAITAIN_REQUEST</CLSNAME>
     <CMPNAME>DATA_CHECK</CMPNAME>
     <LANGU>1</LANGU>
     <DESCRIPT>数据检查</DESCRIPT>
    </SEOCOMPOTX>
    <SEOCOMPOTX>
     <CLSNAME>ZCL_HR_JYXZ_MAITAIN_REQUEST</CLSNAME>
     <CMPNAME>DATA_COMMIT</CMPNAME>
     <LANGU>1</LANGU>
     <DESCRIPT>提交数据至OA</DESCRIPT>
    </SEOCOMPOTX>
    <SEOCOMPOTX>
     <CLSNAME>ZCL_HR_JYXZ_MAITAIN_REQUEST</CLSNAME>
     <CMPNAME>DATA_SAVE</CMPNAME>
     <LANGU>1</LANGU>
     <DESCRIPT>保存数据</DESCRIPT>
    </SEOCOMPOTX>
    <SEOCOMPOTX>
     <CLSNAME>ZCL_HR_JYXZ_MAITAIN_REQUEST</CLSNAME>
     <CMPNAME>DATA_SIG</CMPNAME>
     <LANGU>1</LANGU>
     <DESCRIPT>竞业限制履行/不履行数据抬头（明细）表</DESCRIPT>
    </SEOCOMPOTX>
    <SEOCOMPOTX>
     <CLSNAME>ZCL_HR_JYXZ_MAITAIN_REQUEST</CLSNAME>
     <CMPNAME>DATA_TAB</CMPNAME>
     <LANGU>1</LANGU>
     <DESCRIPT>竞业限制申请表类型</DESCRIPT>
    </SEOCOMPOTX>
    <SEOCOMPOTX>
     <CLSNAME>ZCL_HR_JYXZ_MAITAIN_REQUEST</CLSNAME>
     <CMPNAME>GET_PERNR_INFO</CMPNAME>
     <LANGU>1</LANGU>
     <DESCRIPT>获取员工信息</DESCRIPT>
    </SEOCOMPOTX>
    <SEOCOMPOTX>
     <CLSNAME>ZCL_HR_JYXZ_MAITAIN_REQUEST</CLSNAME>
     <CMPNAME>GET_RECORD</CMPNAME>
     <LANGU>1</LANGU>
     <DESCRIPT>获取已有记录</DESCRIPT>
    </SEOCOMPOTX>
    <SEOCOMPOTX>
     <CLSNAME>ZCL_HR_JYXZ_MAITAIN_REQUEST</CLSNAME>
     <CMPNAME>GET_SIG</CMPNAME>
     <LANGU>1</LANGU>
     <DESCRIPT>获取临时数据</DESCRIPT>
    </SEOCOMPOTX>
    <SEOCOMPOTX>
     <CLSNAME>ZCL_HR_JYXZ_MAITAIN_REQUEST</CLSNAME>
     <CMPNAME>SET_SIG</CMPNAME>
     <LANGU>1</LANGU>
     <DESCRIPT>设置临时明细数据</DESCRIPT>
    </SEOCOMPOTX>
    <SEOCOMPOTX>
     <CLSNAME>ZCL_HR_JYXZ_MAITAIN_REQUEST</CLSNAME>
     <CMPNAME>SET_SIG_BY_INDEX</CMPNAME>
     <LANGU>1</LANGU>
     <DESCRIPT>根据行号，将数据写入临时数据</DESCRIPT>
    </SEOCOMPOTX>
   </DESCRIPTIONS>
  </asx:values>
 </asx:abap>
</abapGit>
