﻿<?xml version="1.0" encoding="utf-8"?>
<abapGit version="v1.0.0" serializer="LCL_OBJECT_CLAS" serializer_version="v1.0.0">
 <asx:abap xmlns:asx="http://www.sap.com/abapxml" version="1.0">
  <asx:values>
   <VSEOCLASS>
    <CLSNAME>ZCL_HR_VALUE_HELPER</CLSNAME>
    <VERSION>1</VERSION>
    <LANGU>1</LANGU>
    <DESCRIPT>Value Helps(mainly for DropDown Boxes)</DESCRIPT>
    <STATE>1</STATE>
    <CLSCCINCL>X</CLSCCINCL>
    <FIXPT>X</FIXPT>
    <UNICODE>X</UNICODE>
   </VSEOCLASS>
   <DESCRIPTIONS>
    <SEOCOMPOTX>
     <CLSNAME>ZCL_HR_VALUE_HELPER</CLSNAME>
     <CMPNAME>GET_DOMVALUE_VALUES</CMPNAME>
     <LANGU>1</LANGU>
     <DESCRIPT>Reads DD07 and Texts</DESCRIPT>
    </SEOCOMPOTX>
    <SEOCOMPOTX>
     <CLSNAME>ZCL_HR_VALUE_HELPER</CLSNAME>
     <CMPNAME>GET_POSITION_GRADE_VALUES</CMPNAME>
     <LANGU>1</LANGU>
     <DESCRIPT>Reads T7CN61 and T7CN6S</DESCRIPT>
    </SEOCOMPOTX>
    <SEOCOMPOTX>
     <CLSNAME>ZCL_HR_VALUE_HELPER</CLSNAME>
     <CMPNAME>GET_POSITION_LEVEL_VALUES</CMPNAME>
     <LANGU>1</LANGU>
     <DESCRIPT>Reads T7CN62 and T7CN6U</DESCRIPT>
    </SEOCOMPOTX>
    <SEOCOMPOTX>
     <CLSNAME>ZCL_HR_VALUE_HELPER</CLSNAME>
     <CMPNAME>GET_SALARY_ADJUST_REASON</CMPNAME>
     <LANGU>1</LANGU>
     <DESCRIPT>Reads T530E and T530F(infotype=&apos;0008&apos;)</DESCRIPT>
    </SEOCOMPOTX>
   </DESCRIPTIONS>
  </asx:values>
 </asx:abap>
</abapGit>
