﻿<?xml version="1.0" encoding="utf-8"?>
<abapGit version="v1.0.0" serializer="LCL_OBJECT_CLAS" serializer_version="v1.0.0">
 <asx:abap xmlns:asx="http://www.sap.com/abapxml" version="1.0">
  <asx:values>
   <VSEOCLASS>
    <CLSNAME>ZCL_HR_BO_ENTRY_SALARY_APP</CLSNAME>
    <VERSION>1</VERSION>
    <LANGU>1</LANGU>
    <DESCRIPT>HR 入职定薪申请</DESCRIPT>
    <STATE>1</STATE>
    <CLSCCINCL>X</CLSCCINCL>
    <FIXPT>X</FIXPT>
    <UNICODE>X</UNICODE>
   </VSEOCLASS>
   <DESCRIPTIONS>
    <SEOCOMPOTX>
     <CLSNAME>ZCL_HR_BO_ENTRY_SALARY_APP</CLSNAME>
     <CMPNAME>ACTION_DRSHJT</CMPNAME>
     <LANGU>1</LANGU>
     <DESCRIPT>调任生活津贴</DESCRIPT>
    </SEOCOMPOTX>
    <SEOCOMPOTX>
     <CLSNAME>ZCL_HR_BO_ENTRY_SALARY_APP</CLSNAME>
     <CMPNAME>ACTION_SAVE</CMPNAME>
     <LANGU>1</LANGU>
     <DESCRIPT>Save</DESCRIPT>
    </SEOCOMPOTX>
    <SEOCOMPOTX>
     <CLSNAME>ZCL_HR_BO_ENTRY_SALARY_APP</CLSNAME>
     <CMPNAME>ACTION_SUBMIT</CMPNAME>
     <LANGU>1</LANGU>
     <DESCRIPT>Submit</DESCRIPT>
    </SEOCOMPOTX>
    <SEOCOMPOTX>
     <CLSNAME>ZCL_HR_BO_ENTRY_SALARY_APP</CLSNAME>
     <CMPNAME>ADD_MESSAGE</CMPNAME>
     <LANGU>1</LANGU>
     <DESCRIPT>Add message</DESCRIPT>
    </SEOCOMPOTX>
    <SEOCOMPOTX>
     <CLSNAME>ZCL_HR_BO_ENTRY_SALARY_APP</CLSNAME>
     <CMPNAME>CHECK_CONSISTENCY</CMPNAME>
     <LANGU>1</LANGU>
     <DESCRIPT>Consistency check</DESCRIPT>
    </SEOCOMPOTX>
    <SEOCOMPOTX>
     <CLSNAME>ZCL_HR_BO_ENTRY_SALARY_APP</CLSNAME>
     <CMPNAME>CONSTRUCTOR</CMPNAME>
     <LANGU>1</LANGU>
     <DESCRIPT>CONSTRUCTOR</DESCRIPT>
    </SEOCOMPOTX>
    <SEOCOMPOTX>
     <CLSNAME>ZCL_HR_BO_ENTRY_SALARY_APP</CLSNAME>
     <CMPNAME>DET_ALTERNATIVE_KEY</CMPNAME>
     <LANGU>1</LANGU>
     <DESCRIPT>Determine alternative key</DESCRIPT>
    </SEOCOMPOTX>
    <SEOCOMPOTX>
     <CLSNAME>ZCL_HR_BO_ENTRY_SALARY_APP</CLSNAME>
     <CMPNAME>DET_BASIC_DATA</CMPNAME>
     <LANGU>1</LANGU>
     <DESCRIPT>Determine basic data</DESCRIPT>
    </SEOCOMPOTX>
    <SEOCOMPOTX>
     <CLSNAME>ZCL_HR_BO_ENTRY_SALARY_APP</CLSNAME>
     <CMPNAME>DET_CALC_TOTAL_SALARY</CMPNAME>
     <LANGU>1</LANGU>
     <DESCRIPT>Determine calculate total salary</DESCRIPT>
    </SEOCOMPOTX>
    <SEOCOMPOTX>
     <CLSNAME>ZCL_HR_BO_ENTRY_SALARY_APP</CLSNAME>
     <CMPNAME>DET_INIT_BASIC_DATA</CMPNAME>
     <LANGU>1</LANGU>
     <DESCRIPT>Init basic data</DESCRIPT>
    </SEOCOMPOTX>
    <SEOCOMPOTX>
     <CLSNAME>ZCL_HR_BO_ENTRY_SALARY_APP</CLSNAME>
     <CMPNAME>DET_ROOT_DATA</CMPNAME>
     <LANGU>1</LANGU>
     <DESCRIPT>Determine root data which relation ship to basic</DESCRIPT>
    </SEOCOMPOTX>
    <SEOCOMPOTX>
     <CLSNAME>ZCL_HR_BO_ENTRY_SALARY_APP</CLSNAME>
     <CMPNAME>DET_SALARY_DATA</CMPNAME>
     <LANGU>1</LANGU>
     <DESCRIPT>Determine salary data</DESCRIPT>
    </SEOCOMPOTX>
    <SEOCOMPOTX>
     <CLSNAME>ZCL_HR_BO_ENTRY_SALARY_APP</CLSNAME>
     <CMPNAME>DET_SB_DATA</CMPNAME>
     <LANGU>1</LANGU>
     <DESCRIPT>Determine SB data</DESCRIPT>
    </SEOCOMPOTX>
    <SEOCOMPOTX>
     <CLSNAME>ZCL_HR_BO_ENTRY_SALARY_APP</CLSNAME>
     <CMPNAME>EXEC_CHANGE_STATUS</CMPNAME>
     <LANGU>1</LANGU>
     <DESCRIPT>Change status</DESCRIPT>
    </SEOCOMPOTX>
    <SEOCOMPOTX>
     <CLSNAME>ZCL_HR_BO_ENTRY_SALARY_APP</CLSNAME>
     <CMPNAME>QUERY_APP_DETAILS</CMPNAME>
     <LANGU>1</LANGU>
     <DESCRIPT>Query Application Details</DESCRIPT>
    </SEOCOMPOTX>
   </DESCRIPTIONS>
  </asx:values>
 </asx:abap>
</abapGit>
