﻿<?xml version="1.0" encoding="utf-8"?>
<abapGit version="v1.0.0" serializer="LCL_OBJECT_CLAS" serializer_version="v1.0.0">
 <asx:abap xmlns:asx="http://www.sap.com/abapxml" version="1.0">
  <asx:values>
   <VSEOCLASS>
    <CLSNAME>ZCL_HR_JCSQ_REQUEST</CLSNAME>
    <VERSION>1</VERSION>
    <LANGU>1</LANGU>
    <DESCRIPT>奖惩申请辅助类</DESCRIPT>
    <STATE>1</STATE>
    <CLSCCINCL>X</CLSCCINCL>
    <FIXPT>X</FIXPT>
    <UNICODE>X</UNICODE>
   </VSEOCLASS>
   <DESCRIPTIONS>
    <SEOCOMPOTX>
     <CLSNAME>ZCL_HR_JCSQ_REQUEST</CLSNAME>
     <CMPNAME>ADD_ROW</CMPNAME>
     <LANGU>1</LANGU>
     <DESCRIPT>新增一行</DESCRIPT>
    </SEOCOMPOTX>
    <SEOCOMPOTX>
     <CLSNAME>ZCL_HR_JCSQ_REQUEST</CLSNAME>
     <CMPNAME>CHECK_DATA</CMPNAME>
     <LANGU>1</LANGU>
     <DESCRIPT>数据检查</DESCRIPT>
    </SEOCOMPOTX>
    <SEOCOMPOTX>
     <CLSNAME>ZCL_HR_JCSQ_REQUEST</CLSNAME>
     <CMPNAME>COMMIT_DATA</CMPNAME>
     <LANGU>1</LANGU>
     <DESCRIPT>提交数据</DESCRIPT>
    </SEOCOMPOTX>
    <SEOCOMPOTX>
     <CLSNAME>ZCL_HR_JCSQ_REQUEST</CLSNAME>
     <CMPNAME>ERROR_MESSAGE</CMPNAME>
     <LANGU>1</LANGU>
     <DESCRIPT>错误信息</DESCRIPT>
    </SEOCOMPOTX>
    <SEOCOMPOTX>
     <CLSNAME>ZCL_HR_JCSQ_REQUEST</CLSNAME>
     <CMPNAME>GET_ALL_DATA</CMPNAME>
     <LANGU>1</LANGU>
     <DESCRIPT>查询数据</DESCRIPT>
    </SEOCOMPOTX>
    <SEOCOMPOTX>
     <CLSNAME>ZCL_HR_JCSQ_REQUEST</CLSNAME>
     <CMPNAME>GET_DATA_SINGLE</CMPNAME>
     <LANGU>1</LANGU>
     <DESCRIPT>获取单条数据</DESCRIPT>
    </SEOCOMPOTX>
    <SEOCOMPOTX>
     <CLSNAME>ZCL_HR_JCSQ_REQUEST</CLSNAME>
     <CMPNAME>GET_HEAD</CMPNAME>
     <LANGU>1</LANGU>
     <DESCRIPT>获取头信息数据</DESCRIPT>
    </SEOCOMPOTX>
    <SEOCOMPOTX>
     <CLSNAME>ZCL_HR_JCSQ_REQUEST</CLSNAME>
     <CMPNAME>GET_PERINFO</CMPNAME>
     <LANGU>1</LANGU>
     <DESCRIPT>获取员工个人信息</DESCRIPT>
    </SEOCOMPOTX>
    <SEOCOMPOTX>
     <CLSNAME>ZCL_HR_JCSQ_REQUEST</CLSNAME>
     <CMPNAME>GET_PERINFO_SUB</CMPNAME>
     <LANGU>1</LANGU>
     <DESCRIPT>保存数据</DESCRIPT>
    </SEOCOMPOTX>
    <SEOCOMPOTX>
     <CLSNAME>ZCL_HR_JCSQ_REQUEST</CLSNAME>
     <CMPNAME>GET_SELECT_ELEMENT</CMPNAME>
     <LANGU>1</LANGU>
     <DESCRIPT>获取选择行</DESCRIPT>
    </SEOCOMPOTX>
    <SEOCOMPOTX>
     <CLSNAME>ZCL_HR_JCSQ_REQUEST</CLSNAME>
     <CMPNAME>GET_UP_ORGEH</CMPNAME>
     <LANGU>1</LANGU>
     <DESCRIPT>获取当前部门所在的组织层级为部门的上级部门ID</DESCRIPT>
    </SEOCOMPOTX>
    <SEOCOMPOTX>
     <CLSNAME>ZCL_HR_JCSQ_REQUEST</CLSNAME>
     <CMPNAME>GT_DETAIL</CMPNAME>
     <LANGU>1</LANGU>
     <DESCRIPT>奖惩申请明细数据结构</DESCRIPT>
    </SEOCOMPOTX>
    <SEOCOMPOTX>
     <CLSNAME>ZCL_HR_JCSQ_REQUEST</CLSNAME>
     <CMPNAME>GT_HEAD</CMPNAME>
     <LANGU>1</LANGU>
     <DESCRIPT>奖惩申请HEAD结构</DESCRIPT>
    </SEOCOMPOTX>
    <SEOCOMPOTX>
     <CLSNAME>ZCL_HR_JCSQ_REQUEST</CLSNAME>
     <CMPNAME>GT_LIST</CMPNAME>
     <LANGU>1</LANGU>
     <DESCRIPT>奖惩申请明细数据结构</DESCRIPT>
    </SEOCOMPOTX>
    <SEOCOMPOTX>
     <CLSNAME>ZCL_HR_JCSQ_REQUEST</CLSNAME>
     <CMPNAME>G_ACTION</CMPNAME>
     <LANGU>1</LANGU>
     <DESCRIPT>N 新建 U 更新 S 显示</DESCRIPT>
    </SEOCOMPOTX>
    <SEOCOMPOTX>
     <CLSNAME>ZCL_HR_JCSQ_REQUEST</CLSNAME>
     <CMPNAME>G_AHEAD_DETAIL</CMPNAME>
     <LANGU>1</LANGU>
     <DESCRIPT>奖惩申请明细表</DESCRIPT>
    </SEOCOMPOTX>
    <SEOCOMPOTX>
     <CLSNAME>ZCL_HR_JCSQ_REQUEST</CLSNAME>
     <CMPNAME>G_AHEAD_SEQNR</CMPNAME>
     <LANGU>1</LANGU>
     <DESCRIPT>上一笔的SEQNR</DESCRIPT>
    </SEOCOMPOTX>
    <SEOCOMPOTX>
     <CLSNAME>ZCL_HR_JCSQ_REQUEST</CLSNAME>
     <CMPNAME>G_DEL_DETAIL</CMPNAME>
     <LANGU>1</LANGU>
     <DESCRIPT>奖惩申请明细数据结构</DESCRIPT>
    </SEOCOMPOTX>
    <SEOCOMPOTX>
     <CLSNAME>ZCL_HR_JCSQ_REQUEST</CLSNAME>
     <CMPNAME>G_DETAIL</CMPNAME>
     <LANGU>1</LANGU>
     <DESCRIPT>奖惩申请明细表</DESCRIPT>
    </SEOCOMPOTX>
    <SEOCOMPOTX>
     <CLSNAME>ZCL_HR_JCSQ_REQUEST</CLSNAME>
     <CMPNAME>G_HEAD</CMPNAME>
     <LANGU>1</LANGU>
     <DESCRIPT>奖惩申请抬头表</DESCRIPT>
    </SEOCOMPOTX>
    <SEOCOMPOTX>
     <CLSNAME>ZCL_HR_JCSQ_REQUEST</CLSNAME>
     <CMPNAME>REMOVE_ROW</CMPNAME>
     <LANGU>1</LANGU>
     <DESCRIPT>删除一行</DESCRIPT>
    </SEOCOMPOTX>
    <SEOCOMPOTX>
     <CLSNAME>ZCL_HR_JCSQ_REQUEST</CLSNAME>
     <CMPNAME>SAVE_DATA</CMPNAME>
     <LANGU>1</LANGU>
     <DESCRIPT>保存数据</DESCRIPT>
    </SEOCOMPOTX>
    <SEOCOMPOTX>
     <CLSNAME>ZCL_HR_JCSQ_REQUEST</CLSNAME>
     <CMPNAME>SET_G_DETAIL</CMPNAME>
     <LANGU>1</LANGU>
     <DESCRIPT>设置全局变量</DESCRIPT>
    </SEOCOMPOTX>
   </DESCRIPTIONS>
  </asx:values>
 </asx:abap>
</abapGit>
