﻿<?xml version="1.0" encoding="utf-8"?>
<abapGit version="v1.0.0" serializer="LCL_OBJECT_CLAS" serializer_version="v1.0.0">
 <asx:abap xmlns:asx="http://www.sap.com/abapxml" version="1.0">
  <asx:values>
   <VSEOCLASS>
    <CLSNAME>ZCL_HR_RYYD_REQUEST</CLSNAME>
    <VERSION>1</VERSION>
    <LANGU>1</LANGU>
    <DESCRIPT>辅助类 ZWDHR_RYYD_REQUEST</DESCRIPT>
    <STATE>1</STATE>
    <CLSCCINCL>X</CLSCCINCL>
    <FIXPT>X</FIXPT>
    <UNICODE>X</UNICODE>
   </VSEOCLASS>
   <DESCRIPTIONS>
    <SEOCOMPOTX>
     <CLSNAME>ZCL_HR_RYYD_REQUEST</CLSNAME>
     <CMPNAME>GC_MOLGA_CN</CMPNAME>
     <LANGU>1</LANGU>
     <DESCRIPT>国家分组</DESCRIPT>
    </SEOCOMPOTX>
    <SEOCOMPOTX>
     <CLSNAME>ZCL_HR_RYYD_REQUEST</CLSNAME>
     <CMPNAME>GC_OA_TYPE</CMPNAME>
     <LANGU>1</LANGU>
     <DESCRIPT>流程类型</DESCRIPT>
    </SEOCOMPOTX>
    <SEOCOMPOTX>
     <CLSNAME>ZCL_HR_RYYD_REQUEST</CLSNAME>
     <CMPNAME>GC_STA_RETURN</CMPNAME>
     <LANGU>1</LANGU>
     <DESCRIPT>审批状态</DESCRIPT>
    </SEOCOMPOTX>
    <SEOCOMPOTX>
     <CLSNAME>ZCL_HR_RYYD_REQUEST</CLSNAME>
     <CMPNAME>GC_STA_SAVE</CMPNAME>
     <LANGU>1</LANGU>
     <DESCRIPT>审批状态</DESCRIPT>
    </SEOCOMPOTX>
    <SEOCOMPOTX>
     <CLSNAME>ZCL_HR_RYYD_REQUEST</CLSNAME>
     <CMPNAME>GC_STA_SUBMIT</CMPNAME>
     <LANGU>1</LANGU>
     <DESCRIPT>审批状态</DESCRIPT>
    </SEOCOMPOTX>
    <SEOCOMPOTX>
     <CLSNAME>ZCL_HR_RYYD_REQUEST</CLSNAME>
     <CMPNAME>GC_STA_WF_ERROR</CMPNAME>
     <LANGU>1</LANGU>
     <DESCRIPT>审批状态</DESCRIPT>
    </SEOCOMPOTX>
    <SEOCOMPOTX>
     <CLSNAME>ZCL_HR_RYYD_REQUEST</CLSNAME>
     <CMPNAME>GET_DOMAIN_TEXT</CMPNAME>
     <LANGU>1</LANGU>
     <DESCRIPT>获取域的文本</DESCRIPT>
    </SEOCOMPOTX>
    <SEOCOMPOTX>
     <CLSNAME>ZCL_HR_RYYD_REQUEST</CLSNAME>
     <CMPNAME>GET_MAIN_DATA</CMPNAME>
     <LANGU>1</LANGU>
     <DESCRIPT>获取异动人员信息</DESCRIPT>
    </SEOCOMPOTX>
    <SEOCOMPOTX>
     <CLSNAME>ZCL_HR_RYYD_REQUEST</CLSNAME>
     <CMPNAME>INIT_REQUEST_HEAD</CMPNAME>
     <LANGU>1</LANGU>
     <DESCRIPT>初始化单据</DESCRIPT>
    </SEOCOMPOTX>
    <SEOCOMPOTX>
     <CLSNAME>ZCL_HR_RYYD_REQUEST</CLSNAME>
     <CMPNAME>TT_ZHRT00304</CMPNAME>
     <LANGU>1</LANGU>
     <DESCRIPT>表ZHRT00304类型</DESCRIPT>
    </SEOCOMPOTX>
   </DESCRIPTIONS>
  </asx:values>
 </asx:abap>
</abapGit>
