﻿<?xml version="1.0" encoding="utf-8"?>
<abapGit version="v1.0.0" serializer="LCL_OBJECT_CLAS" serializer_version="v1.0.0">
 <asx:abap xmlns:asx="http://www.sap.com/abapxml" version="1.0">
  <asx:values>
   <VSEOCLASS>
    <CLSNAME>ZCL_HR_TRA_TRANS_MGR_FACTORY</CLSNAME>
    <VERSION>1</VERSION>
    <LANGU>1</LANGU>
    <DESCRIPT>Factory class for the transaction manager</DESCRIPT>
    <STATE>1</STATE>
    <CLSCCINCL>X</CLSCCINCL>
    <FIXPT>X</FIXPT>
    <UNICODE>X</UNICODE>
   </VSEOCLASS>
   <DESCRIPTIONS>
    <SEOCOMPOTX>
     <CLSNAME>ZCL_HR_TRA_TRANS_MGR_FACTORY</CLSNAME>
     <CMPNAME>GET_TRANSACTION_MANAGER</CMPNAME>
     <LANGU>1</LANGU>
     <DESCRIPT>Get the Standalone Transaction Manager Instance</DESCRIPT>
    </SEOCOMPOTX>
    <SEOCOMPOTX>
     <CLSNAME>ZCL_HR_TRA_TRANS_MGR_FACTORY</CLSNAME>
     <CMPNAME>GO_TRANSACTION_MGR</CMPNAME>
     <LANGU>1</LANGU>
     <DESCRIPT>Interface of the standalone transaction manager</DESCRIPT>
    </SEOCOMPOTX>
   </DESCRIPTIONS>
  </asx:values>
 </asx:abap>
</abapGit>
