﻿<?xml version="1.0" encoding="utf-8"?>
<abapGit version="v1.0.0" serializer="LCL_OBJECT_CLAS" serializer_version="v1.0.0">
 <asx:abap xmlns:asx="http://www.sap.com/abapxml" version="1.0">
  <asx:values>
   <VSEOCLASS>
    <CLSNAME>ZCL_HRBAS_CDOCEXT_HANDLER</CLSNAME>
    <VERSION>1</VERSION>
    <LANGU>1</LANGU>
    <DESCRIPT>HR: Change Document</DESCRIPT>
    <STATE>1</STATE>
    <CLSCCINCL>X</CLSCCINCL>
    <FIXPT>X</FIXPT>
    <UNICODE>X</UNICODE>
   </VSEOCLASS>
   <DESCRIPTIONS>
    <SEOCOMPOTX>
     <CLSNAME>ZCL_HRBAS_CDOCEXT_HANDLER</CLSNAME>
     <CMPNAME>ADD_GENERAL_PARAMETERS</CMPNAME>
     <LANGU>1</LANGU>
     <DESCRIPT>Delivers Parameters Generally Valid for Docu.Update Program</DESCRIPT>
    </SEOCOMPOTX>
    <SEOCOMPOTX>
     <CLSNAME>ZCL_HRBAS_CDOCEXT_HANDLER</CLSNAME>
     <CMPNAME>ADD_PARAMETERS_FOR_TABLE</CMPNAME>
     <LANGU>1</LANGU>
     <DESCRIPT>Adds Parameters for Spec. Table to Parameter Table</DESCRIPT>
    </SEOCOMPOTX>
    <SEOCOMPOTX>
     <CLSNAME>ZCL_HRBAS_CDOCEXT_HANDLER</CLSNAME>
     <CMPNAME>CHECK_CHANGEDOC_FUNCTION</CMPNAME>
     <LANGU>1</LANGU>
     <DESCRIPT>Checks Generated Update Module of a Document Object</DESCRIPT>
    </SEOCOMPOTX>
    <SEOCOMPOTX>
     <CLSNAME>ZCL_HRBAS_CDOCEXT_HANDLER</CLSNAME>
     <CMPNAME>GET_CHANGEDOC_FUNCTION</CMPNAME>
     <LANGU>1</LANGU>
     <DESCRIPT>Delivers Name of Posting Module of a Document Object</DESCRIPT>
    </SEOCOMPOTX>
   </DESCRIPTIONS>
  </asx:values>
 </asx:abap>
</abapGit>
