﻿<?xml version="1.0" encoding="utf-8"?>
<abapGit version="v1.0.0" serializer="LCL_OBJECT_CLAS" serializer_version="v1.0.0">
 <asx:abap xmlns:asx="http://www.sap.com/abapxml" version="1.0">
  <asx:values>
   <VSEOCLASS>
    <CLSNAME>ZCL_HR2_GET_ORGANIZATION</CLSNAME>
    <VERSION>1</VERSION>
    <LANGU>1</LANGU>
    <DESCRIPT>辅助类 ZWDC_HR2_GET_WAGE_BONUS</DESCRIPT>
    <STATE>1</STATE>
    <CLSCCINCL>X</CLSCCINCL>
    <FIXPT>X</FIXPT>
    <UNICODE>X</UNICODE>
   </VSEOCLASS>
   <DESCRIPTIONS>
    <SEOCOMPOTX>
     <CLSNAME>ZCL_HR2_GET_ORGANIZATION</CLSNAME>
     <CMPNAME>GV_ERMSG</CMPNAME>
     <LANGU>1</LANGU>
     <DESCRIPT>错误消息</DESCRIPT>
    </SEOCOMPOTX>
    <SEOCOMPOTX>
     <CLSNAME>ZCL_HR2_GET_ORGANIZATION</CLSNAME>
     <CMPNAME>GV_FRMNO</CMPNAME>
     <LANGU>1</LANGU>
     <DESCRIPT>单据编号</DESCRIPT>
    </SEOCOMPOTX>
    <SEOCOMPOTX>
     <CLSNAME>ZCL_HR2_GET_ORGANIZATION</CLSNAME>
     <CMPNAME>GV_FRMTP</CMPNAME>
     <LANGU>1</LANGU>
     <DESCRIPT>单据类型</DESCRIPT>
    </SEOCOMPOTX>
    <SEOCOMPOTX>
     <CLSNAME>ZCL_HR2_GET_ORGANIZATION</CLSNAME>
     <CMPNAME>GV_GJAHR</CMPNAME>
     <LANGU>1</LANGU>
     <DESCRIPT>年度</DESCRIPT>
    </SEOCOMPOTX>
    <SEOCOMPOTX>
     <CLSNAME>ZCL_HR2_GET_ORGANIZATION</CLSNAME>
     <CMPNAME>GV_ORGEH</CMPNAME>
     <LANGU>1</LANGU>
     <DESCRIPT>组织单位</DESCRIPT>
    </SEOCOMPOTX>
    <SEOCOMPOTX>
     <CLSNAME>ZCL_HR2_GET_ORGANIZATION</CLSNAME>
     <CMPNAME>M_GET_FCAT_FIELD</CMPNAME>
     <LANGU>1</LANGU>
     <DESCRIPT>获取字段目录</DESCRIPT>
    </SEOCOMPOTX>
   </DESCRIPTIONS>
  </asx:values>
 </asx:abap>
</abapGit>
