﻿<?xml version="1.0" encoding="utf-8"?>
<abapGit version="v1.0.0" serializer="LCL_OBJECT_CLAS" serializer_version="v1.0.0">
 <asx:abap xmlns:asx="http://www.sap.com/abapxml" version="1.0">
  <asx:values>
   <VSEOCLASS>
    <CLSNAME>ZCL_HR_ES_EMPLOYEE</CLSNAME>
    <VERSION>1</VERSION>
    <LANGU>1</LANGU>
    <DESCRIPT>Enterprise Structure: Employee</DESCRIPT>
    <STATE>1</STATE>
    <CLSCCINCL>X</CLSCCINCL>
    <FIXPT>X</FIXPT>
    <UNICODE>X</UNICODE>
   </VSEOCLASS>
   <DESCRIPTIONS>
    <SEOCOMPOTX>
     <CLSNAME>ZCL_HR_ES_EMPLOYEE</CLSNAME>
     <CMPNAME>GET_BUSINESS_LINE</CMPNAME>
     <LANGU>1</LANGU>
     <DESCRIPT>获取业务条线</DESCRIPT>
    </SEOCOMPOTX>
    <SEOCOMPOTX>
     <CLSNAME>ZCL_HR_ES_EMPLOYEE</CLSNAME>
     <CMPNAME>GET_EMPLOYEEDATA_FROMUSER</CMPNAME>
     <LANGU>1</LANGU>
     <DESCRIPT>Get employee data from user</DESCRIPT>
    </SEOCOMPOTX>
    <SEOCOMPOTX>
     <CLSNAME>ZCL_HR_ES_EMPLOYEE</CLSNAME>
     <CMPNAME>GET_EMPLOYEE_DATA</CMPNAME>
     <LANGU>1</LANGU>
     <DESCRIPT>Get employee data</DESCRIPT>
    </SEOCOMPOTX>
    <SEOCOMPOTX>
     <CLSNAME>ZCL_HR_ES_EMPLOYEE</CLSNAME>
     <CMPNAME>GET_EMPLOYEE_WS_RULE</CMPNAME>
     <LANGU>1</LANGU>
     <DESCRIPT>Get employee work schedule rule</DESCRIPT>
    </SEOCOMPOTX>
    <SEOCOMPOTX>
     <CLSNAME>ZCL_HR_ES_EMPLOYEE</CLSNAME>
     <CMPNAME>GET_FACTORY_SCALE</CMPNAME>
     <LANGU>1</LANGU>
     <DESCRIPT>获取工厂规模</DESCRIPT>
    </SEOCOMPOTX>
    <SEOCOMPOTX>
     <CLSNAME>ZCL_HR_ES_EMPLOYEE</CLSNAME>
     <CMPNAME>GET_NEW_PA_DATA</CMPNAME>
     <LANGU>1</LANGU>
     <DESCRIPT>获取异动后职位相关数据</DESCRIPT>
    </SEOCOMPOTX>
   </DESCRIPTIONS>
  </asx:values>
 </asx:abap>
</abapGit>
