﻿<?xml version="1.0" encoding="utf-8"?>
<abapGit version="v1.0.0" serializer="LCL_OBJECT_CLAS" serializer_version="v1.0.0">
 <asx:abap xmlns:asx="http://www.sap.com/abapxml" version="1.0">
  <asx:values>
   <VSEOCLASS>
    <CLSNAME>ZCL_HR_TIME_UTILITIES</CLSNAME>
    <VERSION>1</VERSION>
    <LANGU>1</LANGU>
    <DESCRIPT>日期、时间相关工具类</DESCRIPT>
    <STATE>1</STATE>
    <CLSCCINCL>X</CLSCCINCL>
    <FIXPT>X</FIXPT>
    <UNICODE>X</UNICODE>
   </VSEOCLASS>
   <DESCRIPTIONS>
    <SEOCOMPOTX>
     <CLSNAME>ZCL_HR_TIME_UTILITIES</CLSNAME>
     <CMPNAME>CALC_DATE</CMPNAME>
     <LANGU>1</LANGU>
     <DESCRIPT>Date +/- year/month/day (into the future/past)</DESCRIPT>
    </SEOCOMPOTX>
    <SEOCOMPOTX>
     <CLSNAME>ZCL_HR_TIME_UTILITIES</CLSNAME>
     <CMPNAME>DATETIME_DIFFERENCE</CMPNAME>
     <LANGU>1</LANGU>
     <DESCRIPT>Difference between date time</DESCRIPT>
    </SEOCOMPOTX>
    <SEOCOMPOTX>
     <CLSNAME>ZCL_HR_TIME_UTILITIES</CLSNAME>
     <CMPNAME>DATE_DIFFERENCE</CMPNAME>
     <LANGU>1</LANGU>
     <DESCRIPT>Difference between date</DESCRIPT>
    </SEOCOMPOTX>
    <SEOCOMPOTX>
     <CLSNAME>ZCL_HR_TIME_UTILITIES</CLSNAME>
     <CMPNAME>MONTH_PLUS_DETERMINE</CMPNAME>
     <LANGU>1</LANGU>
     <DESCRIPT>determine month plus</DESCRIPT>
    </SEOCOMPOTX>
   </DESCRIPTIONS>
  </asx:values>
 </asx:abap>
</abapGit>
