﻿<?xml version="1.0" encoding="utf-8"?>
<abapGit version="v1.0.0" serializer="LCL_OBJECT_CLAS" serializer_version="v1.0.0">
 <asx:abap xmlns:asx="http://www.sap.com/abapxml" version="1.0">
  <asx:values>
   <VSEOCLASS>
    <CLSNAME>ZCL_HR_HTXY_REQUEST</CLSNAME>
    <VERSION>1</VERSION>
    <LANGU>1</LANGU>
    <DESCRIPT>辅助类 ZWDC_HR_HTXY_REQUEST</DESCRIPT>
    <STATE>1</STATE>
    <CLSCCINCL>X</CLSCCINCL>
    <FIXPT>X</FIXPT>
    <UNICODE>X</UNICODE>
   </VSEOCLASS>
   <DESCRIPTIONS>
    <SEOCOMPOTX>
     <CLSNAME>ZCL_HR_HTXY_REQUEST</CLSNAME>
     <CMPNAME>GC_ATTACH_BUSTYPE</CMPNAME>
     <LANGU>1</LANGU>
     <DESCRIPT>业务类型</DESCRIPT>
    </SEOCOMPOTX>
    <SEOCOMPOTX>
     <CLSNAME>ZCL_HR_HTXY_REQUEST</CLSNAME>
     <CMPNAME>GC_OA_TYPE</CMPNAME>
     <LANGU>1</LANGU>
     <DESCRIPT>流程类型</DESCRIPT>
    </SEOCOMPOTX>
    <SEOCOMPOTX>
     <CLSNAME>ZCL_HR_HTXY_REQUEST</CLSNAME>
     <CMPNAME>GC_STA_RETURN</CMPNAME>
     <LANGU>1</LANGU>
     <DESCRIPT>单据状态</DESCRIPT>
    </SEOCOMPOTX>
    <SEOCOMPOTX>
     <CLSNAME>ZCL_HR_HTXY_REQUEST</CLSNAME>
     <CMPNAME>GC_STA_SAVE</CMPNAME>
     <LANGU>1</LANGU>
     <DESCRIPT>单据状态</DESCRIPT>
    </SEOCOMPOTX>
    <SEOCOMPOTX>
     <CLSNAME>ZCL_HR_HTXY_REQUEST</CLSNAME>
     <CMPNAME>GC_STA_SUBMIT</CMPNAME>
     <LANGU>1</LANGU>
     <DESCRIPT>单据状态</DESCRIPT>
    </SEOCOMPOTX>
    <SEOCOMPOTX>
     <CLSNAME>ZCL_HR_HTXY_REQUEST</CLSNAME>
     <CMPNAME>GC_STA_WF_ERROR</CMPNAME>
     <LANGU>1</LANGU>
     <DESCRIPT>单据状态</DESCRIPT>
    </SEOCOMPOTX>
    <SEOCOMPOTX>
     <CLSNAME>ZCL_HR_HTXY_REQUEST</CLSNAME>
     <CMPNAME>INIT_REQUEST</CMPNAME>
     <LANGU>1</LANGU>
     <DESCRIPT>初始化单据并获取基本信息</DESCRIPT>
    </SEOCOMPOTX>
   </DESCRIPTIONS>
  </asx:values>
 </asx:abap>
</abapGit>
