﻿<?xml version="1.0" encoding="utf-8"?>
<abapGit version="v1.0.0" serializer="LCL_OBJECT_CLAS" serializer_version="v1.0.0">
 <asx:abap xmlns:asx="http://www.sap.com/abapxml" version="1.0">
  <asx:values>
   <VSEOCLASS>
    <CLSNAME>ZCL_HR_NMGSJJC</CLSNAME>
    <VERSION>1</VERSION>
    <LANGU>1</LANGU>
    <DESCRIPT>辅助类 ZWDC_HR_NMGSJJC</DESCRIPT>
    <STATE>1</STATE>
    <CLSCCINCL>X</CLSCCINCL>
    <FIXPT>X</FIXPT>
    <UNICODE>X</UNICODE>
   </VSEOCLASS>
   <TPOOL>
    <item>
     <ID>I</ID>
     <KEY>001</KEY>
     <ENTRY>内贸总销量(万吨)</ENTRY>
     <LENGTH>19</LENGTH>
    </item>
    <item>
     <ID>I</ID>
     <KEY>002</KEY>
     <ENTRY>总奖金池(万元)</ENTRY>
     <LENGTH>18</LENGTH>
    </item>
    <item>
     <ID>I</ID>
     <KEY>003</KEY>
     <ENTRY>吨纸提成(元/吨)</ENTRY>
     <LENGTH>19</LENGTH>
    </item>
   </TPOOL>
   <DESCRIPTIONS>
    <SEOCOMPOTX>
     <CLSNAME>ZCL_HR_NMGSJJC</CLSNAME>
     <CMPNAME>GC_OA_TYPE</CMPNAME>
     <LANGU>1</LANGU>
     <DESCRIPT>流程类型</DESCRIPT>
    </SEOCOMPOTX>
    <SEOCOMPOTX>
     <CLSNAME>ZCL_HR_NMGSJJC</CLSNAME>
     <CMPNAME>GC_STA_RETURN</CMPNAME>
     <LANGU>1</LANGU>
     <DESCRIPT>单据状态</DESCRIPT>
    </SEOCOMPOTX>
    <SEOCOMPOTX>
     <CLSNAME>ZCL_HR_NMGSJJC</CLSNAME>
     <CMPNAME>GC_STA_SAVE</CMPNAME>
     <LANGU>1</LANGU>
     <DESCRIPT>单据状态</DESCRIPT>
    </SEOCOMPOTX>
    <SEOCOMPOTX>
     <CLSNAME>ZCL_HR_NMGSJJC</CLSNAME>
     <CMPNAME>GC_STA_SUBMIT</CMPNAME>
     <LANGU>1</LANGU>
     <DESCRIPT>单据状态</DESCRIPT>
    </SEOCOMPOTX>
    <SEOCOMPOTX>
     <CLSNAME>ZCL_HR_NMGSJJC</CLSNAME>
     <CMPNAME>GC_STA_WF_ERROR</CMPNAME>
     <LANGU>1</LANGU>
     <DESCRIPT>单据状态</DESCRIPT>
    </SEOCOMPOTX>
    <SEOCOMPOTX>
     <CLSNAME>ZCL_HR_NMGSJJC</CLSNAME>
     <CMPNAME>GET_DOMAIN_TEXT</CMPNAME>
     <LANGU>1</LANGU>
     <DESCRIPT>获取Domain文本</DESCRIPT>
    </SEOCOMPOTX>
    <SEOCOMPOTX>
     <CLSNAME>ZCL_HR_NMGSJJC</CLSNAME>
     <CMPNAME>GET_MAIN_DATA</CMPNAME>
     <LANGU>1</LANGU>
     <DESCRIPT>获取数据</DESCRIPT>
    </SEOCOMPOTX>
   </DESCRIPTIONS>
  </asx:values>
 </asx:abap>
</abapGit>
