﻿<?xml version="1.0" encoding="utf-8"?>
<abapGit version="v1.0.0" serializer="LCL_OBJECT_CLAS" serializer_version="v1.0.0">
 <asx:abap xmlns:asx="http://www.sap.com/abapxml" version="1.0">
  <asx:values>
   <VSEOCLASS>
    <CLSNAME>ZCL_HR_APPCC_OVP_ENTRY_SAL</CLSNAME>
    <VERSION>1</VERSION>
    <LANGU>1</LANGU>
    <DESCRIPT>入职定薪申请：APPCC for OVP</DESCRIPT>
    <STATE>1</STATE>
    <CLSCCINCL>X</CLSCCINCL>
    <FIXPT>X</FIXPT>
    <UNICODE>X</UNICODE>
   </VSEOCLASS>
   <DESCRIPTIONS>
    <SEOCOMPOTX>
     <CLSNAME>ZCL_HR_APPCC_OVP_ENTRY_SAL</CLSNAME>
     <CMPNAME>ACTION_DRSHJT</CMPNAME>
     <LANGU>1</LANGU>
     <DESCRIPT>调任生活津贴</DESCRIPT>
    </SEOCOMPOTX>
    <SEOCOMPOTX>
     <CLSNAME>ZCL_HR_APPCC_OVP_ENTRY_SAL</CLSNAME>
     <CMPNAME>ACTION_SAVE</CMPNAME>
     <LANGU>1</LANGU>
     <DESCRIPT>Save</DESCRIPT>
    </SEOCOMPOTX>
    <SEOCOMPOTX>
     <CLSNAME>ZCL_HR_APPCC_OVP_ENTRY_SAL</CLSNAME>
     <CMPNAME>ACTION_SUBMIT</CMPNAME>
     <LANGU>1</LANGU>
     <DESCRIPT>Submit</DESCRIPT>
    </SEOCOMPOTX>
    <SEOCOMPOTX>
     <CLSNAME>ZCL_HR_APPCC_OVP_ENTRY_SAL</CLSNAME>
     <CMPNAME>DETERMINE_MAIN_1_TLB_BTN_PROP</CMPNAME>
     <LANGU>1</LANGU>
     <DESCRIPT>Determine Toolbar Properties of Page MAIN_1</DESCRIPT>
    </SEOCOMPOTX>
    <SEOCOMPOTX>
     <CLSNAME>ZCL_HR_APPCC_OVP_ENTRY_SAL</CLSNAME>
     <CMPNAME>GET_ROOT</CMPNAME>
     <LANGU>1</LANGU>
     <DESCRIPT>Get root</DESCRIPT>
    </SEOCOMPOTX>
    <SEOCOMPOTX>
     <CLSNAME>ZCL_HR_APPCC_OVP_ENTRY_SAL</CLSNAME>
     <CMPNAME>SUBMIT_TO_OA</CMPNAME>
     <LANGU>1</LANGU>
     <DESCRIPT>Submit to OA</DESCRIPT>
    </SEOCOMPOTX>
    <SEOCOMPOTX>
     <CLSNAME>ZCL_HR_APPCC_OVP_ENTRY_SAL</CLSNAME>
     <CMPNAME>UPDATE_ROOT</CMPNAME>
     <LANGU>1</LANGU>
     <DESCRIPT>Update root</DESCRIPT>
    </SEOCOMPOTX>
   </DESCRIPTIONS>
  </asx:values>
 </asx:abap>
</abapGit>
