﻿<?xml version="1.0" encoding="utf-8"?>
<abapGit version="v1.0.0" serializer="LCL_OBJECT_CLAS" serializer_version="v1.0.0">
 <asx:abap xmlns:asx="http://www.sap.com/abapxml" version="1.0">
  <asx:values>
   <VSEOCLASS>
    <CLSNAME>ZCL_HR_PRINT_REQUEST</CLSNAME>
    <VERSION>1</VERSION>
    <LANGU>1</LANGU>
    <DESCRIPT>证明材料申请辅助类</DESCRIPT>
    <STATE>1</STATE>
    <CLSCCINCL>X</CLSCCINCL>
    <FIXPT>X</FIXPT>
    <UNICODE>X</UNICODE>
   </VSEOCLASS>
   <DESCRIPTIONS>
    <SEOCOMPOTX>
     <CLSNAME>ZCL_HR_PRINT_REQUEST</CLSNAME>
     <CMPNAME>CHECK_DATA</CMPNAME>
     <LANGU>1</LANGU>
     <DESCRIPT>数据检查</DESCRIPT>
    </SEOCOMPOTX>
    <SEOCOMPOTX>
     <CLSNAME>ZCL_HR_PRINT_REQUEST</CLSNAME>
     <CMPNAME>GET_SEL</CMPNAME>
     <LANGU>1</LANGU>
     <DESCRIPT>获取选择行</DESCRIPT>
    </SEOCOMPOTX>
    <SEOCOMPOTX>
     <CLSNAME>ZCL_HR_PRINT_REQUEST</CLSNAME>
     <CMPNAME>G_ACTION</CMPNAME>
     <LANGU>1</LANGU>
     <DESCRIPT>操作类型 S 显示 C 创建 U编辑</DESCRIPT>
    </SEOCOMPOTX>
    <SEOCOMPOTX>
     <CLSNAME>ZCL_HR_PRINT_REQUEST</CLSNAME>
     <CMPNAME>G_DETAIL</CMPNAME>
     <LANGU>1</LANGU>
     <DESCRIPT>个人证明打印申请明细表</DESCRIPT>
    </SEOCOMPOTX>
    <SEOCOMPOTX>
     <CLSNAME>ZCL_HR_PRINT_REQUEST</CLSNAME>
     <CMPNAME>G_ENAME</CMPNAME>
     <LANGU>1</LANGU>
     <DESCRIPT>姓名</DESCRIPT>
    </SEOCOMPOTX>
    <SEOCOMPOTX>
     <CLSNAME>ZCL_HR_PRINT_REQUEST</CLSNAME>
     <CMPNAME>G_HEAD</CMPNAME>
     <LANGU>1</LANGU>
     <DESCRIPT>个人证明打印申请抬头表</DESCRIPT>
    </SEOCOMPOTX>
    <SEOCOMPOTX>
     <CLSNAME>ZCL_HR_PRINT_REQUEST</CLSNAME>
     <CMPNAME>G_PERNR</CMPNAME>
     <LANGU>1</LANGU>
     <DESCRIPT>人员号</DESCRIPT>
    </SEOCOMPOTX>
    <SEOCOMPOTX>
     <CLSNAME>ZCL_HR_PRINT_REQUEST</CLSNAME>
     <CMPNAME>SAVE_DATA</CMPNAME>
     <LANGU>1</LANGU>
     <DESCRIPT>保存数据</DESCRIPT>
    </SEOCOMPOTX>
    <SEOCOMPOTX>
     <CLSNAME>ZCL_HR_PRINT_REQUEST</CLSNAME>
     <CMPNAME>SET_G_DETAIL</CMPNAME>
     <LANGU>1</LANGU>
     <DESCRIPT>设置全局明细</DESCRIPT>
    </SEOCOMPOTX>
    <SEOCOMPOTX>
     <CLSNAME>ZCL_HR_PRINT_REQUEST</CLSNAME>
     <CMPNAME>SET_G_HEAD</CMPNAME>
     <LANGU>1</LANGU>
     <DESCRIPT>设置全局抬头数据</DESCRIPT>
    </SEOCOMPOTX>
    <SEOCOMPOTX>
     <CLSNAME>ZCL_HR_PRINT_REQUEST</CLSNAME>
     <CMPNAME>SET_PERNO</CMPNAME>
     <LANGU>1</LANGU>
     <DESCRIPT>设置操作人信息</DESCRIPT>
    </SEOCOMPOTX>
   </DESCRIPTIONS>
  </asx:values>
 </asx:abap>
</abapGit>
