﻿<?xml version="1.0" encoding="utf-8"?>
<abapGit version="v1.0.0" serializer="LCL_OBJECT_CLAS" serializer_version="v1.0.0">
 <asx:abap xmlns:asx="http://www.sap.com/abapxml" version="1.0">
  <asx:values>
   <VSEOCLASS>
    <CLSNAME>ZCL_HR_TRA_TRANSACTION_MGR</CLSNAME>
    <VERSION>1</VERSION>
    <LANGU>1</LANGU>
    <DESCRIPT>Transaction Manager</DESCRIPT>
    <STATE>1</STATE>
    <CLSCCINCL>X</CLSCCINCL>
    <FIXPT>X</FIXPT>
    <UNICODE>X</UNICODE>
   </VSEOCLASS>
   <DESCRIPTIONS>
    <SEOCOMPOTX>
     <CLSNAME>ZCL_HR_TRA_TRANSACTION_MGR</CLSNAME>
     <CMPNAME>CLEAR_TRANSACTION</CMPNAME>
     <LANGU>1</LANGU>
     <DESCRIPT>Cleanup the current trans. at the end of the trans. phase</DESCRIPT>
    </SEOCOMPOTX>
    <SEOCOMPOTX>
     <CLSNAME>ZCL_HR_TRA_TRANSACTION_MGR</CLSNAME>
     <CMPNAME>DO_SAVE</CMPNAME>
     <LANGU>1</LANGU>
     <DESCRIPT>Save Changes of the current Transaction</DESCRIPT>
    </SEOCOMPOTX>
    <SEOCOMPOTX>
     <CLSNAME>ZCL_HR_TRA_TRANSACTION_MGR</CLSNAME>
     <CMPNAME>MT_SERVICE_MANAGER_REGISTER</CMPNAME>
     <LANGU>1</LANGU>
     <DESCRIPT>Register containing all service manager instances</DESCRIPT>
    </SEOCOMPOTX>
    <SEOCOMPOTX>
     <CLSNAME>ZCL_HR_TRA_TRANSACTION_MGR</CLSNAME>
     <CMPNAME>NEW_SERVICE_MANAGER</CMPNAME>
     <LANGU>1</LANGU>
     <DESCRIPT>New service manager</DESCRIPT>
    </SEOCOMPOTX>
    <SEOCOMPOTX>
     <CLSNAME>ZCL_HR_TRA_TRANSACTION_MGR</CLSNAME>
     <CMPNAME>REGISTER_SERVICE_MANAGER</CMPNAME>
     <LANGU>1</LANGU>
     <DESCRIPT>Register new service manager</DESCRIPT>
    </SEOCOMPOTX>
   </DESCRIPTIONS>
  </asx:values>
 </asx:abap>
</abapGit>
