﻿<?xml version="1.0" encoding="utf-8"?>
<abapGit version="v1.0.0" serializer="LCL_OBJECT_CLAS" serializer_version="v1.0.0">
 <asx:abap xmlns:asx="http://www.sap.com/abapxml" version="1.0">
  <asx:values>
   <VSEOCLASS>
    <CLSNAME>ZCL_HR_SLUIBB_FEEDER</CLSNAME>
    <VERSION>1</VERSION>
    <LANGU>1</LANGU>
    <DESCRIPT>Search UIBB/List UIBB template</DESCRIPT>
    <STATE>1</STATE>
    <CLSCCINCL>X</CLSCCINCL>
    <FIXPT>X</FIXPT>
    <UNICODE>X</UNICODE>
   </VSEOCLASS>
   <DESCRIPTIONS>
    <SEOCOMPOTX>
     <CLSNAME>ZCL_HR_SLUIBB_FEEDER</CLSNAME>
     <CMPNAME>DETERMINE_RANGE_VALUES</CMPNAME>
     <LANGU>1</LANGU>
     <DESCRIPT>Determine range table</DESCRIPT>
    </SEOCOMPOTX>
    <SEOCOMPOTX>
     <CLSNAME>ZCL_HR_SLUIBB_FEEDER</CLSNAME>
     <CMPNAME>EXECUTE_SEARCH</CMPNAME>
     <LANGU>1</LANGU>
     <DESCRIPT>Execute search</DESCRIPT>
    </SEOCOMPOTX>
    <SEOCOMPOTX>
     <CLSNAME>ZCL_HR_SLUIBB_FEEDER</CLSNAME>
     <CMPNAME>GET_RESULT_DATA</CMPNAME>
     <LANGU>1</LANGU>
     <DESCRIPT>Get result data</DESCRIPT>
    </SEOCOMPOTX>
    <SEOCOMPOTX>
     <CLSNAME>ZCL_HR_SLUIBB_FEEDER</CLSNAME>
     <CMPNAME>MC_PARAM_FILTER</CMPNAME>
     <LANGU>1</LANGU>
     <DESCRIPT>Search paramter</DESCRIPT>
    </SEOCOMPOTX>
    <SEOCOMPOTX>
     <CLSNAME>ZCL_HR_SLUIBB_FEEDER</CLSNAME>
     <CMPNAME>MC_PARAM_RESULT</CMPNAME>
     <LANGU>1</LANGU>
     <DESCRIPT>Result parameter</DESCRIPT>
    </SEOCOMPOTX>
    <SEOCOMPOTX>
     <CLSNAME>ZCL_HR_SLUIBB_FEEDER</CLSNAME>
     <CMPNAME>MO_FIELD_CATALOG_STR</CMPNAME>
     <LANGU>1</LANGU>
     <DESCRIPT>Runtime Type Services</DESCRIPT>
    </SEOCOMPOTX>
    <SEOCOMPOTX>
     <CLSNAME>ZCL_HR_SLUIBB_FEEDER</CLSNAME>
     <CMPNAME>MO_FIELD_CATALOG_TBL</CMPNAME>
     <LANGU>1</LANGU>
     <DESCRIPT>Runtime Type Services</DESCRIPT>
    </SEOCOMPOTX>
    <SEOCOMPOTX>
     <CLSNAME>ZCL_HR_SLUIBB_FEEDER</CLSNAME>
     <CMPNAME>MO_FPM</CMPNAME>
     <LANGU>1</LANGU>
     <DESCRIPT>Interface for accessing FPM functionality</DESCRIPT>
    </SEOCOMPOTX>
    <SEOCOMPOTX>
     <CLSNAME>ZCL_HR_SLUIBB_FEEDER</CLSNAME>
     <CMPNAME>MT_RESULT</CMPNAME>
     <LANGU>1</LANGU>
     <DESCRIPT>Result list</DESCRIPT>
    </SEOCOMPOTX>
    <SEOCOMPOTX>
     <CLSNAME>ZCL_HR_SLUIBB_FEEDER</CLSNAME>
     <CMPNAME>MV_FILTER_STR</CMPNAME>
     <LANGU>1</LANGU>
     <DESCRIPT>结构名称</DESCRIPT>
    </SEOCOMPOTX>
    <SEOCOMPOTX>
     <CLSNAME>ZCL_HR_SLUIBB_FEEDER</CLSNAME>
     <CMPNAME>MV_RESULT_STR</CMPNAME>
     <LANGU>1</LANGU>
     <DESCRIPT>结构名称</DESCRIPT>
    </SEOCOMPOTX>
    <SEOCOMPOTX>
     <CLSNAME>ZCL_HR_SLUIBB_FEEDER</CLSNAME>
     <CMPNAME>OPEN_DIALOG</CMPNAME>
     <LANGU>1</LANGU>
     <DESCRIPT>Open dialog</DESCRIPT>
    </SEOCOMPOTX>
   </DESCRIPTIONS>
  </asx:values>
 </asx:abap>
</abapGit>
