﻿<?xml version="1.0" encoding="utf-8"?>
<abapGit version="v1.0.0" serializer="LCL_OBJECT_CLAS" serializer_version="v1.0.0">
 <asx:abap xmlns:asx="http://www.sap.com/abapxml" version="1.0">
  <asx:values>
   <VSEOCLASS>
    <CLSNAME>ZCL_HR_GUIBB_FORM</CLSNAME>
    <VERSION>1</VERSION>
    <LANGU>1</LANGU>
    <DESCRIPT>Form GUIBB Feeder</DESCRIPT>
    <STATE>1</STATE>
    <CLSCCINCL>X</CLSCCINCL>
    <FIXPT>X</FIXPT>
    <UNICODE>X</UNICODE>
   </VSEOCLASS>
   <DESCRIPTIONS>
    <SEOCOMPOTX>
     <CLSNAME>ZCL_HR_GUIBB_FORM</CLSNAME>
     <CMPNAME>CHECK</CMPNAME>
     <LANGU>1</LANGU>
     <DESCRIPT>Check data</DESCRIPT>
    </SEOCOMPOTX>
    <SEOCOMPOTX>
     <CLSNAME>ZCL_HR_GUIBB_FORM</CLSNAME>
     <CMPNAME>FLUSH</CMPNAME>
     <LANGU>1</LANGU>
     <DESCRIPT>Flush</DESCRIPT>
    </SEOCOMPOTX>
    <SEOCOMPOTX>
     <CLSNAME>ZCL_HR_GUIBB_FORM</CLSNAME>
     <CMPNAME>GET_DND_DEFINITION</CMPNAME>
     <LANGU>1</LANGU>
     <DESCRIPT>Get drag-n-drop definition</DESCRIPT>
    </SEOCOMPOTX>
    <SEOCOMPOTX>
     <CLSNAME>ZCL_HR_GUIBB_FORM</CLSNAME>
     <CMPNAME>GET_FIELDS</CMPNAME>
     <LANGU>1</LANGU>
     <DESCRIPT>Get field description</DESCRIPT>
    </SEOCOMPOTX>
    <SEOCOMPOTX>
     <CLSNAME>ZCL_HR_GUIBB_FORM</CLSNAME>
     <CMPNAME>MT_FIELD_DESCRIPTION</CMPNAME>
     <LANGU>1</LANGU>
     <DESCRIPT>Form Fielddescription</DESCRIPT>
    </SEOCOMPOTX>
   </DESCRIPTIONS>
  </asx:values>
 </asx:abap>
</abapGit>
