﻿<?xml version="1.0" encoding="utf-8"?>
<abapGit version="v1.0.0" serializer="LCL_OBJECT_CLAS" serializer_version="v1.0.0">
 <asx:abap xmlns:asx="http://www.sap.com/abapxml" version="1.0">
  <asx:values>
   <VSEOCLASS>
    <CLSNAME>ZCL_HR_APPCC_OVP</CLSNAME>
    <VERSION>1</VERSION>
    <LANGU>1</LANGU>
    <DESCRIPT>Abstract Base APPCC for OVP</DESCRIPT>
    <STATE>1</STATE>
    <CLSCCINCL>X</CLSCCINCL>
    <FIXPT>X</FIXPT>
    <UNICODE>X</UNICODE>
   </VSEOCLASS>
   <DESCRIPTIONS>
    <SEOCOMPOTX>
     <CLSNAME>ZCL_HR_APPCC_OVP</CLSNAME>
     <CMPNAME>CLEANUP</CMPNAME>
     <LANGU>1</LANGU>
     <DESCRIPT>Cleanup</DESCRIPT>
    </SEOCOMPOTX>
    <SEOCOMPOTX>
     <CLSNAME>ZCL_HR_APPCC_OVP</CLSNAME>
     <CMPNAME>CREATE_INSTANCE</CMPNAME>
     <LANGU>1</LANGU>
     <DESCRIPT>Create Instance</DESCRIPT>
    </SEOCOMPOTX>
    <SEOCOMPOTX>
     <CLSNAME>ZCL_HR_APPCC_OVP</CLSNAME>
     <CMPNAME>DETERMINE_TOOLBAR</CMPNAME>
     <LANGU>1</LANGU>
     <DESCRIPT>Determine Toolbar</DESCRIPT>
    </SEOCOMPOTX>
    <SEOCOMPOTX>
     <CLSNAME>ZCL_HR_APPCC_OVP</CLSNAME>
     <CMPNAME>DETERMINE_TOOLBAR_PROPERTIES</CMPNAME>
     <LANGU>1</LANGU>
     <DESCRIPT>Determine Toolbar Properties</DESCRIPT>
    </SEOCOMPOTX>
    <SEOCOMPOTX>
     <CLSNAME>ZCL_HR_APPCC_OVP</CLSNAME>
     <CMPNAME>GET_INSTANCE</CMPNAME>
     <LANGU>1</LANGU>
     <DESCRIPT>Get Instance</DESCRIPT>
    </SEOCOMPOTX>
    <SEOCOMPOTX>
     <CLSNAME>ZCL_HR_APPCC_OVP</CLSNAME>
     <CMPNAME>GET_MODE</CMPNAME>
     <LANGU>1</LANGU>
     <DESCRIPT>Get mode</DESCRIPT>
    </SEOCOMPOTX>
    <SEOCOMPOTX>
     <CLSNAME>ZCL_HR_APPCC_OVP</CLSNAME>
     <CMPNAME>HANDLE_TOOLBAR_PROPERTIES</CMPNAME>
     <LANGU>1</LANGU>
     <DESCRIPT>Handle Toolbar Properties</DESCRIPT>
    </SEOCOMPOTX>
    <SEOCOMPOTX>
     <CLSNAME>ZCL_HR_APPCC_OVP</CLSNAME>
     <CMPNAME>INIT_OBJECT</CMPNAME>
     <LANGU>1</LANGU>
     <DESCRIPT>Init Object</DESCRIPT>
    </SEOCOMPOTX>
    <SEOCOMPOTX>
     <CLSNAME>ZCL_HR_APPCC_OVP</CLSNAME>
     <CMPNAME>MC_EVENT_CANCEL</CMPNAME>
     <LANGU>1</LANGU>
     <DESCRIPT>Cancel</DESCRIPT>
    </SEOCOMPOTX>
    <SEOCOMPOTX>
     <CLSNAME>ZCL_HR_APPCC_OVP</CLSNAME>
     <CMPNAME>MC_EVENT_CHANGE</CMPNAME>
     <LANGU>1</LANGU>
     <DESCRIPT>Change</DESCRIPT>
    </SEOCOMPOTX>
    <SEOCOMPOTX>
     <CLSNAME>ZCL_HR_APPCC_OVP</CLSNAME>
     <CMPNAME>MC_EVENT_CREATE</CMPNAME>
     <LANGU>1</LANGU>
     <DESCRIPT>Create</DESCRIPT>
    </SEOCOMPOTX>
    <SEOCOMPOTX>
     <CLSNAME>ZCL_HR_APPCC_OVP</CLSNAME>
     <CMPNAME>MC_EVENT_DISPLAY</CMPNAME>
     <LANGU>1</LANGU>
     <DESCRIPT>Display</DESCRIPT>
    </SEOCOMPOTX>
    <SEOCOMPOTX>
     <CLSNAME>ZCL_HR_APPCC_OVP</CLSNAME>
     <CMPNAME>MO_CNR_OVP</CMPNAME>
     <LANGU>1</LANGU>
     <DESCRIPT>Toolbar API for OVP</DESCRIPT>
    </SEOCOMPOTX>
    <SEOCOMPOTX>
     <CLSNAME>ZCL_HR_APPCC_OVP</CLSNAME>
     <CMPNAME>MO_FPM</CMPNAME>
     <LANGU>1</LANGU>
     <DESCRIPT>Interface for accessing FPM functionality</DESCRIPT>
    </SEOCOMPOTX>
    <SEOCOMPOTX>
     <CLSNAME>ZCL_HR_APPCC_OVP</CLSNAME>
     <CMPNAME>MO_OVP</CMPNAME>
     <LANGU>1</LANGU>
     <DESCRIPT>Interface for Communication FPM App CC</DESCRIPT>
    </SEOCOMPOTX>
    <SEOCOMPOTX>
     <CLSNAME>ZCL_HR_APPCC_OVP</CLSNAME>
     <CMPNAME>MO_SVC_MNGR</CMPNAME>
     <LANGU>1</LANGU>
     <DESCRIPT>Containing the public service methods of a service manager</DESCRIPT>
    </SEOCOMPOTX>
    <SEOCOMPOTX>
     <CLSNAME>ZCL_HR_APPCC_OVP</CLSNAME>
     <CMPNAME>MO_TXN_MNGR</CMPNAME>
     <LANGU>1</LANGU>
     <DESCRIPT>Interface of the standalone transaction manager</DESCRIPT>
    </SEOCOMPOTX>
    <SEOCOMPOTX>
     <CLSNAME>ZCL_HR_APPCC_OVP</CLSNAME>
     <CMPNAME>MV_BO_KEY</CMPNAME>
     <LANGU>1</LANGU>
     <DESCRIPT>业务对象</DESCRIPT>
    </SEOCOMPOTX>
    <SEOCOMPOTX>
     <CLSNAME>ZCL_HR_APPCC_OVP</CLSNAME>
     <CMPNAME>MV_EVENT</CMPNAME>
     <LANGU>1</LANGU>
     <DESCRIPT>事件</DESCRIPT>
    </SEOCOMPOTX>
    <SEOCOMPOTX>
     <CLSNAME>ZCL_HR_APPCC_OVP</CLSNAME>
     <CMPNAME>MV_ROOT_KEY</CMPNAME>
     <LANGU>1</LANGU>
     <DESCRIPT>Node key</DESCRIPT>
    </SEOCOMPOTX>
    <SEOCOMPOTX>
     <CLSNAME>ZCL_HR_APPCC_OVP</CLSNAME>
     <CMPNAME>MV_ROOT_KEY_O</CMPNAME>
     <LANGU>1</LANGU>
     <DESCRIPT>原单据 Node key</DESCRIPT>
    </SEOCOMPOTX>
    <SEOCOMPOTX>
     <CLSNAME>ZCL_HR_APPCC_OVP</CLSNAME>
     <CMPNAME>MV_SKIP_INIT_SCREEN</CMPNAME>
     <LANGU>1</LANGU>
     <DESCRIPT>默认离开初始页面</DESCRIPT>
    </SEOCOMPOTX>
    <SEOCOMPOTX>
     <CLSNAME>ZCL_HR_APPCC_OVP</CLSNAME>
     <CMPNAME>PROCESS_EVENT</CMPNAME>
     <LANGU>1</LANGU>
     <DESCRIPT>Process Event</DESCRIPT>
    </SEOCOMPOTX>
    <SEOCOMPOTX>
     <CLSNAME>ZCL_HR_APPCC_OVP</CLSNAME>
     <CMPNAME>REPORT_MESSAGE</CMPNAME>
     <LANGU>1</LANGU>
     <DESCRIPT>Report Message</DESCRIPT>
    </SEOCOMPOTX>
    <SEOCOMPOTX>
     <CLSNAME>ZCL_HR_APPCC_OVP</CLSNAME>
     <CMPNAME>START</CMPNAME>
     <LANGU>1</LANGU>
     <DESCRIPT>Start</DESCRIPT>
    </SEOCOMPOTX>
   </DESCRIPTIONS>
  </asx:values>
 </asx:abap>
</abapGit>
