﻿<?xml version="1.0" encoding="utf-8"?>
<abapGit version="v1.0.0" serializer="LCL_OBJECT_CLAS" serializer_version="v1.0.0">
 <asx:abap xmlns:asx="http://www.sap.com/abapxml" version="1.0">
  <asx:values>
   <VSEOCLASS>
    <CLSNAME>ZCL_HR_YGZZ_ADDRESS</CLSNAME>
    <VERSION>1</VERSION>
    <LANGU>1</LANGU>
    <DESCRIPT>辅助类 ZWDC_HR_CZ_REQUEST</DESCRIPT>
    <STATE>1</STATE>
    <CLSCCINCL>X</CLSCCINCL>
    <FIXPT>X</FIXPT>
    <UNICODE>X</UNICODE>
   </VSEOCLASS>
   <TPOOL>
    <item>
     <ID>I</ID>
     <KEY>001</KEY>
     <ENTRY>是</ENTRY>
     <LENGTH>11</LENGTH>
    </item>
    <item>
     <ID>I</ID>
     <KEY>002</KEY>
     <ENTRY>否</ENTRY>
     <LENGTH>11</LENGTH>
    </item>
    <item>
     <ID>I</ID>
     <KEY>003</KEY>
     <ENTRY>A</ENTRY>
     <LENGTH>11</LENGTH>
    </item>
    <item>
     <ID>I</ID>
     <KEY>004</KEY>
     <ENTRY>B</ENTRY>
     <LENGTH>11</LENGTH>
    </item>
    <item>
     <ID>I</ID>
     <KEY>005</KEY>
     <ENTRY>C</ENTRY>
     <LENGTH>11</LENGTH>
    </item>
    <item>
     <ID>I</ID>
     <KEY>006</KEY>
     <ENTRY>当前期间该员工不存在，请检查。</ENTRY>
     <LENGTH>40</LENGTH>
    </item>
   </TPOOL>
   <DESCRIPTIONS>
    <SEOCOMPOTX>
     <CLSNAME>ZCL_HR_YGZZ_ADDRESS</CLSNAME>
     <CMPNAME>GC_OA_TYPE</CMPNAME>
     <LANGU>1</LANGU>
     <DESCRIPT>流程类型</DESCRIPT>
    </SEOCOMPOTX>
    <SEOCOMPOTX>
     <CLSNAME>ZCL_HR_YGZZ_ADDRESS</CLSNAME>
     <CMPNAME>GET_BMJB</CMPNAME>
     <LANGU>1</LANGU>
     <DESCRIPT>获取部门级别</DESCRIPT>
    </SEOCOMPOTX>
    <SEOCOMPOTX>
     <CLSNAME>ZCL_HR_YGZZ_ADDRESS</CLSNAME>
     <CMPNAME>GET_DATA</CMPNAME>
     <LANGU>1</LANGU>
     <DESCRIPT>获取数据</DESCRIPT>
    </SEOCOMPOTX>
    <SEOCOMPOTX>
     <CLSNAME>ZCL_HR_YGZZ_ADDRESS</CLSNAME>
     <CMPNAME>GET_DETAIL</CMPNAME>
     <LANGU>1</LANGU>
     <DESCRIPT>获取明细数据</DESCRIPT>
    </SEOCOMPOTX>
   </DESCRIPTIONS>
  </asx:values>
 </asx:abap>
</abapGit>
