﻿<?xml version="1.0" encoding="utf-8"?>
<abapGit version="v1.0.0" serializer="LCL_OBJECT_CLAS" serializer_version="v1.0.0">
 <asx:abap xmlns:asx="http://www.sap.com/abapxml" version="1.0">
  <asx:values>
   <VSEOCLASS>
    <CLSNAME>ZCL_HR_BO_BASE</CLSNAME>
    <VERSION>1</VERSION>
    <LANGU>1</LANGU>
    <DESCRIPT>HR 业务对象抽象类</DESCRIPT>
    <STATE>1</STATE>
    <CLSCCINCL>X</CLSCCINCL>
    <FIXPT>X</FIXPT>
    <UNICODE>X</UNICODE>
   </VSEOCLASS>
   <DESCRIPTIONS>
    <SEOCOMPOTX>
     <CLSNAME>ZCL_HR_BO_BASE</CLSNAME>
     <CMPNAME>CONFIG</CMPNAME>
     <LANGU>1</LANGU>
     <DESCRIPT>Config data</DESCRIPT>
    </SEOCOMPOTX>
    <SEOCOMPOTX>
     <CLSNAME>ZCL_HR_BO_BASE</CLSNAME>
     <CMPNAME>CONSTRUCTOR</CMPNAME>
     <LANGU>1</LANGU>
     <DESCRIPT>CONSTRUCTOR</DESCRIPT>
    </SEOCOMPOTX>
    <SEOCOMPOTX>
     <CLSNAME>ZCL_HR_BO_BASE</CLSNAME>
     <CMPNAME>DETERMINATION</CMPNAME>
     <LANGU>1</LANGU>
     <DESCRIPT>Determination implementations</DESCRIPT>
    </SEOCOMPOTX>
    <SEOCOMPOTX>
     <CLSNAME>ZCL_HR_BO_BASE</CLSNAME>
     <CMPNAME>GET_DATA_MODEL</CMPNAME>
     <LANGU>1</LANGU>
     <DESCRIPT>Get data model</DESCRIPT>
    </SEOCOMPOTX>
    <SEOCOMPOTX>
     <CLSNAME>ZCL_HR_BO_BASE</CLSNAME>
     <CMPNAME>GET_NEW_OBJECT_ID</CMPNAME>
     <LANGU>1</LANGU>
     <DESCRIPT>Get new object id</DESCRIPT>
    </SEOCOMPOTX>
    <SEOCOMPOTX>
     <CLSNAME>ZCL_HR_BO_BASE</CLSNAME>
     <CMPNAME>GET_REQUEST_DETERMINATION</CMPNAME>
     <LANGU>1</LANGU>
     <DESCRIPT>Get request determinations</DESCRIPT>
    </SEOCOMPOTX>
    <SEOCOMPOTX>
     <CLSNAME>ZCL_HR_BO_BASE</CLSNAME>
     <CMPNAME>MODIFY</CMPNAME>
     <LANGU>1</LANGU>
     <DESCRIPT>Change, delete and create nodes</DESCRIPT>
    </SEOCOMPOTX>
    <SEOCOMPOTX>
     <CLSNAME>ZCL_HR_BO_BASE</CLSNAME>
     <CMPNAME>MODIFY_CREATE</CMPNAME>
     <LANGU>1</LANGU>
     <DESCRIPT>Create</DESCRIPT>
    </SEOCOMPOTX>
    <SEOCOMPOTX>
     <CLSNAME>ZCL_HR_BO_BASE</CLSNAME>
     <CMPNAME>MODIFY_DELETE</CMPNAME>
     <LANGU>1</LANGU>
     <DESCRIPT>Delete</DESCRIPT>
    </SEOCOMPOTX>
    <SEOCOMPOTX>
     <CLSNAME>ZCL_HR_BO_BASE</CLSNAME>
     <CMPNAME>MODIFY_UPDATE</CMPNAME>
     <LANGU>1</LANGU>
     <DESCRIPT>Update</DESCRIPT>
    </SEOCOMPOTX>
    <SEOCOMPOTX>
     <CLSNAME>ZCL_HR_BO_BASE</CLSNAME>
     <CMPNAME>MT_DATA</CMPNAME>
     <LANGU>1</LANGU>
     <DESCRIPT>数据</DESCRIPT>
    </SEOCOMPOTX>
    <SEOCOMPOTX>
     <CLSNAME>ZCL_HR_BO_BASE</CLSNAME>
     <CMPNAME>MT_DATA_DELETE</CMPNAME>
     <LANGU>1</LANGU>
     <DESCRIPT>删除的数据</DESCRIPT>
    </SEOCOMPOTX>
    <SEOCOMPOTX>
     <CLSNAME>ZCL_HR_BO_BASE</CLSNAME>
     <CMPNAME>MT_DATA_MODEL</CMPNAME>
     <LANGU>1</LANGU>
     <DESCRIPT>数据模型表类型</DESCRIPT>
    </SEOCOMPOTX>
    <SEOCOMPOTX>
     <CLSNAME>ZCL_HR_BO_BASE</CLSNAME>
     <CMPNAME>MV_IS_CHANGED</CMPNAME>
     <LANGU>1</LANGU>
     <DESCRIPT>域BOOLE的数据要素: 真 (=&apos;X&apos;)， 假 (=&apos; &apos;)</DESCRIPT>
    </SEOCOMPOTX>
    <SEOCOMPOTX>
     <CLSNAME>ZCL_HR_BO_BASE</CLSNAME>
     <CMPNAME>MV_OBJECT_CATEGORY</CMPNAME>
     <LANGU>1</LANGU>
     <DESCRIPT>业务对象类型(T 临时对象)</DESCRIPT>
    </SEOCOMPOTX>
    <SEOCOMPOTX>
     <CLSNAME>ZCL_HR_BO_BASE</CLSNAME>
     <CMPNAME>MV_OBJECT_TYPE</CMPNAME>
     <LANGU>1</LANGU>
     <DESCRIPT>单据类型</DESCRIPT>
    </SEOCOMPOTX>
    <SEOCOMPOTX>
     <CLSNAME>ZCL_HR_BO_BASE</CLSNAME>
     <CMPNAME>MV_ROOT_KEY</CMPNAME>
     <LANGU>1</LANGU>
     <DESCRIPT>Node key</DESCRIPT>
    </SEOCOMPOTX>
    <SEOCOMPOTX>
     <CLSNAME>ZCL_HR_BO_BASE</CLSNAME>
     <CMPNAME>MV_ROOT_KEY_O</CMPNAME>
     <LANGU>1</LANGU>
     <DESCRIPT>原单据 Node key</DESCRIPT>
    </SEOCOMPOTX>
    <SEOCOMPOTX>
     <CLSNAME>ZCL_HR_BO_BASE</CLSNAME>
     <CMPNAME>RETRIEVE</CMPNAME>
     <LANGU>1</LANGU>
     <DESCRIPT>Read data</DESCRIPT>
    </SEOCOMPOTX>
    <SEOCOMPOTX>
     <CLSNAME>ZCL_HR_BO_BASE</CLSNAME>
     <CMPNAME>TS_DATA_MODEL</CMPNAME>
     <LANGU>1</LANGU>
     <DESCRIPT>数据模型结构</DESCRIPT>
    </SEOCOMPOTX>
    <SEOCOMPOTX>
     <CLSNAME>ZCL_HR_BO_BASE</CLSNAME>
     <CMPNAME>TT_DATA_MODEL</CMPNAME>
     <LANGU>1</LANGU>
     <DESCRIPT>数据模型表类型</DESCRIPT>
    </SEOCOMPOTX>
   </DESCRIPTIONS>
  </asx:values>
 </asx:abap>
</abapGit>
