﻿<?xml version="1.0" encoding="utf-8"?>
<abapGit version="v1.0.0" serializer="LCL_OBJECT_CLAS" serializer_version="v1.0.0">
 <asx:abap xmlns:asx="http://www.sap.com/abapxml" version="1.0">
  <asx:values>
   <VSEOCLASS>
    <CLSNAME>ZCL_HR_TEXT_HELPER</CLSNAME>
    <VERSION>1</VERSION>
    <LANGU>1</LANGU>
    <DESCRIPT>HR 文本帮助类</DESCRIPT>
    <STATE>1</STATE>
    <CLSCCINCL>X</CLSCCINCL>
    <FIXPT>X</FIXPT>
    <UNICODE>X</UNICODE>
   </VSEOCLASS>
   <DESCRIPTIONS>
    <SEOCOMPOTX>
     <CLSNAME>ZCL_HR_TEXT_HELPER</CLSNAME>
     <CMPNAME>GET_CHECK_SAL_REASON_TEXT</CMPNAME>
     <LANGU>1</LANGU>
     <DESCRIPT>Get reason for checking salary</DESCRIPT>
    </SEOCOMPOTX>
    <SEOCOMPOTX>
     <CLSNAME>ZCL_HR_TEXT_HELPER</CLSNAME>
     <CMPNAME>GET_COMPANY_CODE_TEXT</CMPNAME>
     <LANGU>1</LANGU>
     <DESCRIPT>Get company code text</DESCRIPT>
    </SEOCOMPOTX>
    <SEOCOMPOTX>
     <CLSNAME>ZCL_HR_TEXT_HELPER</CLSNAME>
     <CMPNAME>GET_COUNTRY_TEXT</CMPNAME>
     <LANGU>1</LANGU>
     <DESCRIPT>Get Country text</DESCRIPT>
    </SEOCOMPOTX>
    <SEOCOMPOTX>
     <CLSNAME>ZCL_HR_TEXT_HELPER</CLSNAME>
     <CMPNAME>GET_DOMAIN_VALUE_TEXT</CMPNAME>
     <LANGU>1</LANGU>
     <DESCRIPT>Get domain value text</DESCRIPT>
    </SEOCOMPOTX>
    <SEOCOMPOTX>
     <CLSNAME>ZCL_HR_TEXT_HELPER</CLSNAME>
     <CMPNAME>GET_EDU_BACKGROUND_TEXT</CMPNAME>
     <LANGU>1</LANGU>
     <DESCRIPT>Get education background text</DESCRIPT>
    </SEOCOMPOTX>
    <SEOCOMPOTX>
     <CLSNAME>ZCL_HR_TEXT_HELPER</CLSNAME>
     <CMPNAME>GET_IC_TYPE_TEXT</CMPNAME>
     <LANGU>1</LANGU>
     <DESCRIPT>Get IC type text</DESCRIPT>
    </SEOCOMPOTX>
    <SEOCOMPOTX>
     <CLSNAME>ZCL_HR_TEXT_HELPER</CLSNAME>
     <CMPNAME>GET_OBJECT_TEXT</CMPNAME>
     <LANGU>1</LANGU>
     <DESCRIPT>Get object text</DESCRIPT>
    </SEOCOMPOTX>
    <SEOCOMPOTX>
     <CLSNAME>ZCL_HR_TEXT_HELPER</CLSNAME>
     <CMPNAME>GET_WAGE_TYPE_TEXT</CMPNAME>
     <LANGU>1</LANGU>
     <DESCRIPT>Get wage type text</DESCRIPT>
    </SEOCOMPOTX>
   </DESCRIPTIONS>
  </asx:values>
 </asx:abap>
</abapGit>
