﻿<?xml version="1.0" encoding="utf-8"?>
<abapGit version="v1.0.0" serializer="LCL_OBJECT_CLAS" serializer_version="v1.0.0">
 <asx:abap xmlns:asx="http://www.sap.com/abapxml" version="1.0">
  <asx:values>
   <VSEOCLASS>
    <CLSNAME>ZCL_HR_DDSQ_REQUEST</CLSNAME>
    <VERSION>1</VERSION>
    <LANGU>1</LANGU>
    <DESCRIPT>调档申请</DESCRIPT>
    <STATE>1</STATE>
    <CLSCCINCL>X</CLSCCINCL>
    <FIXPT>X</FIXPT>
    <UNICODE>X</UNICODE>
   </VSEOCLASS>
   <DESCRIPTIONS>
    <SEOCOMPOTX>
     <CLSNAME>ZCL_HR_DDSQ_REQUEST</CLSNAME>
     <CMPNAME>G_ACTION</CMPNAME>
     <LANGU>1</LANGU>
     <DESCRIPT>N新建 U 更新 S查看</DESCRIPT>
    </SEOCOMPOTX>
    <SEOCOMPOTX>
     <CLSNAME>ZCL_HR_DDSQ_REQUEST</CLSNAME>
     <CMPNAME>G_DETAIL</CMPNAME>
     <LANGU>1</LANGU>
     <DESCRIPT>调档申请明细表</DESCRIPT>
    </SEOCOMPOTX>
    <SEOCOMPOTX>
     <CLSNAME>ZCL_HR_DDSQ_REQUEST</CLSNAME>
     <CMPNAME>G_HEAD</CMPNAME>
     <LANGU>1</LANGU>
     <DESCRIPT>调档申请抬头表</DESCRIPT>
    </SEOCOMPOTX>
   </DESCRIPTIONS>
  </asx:values>
 </asx:abap>
</abapGit>
