﻿<?xml version="1.0" encoding="utf-8"?>
<abapGit version="v1.0.0" serializer="LCL_OBJECT_CLAS" serializer_version="v1.0.0">
 <asx:abap xmlns:asx="http://www.sap.com/abapxml" version="1.0">
  <asx:values>
   <VSEOCLASS>
    <CLSNAME>ZCL_HR_GUIBB_BASE</CLSNAME>
    <VERSION>1</VERSION>
    <LANGU>1</LANGU>
    <DESCRIPT>Abstract Base Feeder</DESCRIPT>
    <STATE>1</STATE>
    <CLSCCINCL>X</CLSCCINCL>
    <FIXPT>X</FIXPT>
    <UNICODE>X</UNICODE>
   </VSEOCLASS>
   <DESCRIPTIONS>
    <SEOCOMPOTX>
     <CLSNAME>ZCL_HR_GUIBB_BASE</CLSNAME>
     <CMPNAME>GET_ACTIONS</CMPNAME>
     <LANGU>1</LANGU>
     <DESCRIPT>Get action definition</DESCRIPT>
    </SEOCOMPOTX>
    <SEOCOMPOTX>
     <CLSNAME>ZCL_HR_GUIBB_BASE</CLSNAME>
     <CMPNAME>GET_BO</CMPNAME>
     <LANGU>1</LANGU>
     <DESCRIPT>Get business object</DESCRIPT>
    </SEOCOMPOTX>
    <SEOCOMPOTX>
     <CLSNAME>ZCL_HR_GUIBB_BASE</CLSNAME>
     <CMPNAME>GET_DATA</CMPNAME>
     <LANGU>1</LANGU>
     <DESCRIPT>Get data</DESCRIPT>
    </SEOCOMPOTX>
    <SEOCOMPOTX>
     <CLSNAME>ZCL_HR_GUIBB_BASE</CLSNAME>
     <CMPNAME>GET_MODE</CMPNAME>
     <LANGU>1</LANGU>
     <DESCRIPT>Get mode</DESCRIPT>
    </SEOCOMPOTX>
    <SEOCOMPOTX>
     <CLSNAME>ZCL_HR_GUIBB_BASE</CLSNAME>
     <CMPNAME>GET_SERVICE_MANAGER</CMPNAME>
     <LANGU>1</LANGU>
     <DESCRIPT>Get Service Manager</DESCRIPT>
    </SEOCOMPOTX>
    <SEOCOMPOTX>
     <CLSNAME>ZCL_HR_GUIBB_BASE</CLSNAME>
     <CMPNAME>MC_EVENT_ENTER</CMPNAME>
     <LANGU>1</LANGU>
     <DESCRIPT>Event: Enter</DESCRIPT>
    </SEOCOMPOTX>
    <SEOCOMPOTX>
     <CLSNAME>ZCL_HR_GUIBB_BASE</CLSNAME>
     <CMPNAME>MC_PARAM_UI_STRUC</CMPNAME>
     <LANGU>1</LANGU>
     <DESCRIPT>Parameter: UI Structure</DESCRIPT>
    </SEOCOMPOTX>
    <SEOCOMPOTX>
     <CLSNAME>ZCL_HR_GUIBB_BASE</CLSNAME>
     <CMPNAME>MO_FIELD_CATALOG_STR</CMPNAME>
     <LANGU>1</LANGU>
     <DESCRIPT>Runtime Type Services</DESCRIPT>
    </SEOCOMPOTX>
    <SEOCOMPOTX>
     <CLSNAME>ZCL_HR_GUIBB_BASE</CLSNAME>
     <CMPNAME>MO_FIELD_CATALOG_TBL</CMPNAME>
     <LANGU>1</LANGU>
     <DESCRIPT>Runtime Type Services</DESCRIPT>
    </SEOCOMPOTX>
    <SEOCOMPOTX>
     <CLSNAME>ZCL_HR_GUIBB_BASE</CLSNAME>
     <CMPNAME>MO_FPM</CMPNAME>
     <LANGU>1</LANGU>
     <DESCRIPT>Interface for accessing FPM functionality</DESCRIPT>
    </SEOCOMPOTX>
    <SEOCOMPOTX>
     <CLSNAME>ZCL_HR_GUIBB_BASE</CLSNAME>
     <CMPNAME>MO_SVC_MNGR</CMPNAME>
     <LANGU>1</LANGU>
     <DESCRIPT>HR 服务管理</DESCRIPT>
    </SEOCOMPOTX>
    <SEOCOMPOTX>
     <CLSNAME>ZCL_HR_GUIBB_BASE</CLSNAME>
     <CMPNAME>MT_SELECTED_FIELDS</CMPNAME>
     <LANGU>1</LANGU>
     <DESCRIPT>Selected(Used) Fields</DESCRIPT>
    </SEOCOMPOTX>
    <SEOCOMPOTX>
     <CLSNAME>ZCL_HR_GUIBB_BASE</CLSNAME>
     <CMPNAME>MV_BO_KEY</CMPNAME>
     <LANGU>1</LANGU>
     <DESCRIPT>业务对象</DESCRIPT>
    </SEOCOMPOTX>
    <SEOCOMPOTX>
     <CLSNAME>ZCL_HR_GUIBB_BASE</CLSNAME>
     <CMPNAME>MV_EVENT</CMPNAME>
     <LANGU>1</LANGU>
     <DESCRIPT>事件</DESCRIPT>
    </SEOCOMPOTX>
    <SEOCOMPOTX>
     <CLSNAME>ZCL_HR_GUIBB_BASE</CLSNAME>
     <CMPNAME>MV_ROOT_KEY</CMPNAME>
     <LANGU>1</LANGU>
     <DESCRIPT>Node key</DESCRIPT>
    </SEOCOMPOTX>
    <SEOCOMPOTX>
     <CLSNAME>ZCL_HR_GUIBB_BASE</CLSNAME>
     <CMPNAME>MV_UI_STRUC</CMPNAME>
     <LANGU>1</LANGU>
     <DESCRIPT>UI Structure</DESCRIPT>
    </SEOCOMPOTX>
    <SEOCOMPOTX>
     <CLSNAME>ZCL_HR_GUIBB_BASE</CLSNAME>
     <CMPNAME>PREP_FIELD_CATALOG</CMPNAME>
     <LANGU>1</LANGU>
     <DESCRIPT>Prepare field catalog</DESCRIPT>
    </SEOCOMPOTX>
    <SEOCOMPOTX>
     <CLSNAME>ZCL_HR_GUIBB_BASE</CLSNAME>
     <CMPNAME>SET_GUIBB_USAGES</CMPNAME>
     <LANGU>1</LANGU>
     <DESCRIPT>Set UIBB usages</DESCRIPT>
    </SEOCOMPOTX>
   </DESCRIPTIONS>
  </asx:values>
 </asx:abap>
</abapGit>
