﻿<?xml version="1.0" encoding="utf-8"?>
<abapGit version="v1.0.0" serializer="LCL_OBJECT_CLAS" serializer_version="v1.0.0">
 <asx:abap xmlns:asx="http://www.sap.com/abapxml" version="1.0">
  <asx:values>
   <VSEOCLASS>
    <CLSNAME>ZCL_HR_BZYS_MANAGE</CLSNAME>
    <VERSION>1</VERSION>
    <LANGU>1</LANGU>
    <DESCRIPT>年度人员编制预算审批辅助类</DESCRIPT>
    <STATE>1</STATE>
    <CLSCCINCL>X</CLSCCINCL>
    <FIXPT>X</FIXPT>
    <UNICODE>X</UNICODE>
   </VSEOCLASS>
   <DESCRIPTIONS>
    <SEOCOMPOTX>
     <CLSNAME>ZCL_HR_BZYS_MANAGE</CLSNAME>
     <CMPNAME>CANCLE_DATA</CMPNAME>
     <LANGU>1</LANGU>
     <DESCRIPT>取消数据</DESCRIPT>
    </SEOCOMPOTX>
    <SEOCOMPOTX>
     <CLSNAME>ZCL_HR_BZYS_MANAGE</CLSNAME>
     <CMPNAME>CHECK_DATA</CMPNAME>
     <LANGU>1</LANGU>
     <DESCRIPT>检查数据</DESCRIPT>
    </SEOCOMPOTX>
    <SEOCOMPOTX>
     <CLSNAME>ZCL_HR_BZYS_MANAGE</CLSNAME>
     <CMPNAME>COMMIT_DATA</CMPNAME>
     <LANGU>1</LANGU>
     <DESCRIPT>提交数据</DESCRIPT>
    </SEOCOMPOTX>
    <SEOCOMPOTX>
     <CLSNAME>ZCL_HR_BZYS_MANAGE</CLSNAME>
     <CMPNAME>ERROR_MESSAGE</CMPNAME>
     <LANGU>1</LANGU>
     <DESCRIPT>错误信息</DESCRIPT>
    </SEOCOMPOTX>
    <SEOCOMPOTX>
     <CLSNAME>ZCL_HR_BZYS_MANAGE</CLSNAME>
     <CMPNAME>GET_ACTION</CMPNAME>
     <LANGU>1</LANGU>
     <DESCRIPT>获取操作类型</DESCRIPT>
    </SEOCOMPOTX>
    <SEOCOMPOTX>
     <CLSNAME>ZCL_HR_BZYS_MANAGE</CLSNAME>
     <CMPNAME>GET_BZSJ</CMPNAME>
     <LANGU>1</LANGU>
     <DESCRIPT>获取编制数据</DESCRIPT>
    </SEOCOMPOTX>
    <SEOCOMPOTX>
     <CLSNAME>ZCL_HR_BZYS_MANAGE</CLSNAME>
     <CMPNAME>GET_DATA_BY_DJFSRQ</CMPNAME>
     <LANGU>1</LANGU>
     <DESCRIPT>按单据发生日期查询</DESCRIPT>
    </SEOCOMPOTX>
    <SEOCOMPOTX>
     <CLSNAME>ZCL_HR_BZYS_MANAGE</CLSNAME>
     <CMPNAME>GET_DATA_BY_YWFSRQ</CMPNAME>
     <LANGU>1</LANGU>
     <DESCRIPT>按业务发生日期查询</DESCRIPT>
    </SEOCOMPOTX>
    <SEOCOMPOTX>
     <CLSNAME>ZCL_HR_BZYS_MANAGE</CLSNAME>
     <CMPNAME>GET_DATA_FOR_U_S</CMPNAME>
     <LANGU>1</LANGU>
     <DESCRIPT>为显示 更新操作查找数据</DESCRIPT>
    </SEOCOMPOTX>
    <SEOCOMPOTX>
     <CLSNAME>ZCL_HR_BZYS_MANAGE</CLSNAME>
     <CMPNAME>GET_DATA_FROM_DATABASE</CMPNAME>
     <LANGU>1</LANGU>
     <DESCRIPT>初次查询，从数据库读取数据</DESCRIPT>
    </SEOCOMPOTX>
    <SEOCOMPOTX>
     <CLSNAME>ZCL_HR_BZYS_MANAGE</CLSNAME>
     <CMPNAME>GET_NEW_DETAIL</CMPNAME>
     <LANGU>1</LANGU>
     <DESCRIPT>获取新的明细数据</DESCRIPT>
    </SEOCOMPOTX>
    <SEOCOMPOTX>
     <CLSNAME>ZCL_HR_BZYS_MANAGE</CLSNAME>
     <CMPNAME>GET_ORGEH_COM</CMPNAME>
     <LANGU>1</LANGU>
     <DESCRIPT>获取公司</DESCRIPT>
    </SEOCOMPOTX>
    <SEOCOMPOTX>
     <CLSNAME>ZCL_HR_BZYS_MANAGE</CLSNAME>
     <CMPNAME>GET_ORGEH_DEP</CMPNAME>
     <LANGU>1</LANGU>
     <DESCRIPT>取部门</DESCRIPT>
    </SEOCOMPOTX>
    <SEOCOMPOTX>
     <CLSNAME>ZCL_HR_BZYS_MANAGE</CLSNAME>
     <CMPNAME>GET_ORGEH_SYB</CMPNAME>
     <LANGU>1</LANGU>
     <DESCRIPT>获取事业部</DESCRIPT>
    </SEOCOMPOTX>
    <SEOCOMPOTX>
     <CLSNAME>ZCL_HR_BZYS_MANAGE</CLSNAME>
     <CMPNAME>GET_ORGEH_TEX</CMPNAME>
     <LANGU>1</LANGU>
     <DESCRIPT>获取组织单位名称</DESCRIPT>
    </SEOCOMPOTX>
    <SEOCOMPOTX>
     <CLSNAME>ZCL_HR_BZYS_MANAGE</CLSNAME>
     <CMPNAME>GET_SELECT_ELEMENT</CMPNAME>
     <LANGU>1</LANGU>
     <DESCRIPT>获取选中行</DESCRIPT>
    </SEOCOMPOTX>
    <SEOCOMPOTX>
     <CLSNAME>ZCL_HR_BZYS_MANAGE</CLSNAME>
     <CMPNAME>GET_SUB_LIST</CMPNAME>
     <LANGU>1</LANGU>
     <DESCRIPT>单独显示月度中的人员清单</DESCRIPT>
    </SEOCOMPOTX>
    <SEOCOMPOTX>
     <CLSNAME>ZCL_HR_BZYS_MANAGE</CLSNAME>
     <CMPNAME>GS_DETAIL</CMPNAME>
     <LANGU>1</LANGU>
     <DESCRIPT>人员编制预算汇总提交审核明细数据</DESCRIPT>
    </SEOCOMPOTX>
    <SEOCOMPOTX>
     <CLSNAME>ZCL_HR_BZYS_MANAGE</CLSNAME>
     <CMPNAME>GS_HEAD</CMPNAME>
     <LANGU>1</LANGU>
     <DESCRIPT>人员编制预算汇总提交审核抬头表</DESCRIPT>
    </SEOCOMPOTX>
    <SEOCOMPOTX>
     <CLSNAME>ZCL_HR_BZYS_MANAGE</CLSNAME>
     <CMPNAME>GT_DETAIL</CMPNAME>
     <LANGU>1</LANGU>
     <DESCRIPT>人员编制预算审核明细结构表</DESCRIPT>
    </SEOCOMPOTX>
    <SEOCOMPOTX>
     <CLSNAME>ZCL_HR_BZYS_MANAGE</CLSNAME>
     <CMPNAME>GT_DETAIL_LIST</CMPNAME>
     <LANGU>1</LANGU>
     <DESCRIPT>人员编制预算审核人员名单表结构</DESCRIPT>
    </SEOCOMPOTX>
    <SEOCOMPOTX>
     <CLSNAME>ZCL_HR_BZYS_MANAGE</CLSNAME>
     <CMPNAME>GT_HEAD</CMPNAME>
     <LANGU>1</LANGU>
     <DESCRIPT>人员编制预算头文件结构表</DESCRIPT>
    </SEOCOMPOTX>
    <SEOCOMPOTX>
     <CLSNAME>ZCL_HR_BZYS_MANAGE</CLSNAME>
     <CMPNAME>GT_HRP9105</CMPNAME>
     <LANGU>1</LANGU>
     <DESCRIPT>信息类型 9105 的数据库表</DESCRIPT>
    </SEOCOMPOTX>
    <SEOCOMPOTX>
     <CLSNAME>ZCL_HR_BZYS_MANAGE</CLSNAME>
     <CMPNAME>GT_LIST_SUB</CMPNAME>
     <LANGU>1</LANGU>
     <DESCRIPT>人员编制预算审核人员名单表结构(单独显示)</DESCRIPT>
    </SEOCOMPOTX>
    <SEOCOMPOTX>
     <CLSNAME>ZCL_HR_BZYS_MANAGE</CLSNAME>
     <CMPNAME>G_ACTION</CMPNAME>
     <LANGU>1</LANGU>
     <DESCRIPT>N 新建 U 编辑 S 显示 D 取消</DESCRIPT>
    </SEOCOMPOTX>
    <SEOCOMPOTX>
     <CLSNAME>ZCL_HR_BZYS_MANAGE</CLSNAME>
     <CMPNAME>G_BEGDA</CMPNAME>
     <LANGU>1</LANGU>
     <DESCRIPT>开始日期</DESCRIPT>
    </SEOCOMPOTX>
    <SEOCOMPOTX>
     <CLSNAME>ZCL_HR_BZYS_MANAGE</CLSNAME>
     <CMPNAME>G_ENDDA</CMPNAME>
     <LANGU>1</LANGU>
     <DESCRIPT>结束日期</DESCRIPT>
    </SEOCOMPOTX>
    <SEOCOMPOTX>
     <CLSNAME>ZCL_HR_BZYS_MANAGE</CLSNAME>
     <CMPNAME>SAVE_DATA</CMPNAME>
     <LANGU>1</LANGU>
     <DESCRIPT>保存数据</DESCRIPT>
    </SEOCOMPOTX>
    <SEOCOMPOTX>
     <CLSNAME>ZCL_HR_BZYS_MANAGE</CLSNAME>
     <CMPNAME>SET_ACTION</CMPNAME>
     <LANGU>1</LANGU>
     <DESCRIPT>设置操作类型</DESCRIPT>
    </SEOCOMPOTX>
    <SEOCOMPOTX>
     <CLSNAME>ZCL_HR_BZYS_MANAGE</CLSNAME>
     <CMPNAME>SET_ALL_INIT</CMPNAME>
     <LANGU>1</LANGU>
     <DESCRIPT>初始化所有数据</DESCRIPT>
    </SEOCOMPOTX>
    <SEOCOMPOTX>
     <CLSNAME>ZCL_HR_BZYS_MANAGE</CLSNAME>
     <CMPNAME>SET_HEAD_INIT</CMPNAME>
     <LANGU>1</LANGU>
     <DESCRIPT>初始化抬头数据</DESCRIPT>
    </SEOCOMPOTX>
    <SEOCOMPOTX>
     <CLSNAME>ZCL_HR_BZYS_MANAGE</CLSNAME>
     <CMPNAME>UPDATE_DOMAIN_TEXT</CMPNAME>
     <LANGU>1</LANGU>
     <DESCRIPT>获取文本描述</DESCRIPT>
    </SEOCOMPOTX>
   </DESCRIPTIONS>
  </asx:values>
 </asx:abap>
</abapGit>
