﻿<?xml version="1.0" encoding="utf-8"?>
<abapGit version="v1.0.0" serializer="LCL_OBJECT_DOMA" serializer_version="v1.0.0">
 <asx:abap xmlns:asx="http://www.sap.com/abapxml" version="1.0">
  <asx:values>
   <DD01V>
    <DOMNAME>ZDBTYPE</DOMNAME>
    <DDLANGUAGE>1</DDLANGUAGE>
    <DATATYPE>CHAR</DATATYPE>
    <LENG>000004</LENG>
    <OUTPUTLEN>000004</OUTPUTLEN>
    <VALEXI>X</VALEXI>
    <DDTEXT>业务类型</DDTEXT>
   </DD01V>
   <DD07V_TAB>
    <DD07V>
     <DOMNAME>ZDBTYPE</DOMNAME>
     <VALPOS>0001</VALPOS>
     <DDLANGUAGE>1</DDLANGUAGE>
     <DOMVALUE_L>PT01</DOMVALUE_L>
     <DDTEXT>休假申请</DDTEXT>
    </DD07V>
    <DD07V>
     <DOMNAME>ZDBTYPE</DOMNAME>
     <VALPOS>0002</VALPOS>
     <DDLANGUAGE>1</DDLANGUAGE>
     <DOMVALUE_L>PT02</DOMVALUE_L>
     <DDTEXT>加班申请</DDTEXT>
    </DD07V>
    <DD07V>
     <DOMNAME>ZDBTYPE</DOMNAME>
     <VALPOS>0003</VALPOS>
     <DDLANGUAGE>1</DDLANGUAGE>
     <DOMVALUE_L>PT03</DOMVALUE_L>
     <DDTEXT>忘刷卡申请</DDTEXT>
    </DD07V>
    <DD07V>
     <DOMNAME>ZDBTYPE</DOMNAME>
     <VALPOS>0004</VALPOS>
     <DDLANGUAGE>1</DDLANGUAGE>
     <DOMVALUE_L>PT04</DOMVALUE_L>
     <DDTEXT>班车变更申请</DDTEXT>
    </DD07V>
    <DD07V>
     <DOMNAME>ZDBTYPE</DOMNAME>
     <VALPOS>0005</VALPOS>
     <DDLANGUAGE>1</DDLANGUAGE>
     <DOMVALUE_L>PT05</DOMVALUE_L>
     <DDTEXT>班车迟到申请</DDTEXT>
    </DD07V>
    <DD07V>
     <DOMNAME>ZDBTYPE</DOMNAME>
     <VALPOS>0006</VALPOS>
     <DDLANGUAGE>1</DDLANGUAGE>
     <DOMVALUE_L>PT06</DOMVALUE_L>
     <DDTEXT>临时卡借用申请</DDTEXT>
    </DD07V>
    <DD07V>
     <DOMNAME>ZDBTYPE</DOMNAME>
     <VALPOS>0007</VALPOS>
     <DDLANGUAGE>1</DDLANGUAGE>
     <DOMVALUE_L>PT07</DOMVALUE_L>
     <DDTEXT>日班次变更申请</DDTEXT>
    </DD07V>
    <DD07V>
     <DOMNAME>ZDBTYPE</DOMNAME>
     <VALPOS>0008</VALPOS>
     <DDLANGUAGE>1</DDLANGUAGE>
     <DOMVALUE_L>PT08</DOMVALUE_L>
     <DDTEXT>异地刷卡申请</DDTEXT>
    </DD07V>
    <DD07V>
     <DOMNAME>ZDBTYPE</DOMNAME>
     <VALPOS>0009</VALPOS>
     <DDLANGUAGE>1</DDLANGUAGE>
     <DOMVALUE_L>PT09</DOMVALUE_L>
     <DDTEXT>月班次变更申请</DDTEXT>
    </DD07V>
    <DD07V>
     <DOMNAME>ZDBTYPE</DOMNAME>
     <VALPOS>0010</VALPOS>
     <DDLANGUAGE>1</DDLANGUAGE>
     <DOMVALUE_L>PT10</DOMVALUE_L>
     <DDTEXT>差旅申请</DDTEXT>
    </DD07V>
    <DD07V>
     <DOMNAME>ZDBTYPE</DOMNAME>
     <VALPOS>0011</VALPOS>
     <DDLANGUAGE>1</DDLANGUAGE>
     <DOMVALUE_L>PT18</DOMVALUE_L>
     <DDTEXT>外籍返乡机票申请</DDTEXT>
    </DD07V>
    <DD07V>
     <DOMNAME>ZDBTYPE</DOMNAME>
     <VALPOS>0012</VALPOS>
     <DDLANGUAGE>1</DDLANGUAGE>
     <DOMVALUE_L>PT11</DOMVALUE_L>
     <DDTEXT>法定加班计划申请</DDTEXT>
    </DD07V>
    <DD07V>
     <DOMNAME>ZDBTYPE</DOMNAME>
     <VALPOS>0013</VALPOS>
     <DDLANGUAGE>1</DDLANGUAGE>
     <DOMVALUE_L>PT17</DOMVALUE_L>
     <DDTEXT>工作交接</DDTEXT>
    </DD07V>
    <DD07V>
     <DOMNAME>ZDBTYPE</DOMNAME>
     <VALPOS>0014</VALPOS>
     <DDLANGUAGE>1</DDLANGUAGE>
     <DOMVALUE_L>PA01</DOMVALUE_L>
     <DDTEXT>人员需求申请</DDTEXT>
    </DD07V>
    <DD07V>
     <DOMNAME>ZDBTYPE</DOMNAME>
     <VALPOS>0015</VALPOS>
     <DDLANGUAGE>1</DDLANGUAGE>
     <DOMVALUE_L>PA02</DOMVALUE_L>
     <DDTEXT>管理员工入职</DDTEXT>
    </DD07V>
    <DD07V>
     <DOMNAME>ZDBTYPE</DOMNAME>
     <VALPOS>0016</VALPOS>
     <DDLANGUAGE>1</DDLANGUAGE>
     <DOMVALUE_L>PA03</DOMVALUE_L>
     <DDTEXT>重聘</DDTEXT>
    </DD07V>
    <DD07V>
     <DOMNAME>ZDBTYPE</DOMNAME>
     <VALPOS>0017</VALPOS>
     <DDLANGUAGE>1</DDLANGUAGE>
     <DOMVALUE_L>PA04</DOMVALUE_L>
     <DDTEXT>管理试用期转正</DDTEXT>
    </DD07V>
    <DD07V>
     <DOMNAME>ZDBTYPE</DOMNAME>
     <VALPOS>0018</VALPOS>
     <DDLANGUAGE>1</DDLANGUAGE>
     <DOMVALUE_L>PA05</DOMVALUE_L>
     <DDTEXT>公司内调动</DDTEXT>
    </DD07V>
    <DD07V>
     <DOMNAME>ZDBTYPE</DOMNAME>
     <VALPOS>0019</VALPOS>
     <DDLANGUAGE>1</DDLANGUAGE>
     <DOMVALUE_L>PA06</DOMVALUE_L>
     <DDTEXT>跨公司调动</DDTEXT>
    </DD07V>
    <DD07V>
     <DOMNAME>ZDBTYPE</DOMNAME>
     <VALPOS>0020</VALPOS>
     <DDLANGUAGE>1</DDLANGUAGE>
     <DOMVALUE_L>PA07</DOMVALUE_L>
     <DDTEXT>晋升</DDTEXT>
    </DD07V>
    <DD07V>
     <DOMNAME>ZDBTYPE</DOMNAME>
     <VALPOS>0021</VALPOS>
     <DDLANGUAGE>1</DDLANGUAGE>
     <DOMVALUE_L>PA08</DOMVALUE_L>
     <DDTEXT>降职</DDTEXT>
    </DD07V>
    <DD07V>
     <DOMNAME>ZDBTYPE</DOMNAME>
     <VALPOS>0022</VALPOS>
     <DDLANGUAGE>1</DDLANGUAGE>
     <DOMVALUE_L>PA09</DOMVALUE_L>
     <DDTEXT>辞职</DDTEXT>
    </DD07V>
    <DD07V>
     <DOMNAME>ZDBTYPE</DOMNAME>
     <VALPOS>0023</VALPOS>
     <DDLANGUAGE>1</DDLANGUAGE>
     <DOMVALUE_L>PA10</DOMVALUE_L>
     <DDTEXT>辞退</DDTEXT>
    </DD07V>
    <DD07V>
     <DOMNAME>ZDBTYPE</DOMNAME>
     <VALPOS>0024</VALPOS>
     <DDLANGUAGE>1</DDLANGUAGE>
     <DOMVALUE_L>PA11</DOMVALUE_L>
     <DDTEXT>退休</DDTEXT>
    </DD07V>
    <DD07V>
     <DOMNAME>ZDBTYPE</DOMNAME>
     <VALPOS>0025</VALPOS>
     <DDLANGUAGE>1</DDLANGUAGE>
     <DOMVALUE_L>PA12</DOMVALUE_L>
     <DDTEXT>工伤离岗</DDTEXT>
    </DD07V>
    <DD07V>
     <DOMNAME>ZDBTYPE</DOMNAME>
     <VALPOS>0026</VALPOS>
     <DDLANGUAGE>1</DDLANGUAGE>
     <DOMVALUE_L>PA13</DOMVALUE_L>
     <DDTEXT>退休返聘</DDTEXT>
    </DD07V>
    <DD07V>
     <DOMNAME>ZDBTYPE</DOMNAME>
     <VALPOS>0027</VALPOS>
     <DDLANGUAGE>1</DDLANGUAGE>
     <DOMVALUE_L>PA14</DOMVALUE_L>
     <DDTEXT>借调</DDTEXT>
    </DD07V>
    <DD07V>
     <DOMNAME>ZDBTYPE</DOMNAME>
     <VALPOS>0028</VALPOS>
     <DDLANGUAGE>1</DDLANGUAGE>
     <DOMVALUE_L>PA15</DOMVALUE_L>
     <DDTEXT>兼职/去兼职</DDTEXT>
    </DD07V>
    <DD07V>
     <DOMNAME>ZDBTYPE</DOMNAME>
     <VALPOS>0029</VALPOS>
     <DDLANGUAGE>1</DDLANGUAGE>
     <DOMVALUE_L>PA16</DOMVALUE_L>
     <DDTEXT>工作交接</DDTEXT>
    </DD07V>
    <DD07V>
     <DOMNAME>ZDBTYPE</DOMNAME>
     <VALPOS>0030</VALPOS>
     <DDLANGUAGE>1</DDLANGUAGE>
     <DOMVALUE_L>PA17</DOMVALUE_L>
     <DDTEXT>行政奖惩管理</DDTEXT>
    </DD07V>
    <DD07V>
     <DOMNAME>ZDBTYPE</DOMNAME>
     <VALPOS>0031</VALPOS>
     <DDLANGUAGE>1</DDLANGUAGE>
     <DOMVALUE_L>PA18</DOMVALUE_L>
     <DDTEXT>劳动合同续签</DDTEXT>
    </DD07V>
    <DD07V>
     <DOMNAME>ZDBTYPE</DOMNAME>
     <VALPOS>0032</VALPOS>
     <DDLANGUAGE>1</DDLANGUAGE>
     <DOMVALUE_L>PA19</DOMVALUE_L>
     <DDTEXT>竞业协议履行管理</DDTEXT>
    </DD07V>
    <DD07V>
     <DOMNAME>ZDBTYPE</DOMNAME>
     <VALPOS>0033</VALPOS>
     <DDLANGUAGE>1</DDLANGUAGE>
     <DOMVALUE_L>PA20</DOMVALUE_L>
     <DDTEXT>档案借阅</DDTEXT>
    </DD07V>
    <DD07V>
     <DOMNAME>ZDBTYPE</DOMNAME>
     <VALPOS>0034</VALPOS>
     <DDLANGUAGE>1</DDLANGUAGE>
     <DOMVALUE_L>PA21</DOMVALUE_L>
     <DDTEXT>开具证明</DDTEXT>
    </DD07V>
    <DD07V>
     <DOMNAME>ZDBTYPE</DOMNAME>
     <VALPOS>0035</VALPOS>
     <DDLANGUAGE>1</DDLANGUAGE>
     <DOMVALUE_L>PA22</DOMVALUE_L>
     <DDTEXT>派驻</DDTEXT>
    </DD07V>
    <DD07V>
     <DOMNAME>ZDBTYPE</DOMNAME>
     <VALPOS>0036</VALPOS>
     <DDLANGUAGE>1</DDLANGUAGE>
     <DOMVALUE_L>PA23</DOMVALUE_L>
     <DDTEXT>归档</DDTEXT>
    </DD07V>
    <DD07V>
     <DOMNAME>ZDBTYPE</DOMNAME>
     <VALPOS>0037</VALPOS>
     <DDLANGUAGE>1</DDLANGUAGE>
     <DOMVALUE_L>OM01</DOMVALUE_L>
     <DDTEXT>组织结构调整（部级及以上）</DDTEXT>
    </DD07V>
    <DD07V>
     <DOMNAME>ZDBTYPE</DOMNAME>
     <VALPOS>0038</VALPOS>
     <DDLANGUAGE>1</DDLANGUAGE>
     <DOMVALUE_L>OM02</DOMVALUE_L>
     <DDTEXT>组织结构调整（部级以下）</DDTEXT>
    </DD07V>
    <DD07V>
     <DOMNAME>ZDBTYPE</DOMNAME>
     <VALPOS>0039</VALPOS>
     <DDLANGUAGE>1</DDLANGUAGE>
     <DOMVALUE_L>OM04</DOMVALUE_L>
     <DDTEXT>人员编制调整</DDTEXT>
    </DD07V>
    <DD07V>
     <DOMNAME>ZDBTYPE</DOMNAME>
     <VALPOS>0040</VALPOS>
     <DDLANGUAGE>1</DDLANGUAGE>
     <DOMVALUE_L>OM05</DOMVALUE_L>
     <DDTEXT>标准岗位调整-新增和变更</DDTEXT>
    </DD07V>
    <DD07V>
     <DOMNAME>ZDBTYPE</DOMNAME>
     <VALPOS>0041</VALPOS>
     <DDLANGUAGE>1</DDLANGUAGE>
     <DOMVALUE_L>OM06</DOMVALUE_L>
     <DDTEXT>年度人员编制（部门）</DDTEXT>
    </DD07V>
    <DD07V>
     <DOMNAME>ZDBTYPE</DOMNAME>
     <VALPOS>0042</VALPOS>
     <DDLANGUAGE>1</DDLANGUAGE>
     <DOMVALUE_L>OM07</DOMVALUE_L>
     <DDTEXT>年度人员编制（工厂）</DDTEXT>
    </DD07V>
    <DD07V>
     <DOMNAME>ZDBTYPE</DOMNAME>
     <VALPOS>0043</VALPOS>
     <DDLANGUAGE>1</DDLANGUAGE>
     <DOMVALUE_L>OM08</DOMVALUE_L>
     <DDTEXT>年度人员编制（事业部）</DDTEXT>
    </DD07V>
    <DD07V>
     <DOMNAME>ZDBTYPE</DOMNAME>
     <VALPOS>0044</VALPOS>
     <DDLANGUAGE>1</DDLANGUAGE>
     <DOMVALUE_L>OM09</DOMVALUE_L>
     <DDTEXT>年度人员编制（总部）</DDTEXT>
    </DD07V>
    <DD07V>
     <DOMNAME>ZDBTYPE</DOMNAME>
     <VALPOS>0045</VALPOS>
     <DDLANGUAGE>1</DDLANGUAGE>
     <DOMVALUE_L>PY01</DOMVALUE_L>
     <DDTEXT>年度调薪申请</DDTEXT>
    </DD07V>
    <DD07V>
     <DOMNAME>ZDBTYPE</DOMNAME>
     <VALPOS>0046</VALPOS>
     <DDLANGUAGE>1</DDLANGUAGE>
     <DOMVALUE_L>PY02</DOMVALUE_L>
     <DDTEXT>入职定薪申请</DDTEXT>
    </DD07V>
    <DD07V>
     <DOMNAME>ZDBTYPE</DOMNAME>
     <VALPOS>0047</VALPOS>
     <DDLANGUAGE>1</DDLANGUAGE>
     <DOMVALUE_L>PY03</DOMVALUE_L>
     <DDTEXT>特殊定薪申请</DDTEXT>
    </DD07V>
    <DD07V>
     <DOMNAME>ZDBTYPE</DOMNAME>
     <VALPOS>0048</VALPOS>
     <DDLANGUAGE>1</DDLANGUAGE>
     <DOMVALUE_L>PY04</DOMVALUE_L>
     <DDTEXT>工资奖金发放申请</DDTEXT>
    </DD07V>
    <DD07V>
     <DOMNAME>ZDBTYPE</DOMNAME>
     <VALPOS>0049</VALPOS>
     <DDLANGUAGE>1</DDLANGUAGE>
     <DOMVALUE_L>PY05</DOMVALUE_L>
     <DDTEXT>绩效奖金二次分配</DDTEXT>
    </DD07V>
    <DD07V>
     <DOMNAME>ZDBTYPE</DOMNAME>
     <VALPOS>0050</VALPOS>
     <DDLANGUAGE>1</DDLANGUAGE>
     <DOMVALUE_L>PY06</DOMVALUE_L>
     <DDTEXT>福利申请</DDTEXT>
    </DD07V>
    <DD07V>
     <DOMNAME>ZDBTYPE</DOMNAME>
     <VALPOS>0051</VALPOS>
     <DDLANGUAGE>1</DDLANGUAGE>
     <DOMVALUE_L>PY07</DOMVALUE_L>
     <DDTEXT>总部&amp;TBU工资奖金发放申请</DDTEXT>
    </DD07V>
    <DD07V>
     <DOMNAME>ZDBTYPE</DOMNAME>
     <VALPOS>0052</VALPOS>
     <DDLANGUAGE>1</DDLANGUAGE>
     <DOMVALUE_L>PY08</DOMVALUE_L>
     <DDTEXT>批量晋升调薪</DDTEXT>
    </DD07V>
    <DD07V>
     <DOMNAME>ZDBTYPE</DOMNAME>
     <VALPOS>0053</VALPOS>
     <DDLANGUAGE>1</DDLANGUAGE>
     <DOMVALUE_L>PY09</DOMVALUE_L>
     <DDTEXT>通讯交通申请</DDTEXT>
    </DD07V>
    <DD07V>
     <DOMNAME>ZDBTYPE</DOMNAME>
     <VALPOS>0054</VALPOS>
     <DDLANGUAGE>1</DDLANGUAGE>
     <DOMVALUE_L>PY10</DOMVALUE_L>
     <DDTEXT>行政费用申请</DDTEXT>
    </DD07V>
    <DD07V>
     <DOMNAME>ZDBTYPE</DOMNAME>
     <VALPOS>0055</VALPOS>
     <DDLANGUAGE>1</DDLANGUAGE>
     <DOMVALUE_L>PY11</DOMVALUE_L>
     <DDTEXT>绩效奖金上浮(总部)申请</DDTEXT>
    </DD07V>
    <DD07V>
     <DOMNAME>ZDBTYPE</DOMNAME>
     <VALPOS>0056</VALPOS>
     <DDLANGUAGE>1</DDLANGUAGE>
     <DOMVALUE_L>PY12</DOMVALUE_L>
     <DDTEXT>调任生活津贴</DDTEXT>
    </DD07V>
    <DD07V>
     <DOMNAME>ZDBTYPE</DOMNAME>
     <VALPOS>0057</VALPOS>
     <DDLANGUAGE>1</DDLANGUAGE>
     <DOMVALUE_L>PY13</DOMVALUE_L>
     <DDTEXT>住房补贴申请</DDTEXT>
    </DD07V>
    <DD07V>
     <DOMNAME>ZDBTYPE</DOMNAME>
     <VALPOS>0058</VALPOS>
     <DDLANGUAGE>1</DDLANGUAGE>
     <DOMVALUE_L>PY14</DOMVALUE_L>
     <DDTEXT>转正申请薪资信息</DDTEXT>
    </DD07V>
   </DD07V_TAB>
  </asx:values>
 </asx:abap>
</abapGit>
