﻿<?xml version="1.0" encoding="utf-8"?>
<abapGit version="v1.0.0" serializer="LCL_OBJECT_DOMA" serializer_version="v1.0.0">
 <asx:abap xmlns:asx="http://www.sap.com/abapxml" version="1.0">
  <asx:values>
   <DD01V>
    <DOMNAME>ZDM_CSLX</DOMNAME>
    <DDLANGUAGE>1</DDLANGUAGE>
    <DATATYPE>CHAR</DATATYPE>
    <LENG>000002</LENG>
    <OUTPUTLEN>000002</OUTPUTLEN>
    <VALEXI>X</VALEXI>
    <DDTEXT>参数类型</DDTEXT>
   </DD01V>
   <DD07V_TAB>
    <DD07V>
     <DOMNAME>ZDM_CSLX</DOMNAME>
     <VALPOS>0001</VALPOS>
     <DDLANGUAGE>1</DDLANGUAGE>
     <DOMVALUE_L>01</DOMVALUE_L>
     <DDTEXT>七月调薪上浮比例</DDTEXT>
    </DD07V>
    <DD07V>
     <DOMNAME>ZDM_CSLX</DOMNAME>
     <VALPOS>0002</VALPOS>
     <DDLANGUAGE>1</DDLANGUAGE>
     <DOMVALUE_L>02</DOMVALUE_L>
     <DDTEXT>七月晋升调薪上浮比例</DDTEXT>
    </DD07V>
    <DD07V>
     <DOMNAME>ZDM_CSLX</DOMNAME>
     <VALPOS>0003</VALPOS>
     <DDLANGUAGE>1</DDLANGUAGE>
     <DOMVALUE_L>03</DOMVALUE_L>
     <DDTEXT>养老保险比例</DDTEXT>
    </DD07V>
    <DD07V>
     <DOMNAME>ZDM_CSLX</DOMNAME>
     <VALPOS>0004</VALPOS>
     <DDLANGUAGE>1</DDLANGUAGE>
     <DOMVALUE_L>04</DOMVALUE_L>
     <DDTEXT>失业保险比例</DDTEXT>
    </DD07V>
    <DD07V>
     <DOMNAME>ZDM_CSLX</DOMNAME>
     <VALPOS>0005</VALPOS>
     <DDLANGUAGE>1</DDLANGUAGE>
     <DOMVALUE_L>05</DOMVALUE_L>
     <DDTEXT>医疗保险比例</DDTEXT>
    </DD07V>
    <DD07V>
     <DOMNAME>ZDM_CSLX</DOMNAME>
     <VALPOS>0006</VALPOS>
     <DDLANGUAGE>1</DDLANGUAGE>
     <DOMVALUE_L>06</DOMVALUE_L>
     <DDTEXT>生育保险比例</DDTEXT>
    </DD07V>
    <DD07V>
     <DOMNAME>ZDM_CSLX</DOMNAME>
     <VALPOS>0007</VALPOS>
     <DDLANGUAGE>1</DDLANGUAGE>
     <DOMVALUE_L>07</DOMVALUE_L>
     <DDTEXT>工伤保险比例</DDTEXT>
    </DD07V>
    <DD07V>
     <DOMNAME>ZDM_CSLX</DOMNAME>
     <VALPOS>0008</VALPOS>
     <DDLANGUAGE>1</DDLANGUAGE>
     <DOMVALUE_L>08</DOMVALUE_L>
     <DDTEXT>公积金比例</DDTEXT>
    </DD07V>
    <DD07V>
     <DOMNAME>ZDM_CSLX</DOMNAME>
     <VALPOS>0009</VALPOS>
     <DDLANGUAGE>1</DDLANGUAGE>
     <DOMVALUE_L>09</DOMVALUE_L>
     <DDTEXT>福利费计提比例</DDTEXT>
    </DD07V>
    <DD07V>
     <DOMNAME>ZDM_CSLX</DOMNAME>
     <VALPOS>0010</VALPOS>
     <DDLANGUAGE>1</DDLANGUAGE>
     <DOMVALUE_L>10</DOMVALUE_L>
     <DDTEXT>福利费（外籍）计提比例</DDTEXT>
    </DD07V>
    <DD07V>
     <DOMNAME>ZDM_CSLX</DOMNAME>
     <VALPOS>0011</VALPOS>
     <DDLANGUAGE>1</DDLANGUAGE>
     <DOMVALUE_L>11</DOMVALUE_L>
     <DDTEXT>工会费计提比例</DDTEXT>
    </DD07V>
    <DD07V>
     <DOMNAME>ZDM_CSLX</DOMNAME>
     <VALPOS>0012</VALPOS>
     <DDLANGUAGE>1</DDLANGUAGE>
     <DOMVALUE_L>12</DOMVALUE_L>
     <DDTEXT>工会费（外籍）计提比例</DDTEXT>
    </DD07V>
   </DD07V_TAB>
  </asx:values>
 </asx:abap>
</abapGit>
