﻿<?xml version="1.0" encoding="utf-8"?>
<abapGit version="v1.0.0" serializer="LCL_OBJECT_DOMA" serializer_version="v1.0.0">
 <asx:abap xmlns:asx="http://www.sap.com/abapxml" version="1.0">
  <asx:values>
   <DD01V>
    <DOMNAME>ZDM_SULX</DOMNAME>
    <DDLANGUAGE>1</DDLANGUAGE>
    <DATATYPE>CHAR</DATATYPE>
    <LENG>000002</LENG>
    <OUTPUTLEN>000002</OUTPUTLEN>
    <VALEXI>X</VALEXI>
    <DDTEXT>数据类型</DDTEXT>
   </DD01V>
   <DD07V_TAB>
    <DD07V>
     <DOMNAME>ZDM_SULX</DOMNAME>
     <VALPOS>0001</VALPOS>
     <DDLANGUAGE>1</DDLANGUAGE>
     <DOMVALUE_L>A</DOMVALUE_L>
     <DDTEXT>前一年平均值</DDTEXT>
    </DD07V>
    <DD07V>
     <DOMNAME>ZDM_SULX</DOMNAME>
     <VALPOS>0002</VALPOS>
     <DDLANGUAGE>1</DDLANGUAGE>
     <DOMVALUE_L>B</DOMVALUE_L>
     <DDTEXT>上一年6月数据</DDTEXT>
    </DD07V>
    <DD07V>
     <DOMNAME>ZDM_SULX</DOMNAME>
     <VALPOS>0003</VALPOS>
     <DDLANGUAGE>1</DDLANGUAGE>
     <DOMVALUE_L>1</DOMVALUE_L>
     <DDTEXT>当年1月份</DDTEXT>
    </DD07V>
    <DD07V>
     <DOMNAME>ZDM_SULX</DOMNAME>
     <VALPOS>0004</VALPOS>
     <DDLANGUAGE>1</DDLANGUAGE>
     <DOMVALUE_L>2</DOMVALUE_L>
     <DDTEXT>当年2月份</DDTEXT>
    </DD07V>
    <DD07V>
     <DOMNAME>ZDM_SULX</DOMNAME>
     <VALPOS>0005</VALPOS>
     <DDLANGUAGE>1</DDLANGUAGE>
     <DOMVALUE_L>3</DOMVALUE_L>
     <DDTEXT>当年3月份</DDTEXT>
    </DD07V>
    <DD07V>
     <DOMNAME>ZDM_SULX</DOMNAME>
     <VALPOS>0006</VALPOS>
     <DDLANGUAGE>1</DDLANGUAGE>
     <DOMVALUE_L>4</DOMVALUE_L>
     <DDTEXT>当年4月份</DDTEXT>
    </DD07V>
    <DD07V>
     <DOMNAME>ZDM_SULX</DOMNAME>
     <VALPOS>0007</VALPOS>
     <DDLANGUAGE>1</DDLANGUAGE>
     <DOMVALUE_L>5</DOMVALUE_L>
     <DDTEXT>当年5月份</DDTEXT>
    </DD07V>
    <DD07V>
     <DOMNAME>ZDM_SULX</DOMNAME>
     <VALPOS>0008</VALPOS>
     <DDLANGUAGE>1</DDLANGUAGE>
     <DOMVALUE_L>6</DOMVALUE_L>
     <DDTEXT>当年6月份</DDTEXT>
    </DD07V>
    <DD07V>
     <DOMNAME>ZDM_SULX</DOMNAME>
     <VALPOS>0009</VALPOS>
     <DDLANGUAGE>1</DDLANGUAGE>
     <DOMVALUE_L>7</DOMVALUE_L>
     <DDTEXT>当年7月份</DDTEXT>
    </DD07V>
    <DD07V>
     <DOMNAME>ZDM_SULX</DOMNAME>
     <VALPOS>0010</VALPOS>
     <DDLANGUAGE>1</DDLANGUAGE>
     <DOMVALUE_L>8</DOMVALUE_L>
     <DDTEXT>当年8月份</DDTEXT>
    </DD07V>
    <DD07V>
     <DOMNAME>ZDM_SULX</DOMNAME>
     <VALPOS>0011</VALPOS>
     <DDLANGUAGE>1</DDLANGUAGE>
     <DOMVALUE_L>9</DOMVALUE_L>
     <DDTEXT>当年9月份</DDTEXT>
    </DD07V>
    <DD07V>
     <DOMNAME>ZDM_SULX</DOMNAME>
     <VALPOS>0012</VALPOS>
     <DDLANGUAGE>1</DDLANGUAGE>
     <DOMVALUE_L>10</DOMVALUE_L>
     <DDTEXT>当年10月份</DDTEXT>
    </DD07V>
    <DD07V>
     <DOMNAME>ZDM_SULX</DOMNAME>
     <VALPOS>0013</VALPOS>
     <DDLANGUAGE>1</DDLANGUAGE>
     <DOMVALUE_L>11</DOMVALUE_L>
     <DDTEXT>当年11月份</DDTEXT>
    </DD07V>
    <DD07V>
     <DOMNAME>ZDM_SULX</DOMNAME>
     <VALPOS>0014</VALPOS>
     <DDLANGUAGE>1</DDLANGUAGE>
     <DOMVALUE_L>12</DOMVALUE_L>
     <DDTEXT>当年12月份</DDTEXT>
    </DD07V>
   </DD07V_TAB>
  </asx:values>
 </asx:abap>
</abapGit>
