﻿<?xml version="1.0" encoding="utf-8"?>
<abapGit version="v1.0.0" serializer="LCL_OBJECT_DOMA" serializer_version="v1.0.0">
 <asx:abap xmlns:asx="http://www.sap.com/abapxml" version="1.0">
  <asx:values>
   <DD01V>
    <DOMNAME>ZDM_HR_INST_MODE</DOMNAME>
    <DDLANGUAGE>1</DDLANGUAGE>
    <DATATYPE>CHAR</DATATYPE>
    <LENG>000008</LENG>
    <OUTPUTLEN>000008</OUTPUTLEN>
    <VALEXI>X</VALEXI>
    <DDTEXT>实例处理模式</DDTEXT>
   </DD01V>
   <DD07V_TAB>
    <DD07V>
     <DOMNAME>ZDM_HR_INST_MODE</DOMNAME>
     <VALPOS>0001</VALPOS>
     <DDLANGUAGE>1</DDLANGUAGE>
     <DOMVALUE_L>APPROVAL</DOMVALUE_L>
     <DDTEXT>审批</DDTEXT>
    </DD07V>
    <DD07V>
     <DOMNAME>ZDM_HR_INST_MODE</DOMNAME>
     <VALPOS>0002</VALPOS>
     <DDLANGUAGE>1</DDLANGUAGE>
     <DOMVALUE_L>DISPLAY</DOMVALUE_L>
     <DDTEXT>显示</DDTEXT>
    </DD07V>
    <DD07V>
     <DOMNAME>ZDM_HR_INST_MODE</DOMNAME>
     <VALPOS>0003</VALPOS>
     <DDLANGUAGE>1</DDLANGUAGE>
     <DOMVALUE_L>EDIT</DOMVALUE_L>
     <DDTEXT>编辑</DDTEXT>
    </DD07V>
    <DD07V>
     <DOMNAME>ZDM_HR_INST_MODE</DOMNAME>
     <VALPOS>0004</VALPOS>
     <DDLANGUAGE>1</DDLANGUAGE>
     <DOMVALUE_L>POSTEDIT</DOMVALUE_L>
     <DDTEXT>后期编辑</DDTEXT>
    </DD07V>
   </DD07V_TAB>
  </asx:values>
 </asx:abap>
</abapGit>
