﻿<?xml version="1.0" encoding="utf-8"?>
<abapGit version="v1.0.0" serializer="LCL_OBJECT_DOMA" serializer_version="v1.0.0">
 <asx:abap xmlns:asx="http://www.sap.com/abapxml" version="1.0">
  <asx:values>
   <DD01V>
    <DOMNAME>ZDMBTYPE</DOMNAME>
    <DDLANGUAGE>1</DDLANGUAGE>
    <DATATYPE>CHAR</DATATYPE>
    <LENG>000004</LENG>
    <OUTPUTLEN>000004</OUTPUTLEN>
    <VALEXI>X</VALEXI>
    <DDTEXT>业务类型</DDTEXT>
   </DD01V>
   <DD07V_TAB>
    <DD07V>
     <DOMNAME>ZDMBTYPE</DOMNAME>
     <VALPOS>0001</VALPOS>
     <DDLANGUAGE>1</DDLANGUAGE>
     <DOMVALUE_L>P001</DOMVALUE_L>
     <DDTEXT>休假申请</DDTEXT>
    </DD07V>
    <DD07V>
     <DOMNAME>ZDMBTYPE</DOMNAME>
     <VALPOS>0002</VALPOS>
     <DDLANGUAGE>1</DDLANGUAGE>
     <DOMVALUE_L>P002</DOMVALUE_L>
     <DDTEXT>加班申请</DDTEXT>
    </DD07V>
    <DD07V>
     <DOMNAME>ZDMBTYPE</DOMNAME>
     <VALPOS>0003</VALPOS>
     <DDLANGUAGE>1</DDLANGUAGE>
     <DOMVALUE_L>P003</DOMVALUE_L>
     <DDTEXT>日班次变更申请</DDTEXT>
    </DD07V>
    <DD07V>
     <DOMNAME>ZDMBTYPE</DOMNAME>
     <VALPOS>0004</VALPOS>
     <DDLANGUAGE>1</DDLANGUAGE>
     <DOMVALUE_L>P004</DOMVALUE_L>
     <DDTEXT>月班次变更申请</DDTEXT>
    </DD07V>
    <DD07V>
     <DOMNAME>ZDMBTYPE</DOMNAME>
     <VALPOS>0005</VALPOS>
     <DDLANGUAGE>1</DDLANGUAGE>
     <DOMVALUE_L>P005</DOMVALUE_L>
     <DDTEXT>忘刷卡申请</DDTEXT>
    </DD07V>
    <DD07V>
     <DOMNAME>ZDMBTYPE</DOMNAME>
     <VALPOS>0006</VALPOS>
     <DDLANGUAGE>1</DDLANGUAGE>
     <DOMVALUE_L>P006</DOMVALUE_L>
     <DDTEXT>临时卡借用申请</DDTEXT>
    </DD07V>
    <DD07V>
     <DOMNAME>ZDMBTYPE</DOMNAME>
     <VALPOS>0007</VALPOS>
     <DDLANGUAGE>1</DDLANGUAGE>
     <DOMVALUE_L>P007</DOMVALUE_L>
     <DDTEXT>异地刷卡申请</DDTEXT>
    </DD07V>
    <DD07V>
     <DOMNAME>ZDMBTYPE</DOMNAME>
     <VALPOS>0008</VALPOS>
     <DDLANGUAGE>1</DDLANGUAGE>
     <DOMVALUE_L>P008</DOMVALUE_L>
     <DDTEXT>班车迟到申请</DDTEXT>
    </DD07V>
    <DD07V>
     <DOMNAME>ZDMBTYPE</DOMNAME>
     <VALPOS>0009</VALPOS>
     <DDLANGUAGE>1</DDLANGUAGE>
     <DOMVALUE_L>P009</DOMVALUE_L>
     <DDTEXT>员工差旅申请</DDTEXT>
    </DD07V>
    <DD07V>
     <DOMNAME>ZDMBTYPE</DOMNAME>
     <VALPOS>0010</VALPOS>
     <DDLANGUAGE>1</DDLANGUAGE>
     <DOMVALUE_L>P010</DOMVALUE_L>
     <DDTEXT>班车变更申请</DDTEXT>
    </DD07V>
   </DD07V_TAB>
  </asx:values>
 </asx:abap>
</abapGit>
