﻿<?xml version="1.0" encoding="utf-8"?>
<abapGit version="v1.0.0" serializer="LCL_OBJECT_DOMA" serializer_version="v1.0.0">
 <asx:abap xmlns:asx="http://www.sap.com/abapxml" version="1.0">
  <asx:values>
   <DD01V>
    <DOMNAME>ZDMHR_LSCH</DOMNAME>
    <DDLANGUAGE>1</DDLANGUAGE>
    <DATATYPE>CHAR</DATATYPE>
    <LENG>000001</LENG>
    <OUTPUTLEN>000001</OUTPUTLEN>
    <ENTITYTAB>T042Z</ENTITYTAB>
    <DDTEXT>支付码</DDTEXT>
    <APPLCLASS>FBZ</APPLCLASS>
   </DD01V>
   <I18N_LANGS>
    <LANGU>D</LANGU>
    <LANGU>E</LANGU>
   </I18N_LANGS>
   <DD01_TEXTS>
    <item>
     <DDLANGUAGE>D</DDLANGUAGE>
     <DDTEXT>Zahlungsschluessel</DDTEXT>
    </item>
    <item>
     <DDLANGUAGE>E</DDLANGUAGE>
     <DDTEXT>Payment key</DDTEXT>
    </item>
   </DD01_TEXTS>
  </asx:values>
 </asx:abap>
</abapGit>
