﻿<?xml version="1.0" encoding="utf-8"?>
<abapGit version="v1.0.0" serializer="LCL_OBJECT_DOMA" serializer_version="v1.0.0">
 <asx:abap xmlns:asx="http://www.sap.com/abapxml" version="1.0">
  <asx:values>
   <DD01V>
    <DOMNAME>ZDMHR_HYWTX</DOMNAME>
    <DDLANGUAGE>1</DDLANGUAGE>
    <DATATYPE>CHAR</DATATYPE>
    <LENG>000002</LENG>
    <OUTPUTLEN>000002</OUTPUTLEN>
    <VALEXI>X</VALEXI>
    <DDTEXT>业务条线</DDTEXT>
   </DD01V>
   <DD07V_TAB>
    <DD07V>
     <DOMNAME>ZDMHR_HYWTX</DOMNAME>
     <VALPOS>0001</VALPOS>
     <DDLANGUAGE>1</DDLANGUAGE>
     <DOMVALUE_L>01</DOMVALUE_L>
     <DDTEXT>总经理室</DDTEXT>
    </DD07V>
    <DD07V>
     <DOMNAME>ZDMHR_HYWTX</DOMNAME>
     <VALPOS>0002</VALPOS>
     <DDLANGUAGE>1</DDLANGUAGE>
     <DOMVALUE_L>02</DOMVALUE_L>
     <DDTEXT>IT</DDTEXT>
    </DD07V>
    <DD07V>
     <DOMNAME>ZDMHR_HYWTX</DOMNAME>
     <VALPOS>0003</VALPOS>
     <DDLANGUAGE>1</DDLANGUAGE>
     <DOMVALUE_L>03</DOMVALUE_L>
     <DDTEXT>法务</DDTEXT>
    </DD07V>
    <DD07V>
     <DOMNAME>ZDMHR_HYWTX</DOMNAME>
     <VALPOS>0004</VALPOS>
     <DDLANGUAGE>1</DDLANGUAGE>
     <DOMVALUE_L>04</DOMVALUE_L>
     <DDTEXT>文宣</DDTEXT>
    </DD07V>
    <DD07V>
     <DOMNAME>ZDMHR_HYWTX</DOMNAME>
     <VALPOS>0005</VALPOS>
     <DDLANGUAGE>1</DDLANGUAGE>
     <DOMVALUE_L>05</DOMVALUE_L>
     <DDTEXT>V-Team（含经营）</DDTEXT>
    </DD07V>
    <DD07V>
     <DOMNAME>ZDMHR_HYWTX</DOMNAME>
     <VALPOS>0006</VALPOS>
     <DDLANGUAGE>1</DDLANGUAGE>
     <DOMVALUE_L>06</DOMVALUE_L>
     <DDTEXT>生管</DDTEXT>
    </DD07V>
    <DD07V>
     <DOMNAME>ZDMHR_HYWTX</DOMNAME>
     <VALPOS>0007</VALPOS>
     <DDLANGUAGE>1</DDLANGUAGE>
     <DOMVALUE_L>07</DOMVALUE_L>
     <DDTEXT>人力资源</DDTEXT>
    </DD07V>
    <DD07V>
     <DOMNAME>ZDMHR_HYWTX</DOMNAME>
     <VALPOS>0008</VALPOS>
     <DDLANGUAGE>1</DDLANGUAGE>
     <DOMVALUE_L>08</DOMVALUE_L>
     <DDTEXT>行政</DDTEXT>
    </DD07V>
    <DD07V>
     <DOMNAME>ZDMHR_HYWTX</DOMNAME>
     <VALPOS>0009</VALPOS>
     <DDLANGUAGE>1</DDLANGUAGE>
     <DOMVALUE_L>09</DOMVALUE_L>
     <DDTEXT>会计</DDTEXT>
    </DD07V>
    <DD07V>
     <DOMNAME>ZDMHR_HYWTX</DOMNAME>
     <VALPOS>0010</VALPOS>
     <DDLANGUAGE>1</DDLANGUAGE>
     <DOMVALUE_L>10</DOMVALUE_L>
     <DDTEXT>财务</DDTEXT>
    </DD07V>
    <DD07V>
     <DOMNAME>ZDMHR_HYWTX</DOMNAME>
     <VALPOS>0011</VALPOS>
     <DDLANGUAGE>1</DDLANGUAGE>
     <DOMVALUE_L>11</DOMVALUE_L>
     <DDTEXT>采购</DDTEXT>
    </DD07V>
    <DD07V>
     <DOMNAME>ZDMHR_HYWTX</DOMNAME>
     <VALPOS>0012</VALPOS>
     <DDLANGUAGE>1</DDLANGUAGE>
     <DOMVALUE_L>12</DOMVALUE_L>
     <DDTEXT>物流</DDTEXT>
    </DD07V>
    <DD07V>
     <DOMNAME>ZDMHR_HYWTX</DOMNAME>
     <VALPOS>0013</VALPOS>
     <DDLANGUAGE>1</DDLANGUAGE>
     <DOMVALUE_L>13</DOMVALUE_L>
     <DDTEXT>产销规划</DDTEXT>
    </DD07V>
    <DD07V>
     <DOMNAME>ZDMHR_HYWTX</DOMNAME>
     <VALPOS>0014</VALPOS>
     <DDLANGUAGE>1</DDLANGUAGE>
     <DOMVALUE_L>14</DOMVALUE_L>
     <DDTEXT>工安</DDTEXT>
    </DD07V>
    <DD07V>
     <DOMNAME>ZDMHR_HYWTX</DOMNAME>
     <VALPOS>0015</VALPOS>
     <DDLANGUAGE>1</DDLANGUAGE>
     <DOMVALUE_L>15</DOMVALUE_L>
     <DDTEXT>水环</DDTEXT>
    </DD07V>
    <DD07V>
     <DOMNAME>ZDMHR_HYWTX</DOMNAME>
     <VALPOS>0016</VALPOS>
     <DDLANGUAGE>1</DDLANGUAGE>
     <DOMVALUE_L>16</DOMVALUE_L>
     <DDTEXT>生产</DDTEXT>
    </DD07V>
    <DD07V>
     <DOMNAME>ZDMHR_HYWTX</DOMNAME>
     <VALPOS>0017</VALPOS>
     <DDLANGUAGE>1</DDLANGUAGE>
     <DOMVALUE_L>17</DOMVALUE_L>
     <DDTEXT>工务</DDTEXT>
    </DD07V>
    <DD07V>
     <DOMNAME>ZDMHR_HYWTX</DOMNAME>
     <VALPOS>0018</VALPOS>
     <DDLANGUAGE>1</DDLANGUAGE>
     <DOMVALUE_L>18</DOMVALUE_L>
     <DDTEXT>化工</DDTEXT>
    </DD07V>
    <DD07V>
     <DOMNAME>ZDMHR_HYWTX</DOMNAME>
     <VALPOS>0019</VALPOS>
     <DDLANGUAGE>1</DDLANGUAGE>
     <DOMVALUE_L>19</DOMVALUE_L>
     <DDTEXT>能源</DDTEXT>
    </DD07V>
    <DD07V>
     <DOMNAME>ZDMHR_HYWTX</DOMNAME>
     <VALPOS>0020</VALPOS>
     <DDLANGUAGE>1</DDLANGUAGE>
     <DOMVALUE_L>20</DOMVALUE_L>
     <DDTEXT>回收</DDTEXT>
    </DD07V>
    <DD07V>
     <DOMNAME>ZDMHR_HYWTX</DOMNAME>
     <VALPOS>0021</VALPOS>
     <DDLANGUAGE>1</DDLANGUAGE>
     <DOMVALUE_L>21</DOMVALUE_L>
     <DDTEXT>研发</DDTEXT>
    </DD07V>
    <DD07V>
     <DOMNAME>ZDMHR_HYWTX</DOMNAME>
     <VALPOS>0022</VALPOS>
     <DDLANGUAGE>1</DDLANGUAGE>
     <DOMVALUE_L>22</DOMVALUE_L>
     <DDTEXT>品保</DDTEXT>
    </DD07V>
    <DD07V>
     <DOMNAME>ZDMHR_HYWTX</DOMNAME>
     <VALPOS>0023</VALPOS>
     <DDLANGUAGE>1</DDLANGUAGE>
     <DOMVALUE_L>23</DOMVALUE_L>
     <DDTEXT>标准化</DDTEXT>
    </DD07V>
    <DD07V>
     <DOMNAME>ZDMHR_HYWTX</DOMNAME>
     <VALPOS>0024</VALPOS>
     <DDLANGUAGE>1</DDLANGUAGE>
     <DOMVALUE_L>24</DOMVALUE_L>
     <DDTEXT>技术销售</DDTEXT>
    </DD07V>
    <DD07V>
     <DOMNAME>ZDMHR_HYWTX</DOMNAME>
     <VALPOS>0025</VALPOS>
     <DDLANGUAGE>1</DDLANGUAGE>
     <DOMVALUE_L>25</DOMVALUE_L>
     <DDTEXT>客服</DDTEXT>
    </DD07V>
    <DD07V>
     <DOMNAME>ZDMHR_HYWTX</DOMNAME>
     <VALPOS>0026</VALPOS>
     <DDLANGUAGE>1</DDLANGUAGE>
     <DOMVALUE_L>26</DOMVALUE_L>
     <DDTEXT>市场</DDTEXT>
    </DD07V>
    <DD07V>
     <DOMNAME>ZDMHR_HYWTX</DOMNAME>
     <VALPOS>0027</VALPOS>
     <DDLANGUAGE>1</DDLANGUAGE>
     <DOMVALUE_L>27</DOMVALUE_L>
     <DDTEXT>销售管理</DDTEXT>
    </DD07V>
    <DD07V>
     <DOMNAME>ZDMHR_HYWTX</DOMNAME>
     <VALPOS>0028</VALPOS>
     <DDLANGUAGE>1</DDLANGUAGE>
     <DOMVALUE_L>28</DOMVALUE_L>
     <DDTEXT>内贸销售</DDTEXT>
    </DD07V>
    <DD07V>
     <DOMNAME>ZDMHR_HYWTX</DOMNAME>
     <VALPOS>0029</VALPOS>
     <DDLANGUAGE>1</DDLANGUAGE>
     <DOMVALUE_L>29</DOMVALUE_L>
     <DDTEXT>外贸销售</DDTEXT>
    </DD07V>
    <DD07V>
     <DOMNAME>ZDMHR_HYWTX</DOMNAME>
     <VALPOS>0030</VALPOS>
     <DDLANGUAGE>1</DDLANGUAGE>
     <DOMVALUE_L>30</DOMVALUE_L>
     <DDTEXT>TM</DDTEXT>
    </DD07V>
    <DD07V>
     <DOMNAME>ZDMHR_HYWTX</DOMNAME>
     <VALPOS>0031</VALPOS>
     <DDLANGUAGE>1</DDLANGUAGE>
     <DOMVALUE_L>31</DOMVALUE_L>
     <DDTEXT>销售支持</DDTEXT>
    </DD07V>
    <DD07V>
     <DOMNAME>ZDMHR_HYWTX</DOMNAME>
     <VALPOS>0032</VALPOS>
     <DDLANGUAGE>1</DDLANGUAGE>
     <DOMVALUE_L>32</DOMVALUE_L>
     <DDTEXT>林务督导</DDTEXT>
    </DD07V>
    <DD07V>
     <DOMNAME>ZDMHR_HYWTX</DOMNAME>
     <VALPOS>0033</VALPOS>
     <DDLANGUAGE>1</DDLANGUAGE>
     <DOMVALUE_L>33</DOMVALUE_L>
     <DDTEXT>项目</DDTEXT>
    </DD07V>
    <DD07V>
     <DOMNAME>ZDMHR_HYWTX</DOMNAME>
     <VALPOS>0034</VALPOS>
     <DDLANGUAGE>1</DDLANGUAGE>
     <DOMVALUE_L>34</DOMVALUE_L>
     <DDTEXT>环保</DDTEXT>
    </DD07V>
    <DD07V>
     <DOMNAME>ZDMHR_HYWTX</DOMNAME>
     <VALPOS>0035</VALPOS>
     <DDLANGUAGE>1</DDLANGUAGE>
     <DOMVALUE_L>35</DOMVALUE_L>
     <DDTEXT>订单中心</DDTEXT>
    </DD07V>
    <DD07V>
     <DOMNAME>ZDMHR_HYWTX</DOMNAME>
     <VALPOS>0036</VALPOS>
     <DDLANGUAGE>1</DDLANGUAGE>
     <DOMVALUE_L>36</DOMVALUE_L>
     <DDTEXT>内贸管理</DDTEXT>
    </DD07V>
    <DD07V>
     <DOMNAME>ZDMHR_HYWTX</DOMNAME>
     <VALPOS>0037</VALPOS>
     <DDLANGUAGE>1</DDLANGUAGE>
     <DOMVALUE_L>37</DOMVALUE_L>
     <DDTEXT>内控</DDTEXT>
    </DD07V>
    <DD07V>
     <DOMNAME>ZDMHR_HYWTX</DOMNAME>
     <VALPOS>0038</VALPOS>
     <DDLANGUAGE>1</DDLANGUAGE>
     <DOMVALUE_L>38</DOMVALUE_L>
     <DDTEXT>安保</DDTEXT>
    </DD07V>
    <DD07V>
     <DOMNAME>ZDMHR_HYWTX</DOMNAME>
     <VALPOS>0039</VALPOS>
     <DDLANGUAGE>1</DDLANGUAGE>
     <DOMVALUE_L>39</DOMVALUE_L>
     <DDTEXT>生产-加工</DDTEXT>
    </DD07V>
    <DD07V>
     <DOMNAME>ZDMHR_HYWTX</DOMNAME>
     <VALPOS>0040</VALPOS>
     <DDLANGUAGE>1</DDLANGUAGE>
     <DOMVALUE_L>40</DOMVALUE_L>
     <DDTEXT>生产-抄纸</DDTEXT>
    </DD07V>
    <DD07V>
     <DOMNAME>ZDMHR_HYWTX</DOMNAME>
     <VALPOS>0041</VALPOS>
     <DDLANGUAGE>1</DDLANGUAGE>
     <DOMVALUE_L>41</DOMVALUE_L>
     <DDTEXT>工务-加工</DDTEXT>
    </DD07V>
    <DD07V>
     <DOMNAME>ZDMHR_HYWTX</DOMNAME>
     <VALPOS>0042</VALPOS>
     <DDLANGUAGE>1</DDLANGUAGE>
     <DOMVALUE_L>42</DOMVALUE_L>
     <DDTEXT>工务-抄纸</DDTEXT>
    </DD07V>
    <DD07V>
     <DOMNAME>ZDMHR_HYWTX</DOMNAME>
     <VALPOS>0043</VALPOS>
     <DDLANGUAGE>1</DDLANGUAGE>
     <DOMVALUE_L>43</DOMVALUE_L>
     <DDTEXT>数字化</DDTEXT>
    </DD07V>
    <DD07V>
     <DOMNAME>ZDMHR_HYWTX</DOMNAME>
     <VALPOS>0044</VALPOS>
     <DDLANGUAGE>1</DDLANGUAGE>
     <DOMVALUE_L>44</DOMVALUE_L>
     <DDTEXT>CCD</DDTEXT>
    </DD07V>
    <DD07V>
     <DOMNAME>ZDMHR_HYWTX</DOMNAME>
     <VALPOS>0045</VALPOS>
     <DDLANGUAGE>1</DDLANGUAGE>
     <DOMVALUE_L>45</DOMVALUE_L>
     <DDTEXT>SSC</DDTEXT>
    </DD07V>
   </DD07V_TAB>
  </asx:values>
 </asx:abap>
</abapGit>
