﻿<?xml version="1.0" encoding="utf-8"?>
<abapGit version="v1.0.0" serializer="LCL_OBJECT_DOMA" serializer_version="v1.0.0">
 <asx:abap xmlns:asx="http://www.sap.com/abapxml" version="1.0">
  <asx:values>
   <DD01V>
    <DOMNAME>ZDMHR_ZDFW</DOMNAME>
    <DDLANGUAGE>1</DDLANGUAGE>
    <DATATYPE>CHAR</DATATYPE>
    <LENG>000001</LENG>
    <OUTPUTLEN>000002</OUTPUTLEN>
    <VALEXI>X</VALEXI>
    <DDTEXT>职等范围</DDTEXT>
   </DD01V>
   <DD07V_TAB>
    <DD07V>
     <DOMNAME>ZDMHR_ZDFW</DOMNAME>
     <VALPOS>0001</VALPOS>
     <DDLANGUAGE>1</DDLANGUAGE>
     <DOMVALUE_L>1</DOMVALUE_L>
     <DDTEXT>14及以上</DDTEXT>
    </DD07V>
    <DD07V>
     <DOMNAME>ZDMHR_ZDFW</DOMNAME>
     <VALPOS>0002</VALPOS>
     <DDLANGUAGE>1</DDLANGUAGE>
     <DOMVALUE_L>2</DOMVALUE_L>
     <DDTEXT>12-13</DDTEXT>
    </DD07V>
    <DD07V>
     <DOMNAME>ZDMHR_ZDFW</DOMNAME>
     <VALPOS>0003</VALPOS>
     <DDLANGUAGE>1</DDLANGUAGE>
     <DOMVALUE_L>3</DOMVALUE_L>
     <DDTEXT>10-11</DDTEXT>
    </DD07V>
    <DD07V>
     <DOMNAME>ZDMHR_ZDFW</DOMNAME>
     <VALPOS>0004</VALPOS>
     <DDLANGUAGE>1</DDLANGUAGE>
     <DOMVALUE_L>4</DOMVALUE_L>
     <DDTEXT>8-9</DDTEXT>
    </DD07V>
    <DD07V>
     <DOMNAME>ZDMHR_ZDFW</DOMNAME>
     <VALPOS>0005</VALPOS>
     <DDLANGUAGE>1</DDLANGUAGE>
     <DOMVALUE_L>5</DOMVALUE_L>
     <DDTEXT>6-7</DDTEXT>
    </DD07V>
    <DD07V>
     <DOMNAME>ZDMHR_ZDFW</DOMNAME>
     <VALPOS>0006</VALPOS>
     <DDLANGUAGE>1</DDLANGUAGE>
     <DOMVALUE_L>6</DOMVALUE_L>
     <DDTEXT>4-5</DDTEXT>
    </DD07V>
    <DD07V>
     <DOMNAME>ZDMHR_ZDFW</DOMNAME>
     <VALPOS>0007</VALPOS>
     <DDLANGUAGE>1</DDLANGUAGE>
     <DOMVALUE_L>7</DOMVALUE_L>
     <DDTEXT>1-3</DDTEXT>
    </DD07V>
   </DD07V_TAB>
  </asx:values>
 </asx:abap>
</abapGit>
