﻿<?xml version="1.0" encoding="utf-8"?>
<abapGit version="v1.0.0" serializer="LCL_OBJECT_DOMA" serializer_version="v1.0.0">
 <asx:abap xmlns:asx="http://www.sap.com/abapxml" version="1.0">
  <asx:values>
   <DD01V>
    <DOMNAME>ZDMHR_HQDFL</DOMNAME>
    <DDLANGUAGE>1</DDLANGUAGE>
    <DATATYPE>CHAR</DATATYPE>
    <LENG>000002</LENG>
    <OUTPUTLEN>000002</OUTPUTLEN>
    <VALEXI>X</VALEXI>
    <DDTEXT>渠道分类</DDTEXT>
   </DD01V>
   <DD07V_TAB>
    <DD07V>
     <DOMNAME>ZDMHR_HQDFL</DOMNAME>
     <VALPOS>0001</VALPOS>
     <DDLANGUAGE>1</DDLANGUAGE>
    </DD07V>
    <DD07V>
     <DOMNAME>ZDMHR_HQDFL</DOMNAME>
     <VALPOS>0002</VALPOS>
     <DDLANGUAGE>1</DDLANGUAGE>
     <DOMVALUE_L>01</DOMVALUE_L>
     <DDTEXT>传统渠道</DDTEXT>
    </DD07V>
    <DD07V>
     <DOMNAME>ZDMHR_HQDFL</DOMNAME>
     <VALPOS>0003</VALPOS>
     <DDLANGUAGE>1</DDLANGUAGE>
     <DOMVALUE_L>02</DOMVALUE_L>
     <DDTEXT>传统渠道-KA</DDTEXT>
    </DD07V>
    <DD07V>
     <DOMNAME>ZDMHR_HQDFL</DOMNAME>
     <VALPOS>0004</VALPOS>
     <DDLANGUAGE>1</DDLANGUAGE>
     <DOMVALUE_L>03</DOMVALUE_L>
     <DDTEXT>传统渠道-GT</DDTEXT>
    </DD07V>
    <DD07V>
     <DOMNAME>ZDMHR_HQDFL</DOMNAME>
     <VALPOS>0005</VALPOS>
     <DDLANGUAGE>1</DDLANGUAGE>
     <DOMVALUE_L>04</DOMVALUE_L>
     <DDTEXT>传统渠道-AFH</DDTEXT>
    </DD07V>
    <DD07V>
     <DOMNAME>ZDMHR_HQDFL</DOMNAME>
     <VALPOS>0006</VALPOS>
     <DDLANGUAGE>1</DDLANGUAGE>
     <DOMVALUE_L>05</DOMVALUE_L>
     <DDTEXT>传统渠道-全通路</DDTEXT>
    </DD07V>
    <DD07V>
     <DOMNAME>ZDMHR_HQDFL</DOMNAME>
     <VALPOS>0007</VALPOS>
     <DDLANGUAGE>1</DDLANGUAGE>
     <DOMVALUE_L>06</DOMVALUE_L>
     <DDTEXT>传统渠道-母婴</DDTEXT>
    </DD07V>
    <DD07V>
     <DOMNAME>ZDMHR_HQDFL</DOMNAME>
     <VALPOS>0008</VALPOS>
     <DDLANGUAGE>1</DDLANGUAGE>
     <DOMVALUE_L>07</DOMVALUE_L>
     <DDTEXT>传统渠道-卫品</DDTEXT>
    </DD07V>
    <DD07V>
     <DOMNAME>ZDMHR_HQDFL</DOMNAME>
     <VALPOS>0009</VALPOS>
     <DDLANGUAGE>1</DDLANGUAGE>
     <DOMVALUE_L>20</DOMVALUE_L>
     <DDTEXT>电商渠道</DDTEXT>
    </DD07V>
    <DD07V>
     <DOMNAME>ZDMHR_HQDFL</DOMNAME>
     <VALPOS>0010</VALPOS>
     <DDLANGUAGE>1</DDLANGUAGE>
     <DOMVALUE_L>21</DOMVALUE_L>
     <DDTEXT>电商渠道-BC</DDTEXT>
    </DD07V>
    <DD07V>
     <DOMNAME>ZDMHR_HQDFL</DOMNAME>
     <VALPOS>0011</VALPOS>
     <DDLANGUAGE>1</DDLANGUAGE>
     <DOMVALUE_L>22</DOMVALUE_L>
     <DDTEXT>电商渠道-EC</DDTEXT>
    </DD07V>
    <DD07V>
     <DOMNAME>ZDMHR_HQDFL</DOMNAME>
     <VALPOS>0012</VALPOS>
     <DDLANGUAGE>1</DDLANGUAGE>
     <DOMVALUE_L>23</DOMVALUE_L>
     <DDTEXT>电商渠道-NC</DDTEXT>
    </DD07V>
    <DD07V>
     <DOMNAME>ZDMHR_HQDFL</DOMNAME>
     <VALPOS>0013</VALPOS>
     <DDLANGUAGE>1</DDLANGUAGE>
     <DOMVALUE_L>24</DOMVALUE_L>
     <DDTEXT>电商渠道-卫品</DDTEXT>
    </DD07V>
    <DD07V>
     <DOMNAME>ZDMHR_HQDFL</DOMNAME>
     <VALPOS>0014</VALPOS>
     <DDLANGUAGE>1</DDLANGUAGE>
     <DOMVALUE_L>25</DOMVALUE_L>
     <DDTEXT>电商渠道-铂丽雅</DDTEXT>
    </DD07V>
    <DD07V>
     <DOMNAME>ZDMHR_HQDFL</DOMNAME>
     <VALPOS>0015</VALPOS>
     <DDLANGUAGE>1</DDLANGUAGE>
     <DOMVALUE_L>40</DOMVALUE_L>
     <DDTEXT>美卫</DDTEXT>
    </DD07V>
    <DD07V>
     <DOMNAME>ZDMHR_HQDFL</DOMNAME>
     <VALPOS>0016</VALPOS>
     <DDLANGUAGE>1</DDLANGUAGE>
     <DOMVALUE_L>50</DOMVALUE_L>
     <DDTEXT>大纸</DDTEXT>
    </DD07V>
    <DD07V>
     <DOMNAME>ZDMHR_HQDFL</DOMNAME>
     <VALPOS>0017</VALPOS>
     <DDLANGUAGE>1</DDLANGUAGE>
     <DOMVALUE_L>54</DOMVALUE_L>
     <DDTEXT>小纸</DDTEXT>
    </DD07V>
    <DD07V>
     <DOMNAME>ZDMHR_HQDFL</DOMNAME>
     <VALPOS>0018</VALPOS>
     <DDLANGUAGE>1</DDLANGUAGE>
     <DOMVALUE_L>58</DOMVALUE_L>
     <DDTEXT>原纸</DDTEXT>
    </DD07V>
   </DD07V_TAB>
  </asx:values>
 </asx:abap>
</abapGit>
