﻿<?xml version="1.0" encoding="utf-8"?>
<abapGit version="v1.0.0" serializer="LCL_OBJECT_DOMA" serializer_version="v1.0.0">
 <asx:abap xmlns:asx="http://www.sap.com/abapxml" version="1.0">
  <asx:values>
   <DD01V>
    <DOMNAME>ZDMHR_HLDNLJDDJ</DOMNAME>
    <DDLANGUAGE>1</DDLANGUAGE>
    <DATATYPE>CHAR</DATATYPE>
    <LENG>000002</LENG>
    <OUTPUTLEN>000002</OUTPUTLEN>
    <VALEXI>X</VALEXI>
    <DDTEXT>劳动功能障碍等级</DDTEXT>
   </DD01V>
   <DD07V_TAB>
    <DD07V>
     <DOMNAME>ZDMHR_HLDNLJDDJ</DOMNAME>
     <VALPOS>0001</VALPOS>
     <DDLANGUAGE>1</DDLANGUAGE>
     <DOMVALUE_L>01</DOMVALUE_L>
     <DDTEXT>一级</DDTEXT>
    </DD07V>
    <DD07V>
     <DOMNAME>ZDMHR_HLDNLJDDJ</DOMNAME>
     <VALPOS>0002</VALPOS>
     <DDLANGUAGE>1</DDLANGUAGE>
     <DOMVALUE_L>02</DOMVALUE_L>
     <DDTEXT>二级</DDTEXT>
    </DD07V>
    <DD07V>
     <DOMNAME>ZDMHR_HLDNLJDDJ</DOMNAME>
     <VALPOS>0003</VALPOS>
     <DDLANGUAGE>1</DDLANGUAGE>
     <DOMVALUE_L>03</DOMVALUE_L>
     <DDTEXT>三级</DDTEXT>
    </DD07V>
    <DD07V>
     <DOMNAME>ZDMHR_HLDNLJDDJ</DOMNAME>
     <VALPOS>0004</VALPOS>
     <DDLANGUAGE>1</DDLANGUAGE>
     <DOMVALUE_L>04</DOMVALUE_L>
     <DDTEXT>四级</DDTEXT>
    </DD07V>
    <DD07V>
     <DOMNAME>ZDMHR_HLDNLJDDJ</DOMNAME>
     <VALPOS>0005</VALPOS>
     <DDLANGUAGE>1</DDLANGUAGE>
     <DOMVALUE_L>05</DOMVALUE_L>
     <DDTEXT>五级</DDTEXT>
    </DD07V>
    <DD07V>
     <DOMNAME>ZDMHR_HLDNLJDDJ</DOMNAME>
     <VALPOS>0006</VALPOS>
     <DDLANGUAGE>1</DDLANGUAGE>
     <DOMVALUE_L>06</DOMVALUE_L>
     <DDTEXT>六级</DDTEXT>
    </DD07V>
    <DD07V>
     <DOMNAME>ZDMHR_HLDNLJDDJ</DOMNAME>
     <VALPOS>0007</VALPOS>
     <DDLANGUAGE>1</DDLANGUAGE>
     <DOMVALUE_L>07</DOMVALUE_L>
     <DDTEXT>七级</DDTEXT>
    </DD07V>
    <DD07V>
     <DOMNAME>ZDMHR_HLDNLJDDJ</DOMNAME>
     <VALPOS>0008</VALPOS>
     <DDLANGUAGE>1</DDLANGUAGE>
     <DOMVALUE_L>08</DOMVALUE_L>
     <DDTEXT>八级</DDTEXT>
    </DD07V>
    <DD07V>
     <DOMNAME>ZDMHR_HLDNLJDDJ</DOMNAME>
     <VALPOS>0009</VALPOS>
     <DDLANGUAGE>1</DDLANGUAGE>
     <DOMVALUE_L>09</DOMVALUE_L>
     <DDTEXT>九级</DDTEXT>
    </DD07V>
    <DD07V>
     <DOMNAME>ZDMHR_HLDNLJDDJ</DOMNAME>
     <VALPOS>0010</VALPOS>
     <DDLANGUAGE>1</DDLANGUAGE>
     <DOMVALUE_L>10</DOMVALUE_L>
     <DDTEXT>十级</DDTEXT>
    </DD07V>
   </DD07V_TAB>
  </asx:values>
 </asx:abap>
</abapGit>
