﻿<?xml version="1.0" encoding="utf-8"?>
<abapGit version="v1.0.0" serializer="LCL_OBJECT_DOMA" serializer_version="v1.0.0">
 <asx:abap xmlns:asx="http://www.sap.com/abapxml" version="1.0">
  <asx:values>
   <DD01V>
    <DOMNAME>ZDMHR_HRWLX</DOMNAME>
    <DDLANGUAGE>1</DDLANGUAGE>
    <DATATYPE>CHAR</DATATYPE>
    <LENG>000002</LENG>
    <OUTPUTLEN>000002</OUTPUTLEN>
    <VALEXI>X</VALEXI>
    <DDTEXT>任务类型</DDTEXT>
   </DD01V>
   <DD07V_TAB>
    <DD07V>
     <DOMNAME>ZDMHR_HRWLX</DOMNAME>
     <VALPOS>0001</VALPOS>
     <DDLANGUAGE>1</DDLANGUAGE>
     <DOMVALUE_L>01</DOMVALUE_L>
     <DDTEXT>试用期满</DDTEXT>
    </DD07V>
    <DD07V>
     <DOMNAME>ZDMHR_HRWLX</DOMNAME>
     <VALPOS>0002</VALPOS>
     <DDLANGUAGE>1</DDLANGUAGE>
     <DOMVALUE_L>02</DOMVALUE_L>
     <DDTEXT>合同到期</DDTEXT>
    </DD07V>
    <DD07V>
     <DOMNAME>ZDMHR_HRWLX</DOMNAME>
     <VALPOS>0003</VALPOS>
     <DDLANGUAGE>1</DDLANGUAGE>
     <DOMVALUE_L>03</DOMVALUE_L>
     <DDTEXT>退休返聘协议到期</DDTEXT>
    </DD07V>
    <DD07V>
     <DOMNAME>ZDMHR_HRWLX</DOMNAME>
     <VALPOS>0004</VALPOS>
     <DDLANGUAGE>1</DDLANGUAGE>
     <DOMVALUE_L>04</DOMVALUE_L>
     <DDTEXT>人员异动</DDTEXT>
    </DD07V>
    <DD07V>
     <DOMNAME>ZDMHR_HRWLX</DOMNAME>
     <VALPOS>0005</VALPOS>
     <DDLANGUAGE>1</DDLANGUAGE>
     <DOMVALUE_L>05</DOMVALUE_L>
     <DDTEXT>转岗培训</DDTEXT>
    </DD07V>
    <DD07V>
     <DOMNAME>ZDMHR_HRWLX</DOMNAME>
     <VALPOS>0006</VALPOS>
     <DDLANGUAGE>1</DDLANGUAGE>
     <DOMVALUE_L>06</DOMVALUE_L>
     <DDTEXT>任务监控</DDTEXT>
    </DD07V>
   </DD07V_TAB>
  </asx:values>
 </asx:abap>
</abapGit>
