﻿<?xml version="1.0" encoding="utf-8"?>
<abapGit version="v1.0.0" serializer="LCL_OBJECT_DOMA" serializer_version="v1.0.0">
 <asx:abap xmlns:asx="http://www.sap.com/abapxml" version="1.0">
  <asx:values>
   <DD01V>
    <DOMNAME>ZDMHR_ZHRCHQSX1</DOMNAME>
    <DDLANGUAGE>1</DDLANGUAGE>
    <DATATYPE>CHAR</DATATYPE>
    <LENG>000002</LENG>
    <OUTPUTLEN>000002</OUTPUTLEN>
    <VALEXI>X</VALEXI>
    <DDTEXT>总部部门属性</DDTEXT>
   </DD01V>
   <DD07V_TAB>
    <DD07V>
     <DOMNAME>ZDMHR_ZHRCHQSX1</DOMNAME>
     <VALPOS>0001</VALPOS>
     <DDLANGUAGE>1</DDLANGUAGE>
     <DOMVALUE_L>1</DOMVALUE_L>
     <DDTEXT>有Global组织的中国区组织</DDTEXT>
    </DD07V>
    <DD07V>
     <DOMNAME>ZDMHR_ZHRCHQSX1</DOMNAME>
     <VALPOS>0002</VALPOS>
     <DDLANGUAGE>1</DDLANGUAGE>
     <DOMVALUE_L>2</DOMVALUE_L>
     <DDTEXT>无Global组织的中国区组织</DDTEXT>
    </DD07V>
    <DD07V>
     <DOMNAME>ZDMHR_ZHRCHQSX1</DOMNAME>
     <VALPOS>0003</VALPOS>
     <DDLANGUAGE>1</DDLANGUAGE>
     <DOMVALUE_L>3</DOMVALUE_L>
     <DDTEXT>Global组织</DDTEXT>
    </DD07V>
   </DD07V_TAB>
  </asx:values>
 </asx:abap>
</abapGit>
