﻿<?xml version="1.0" encoding="utf-8"?>
<abapGit version="v1.0.0" serializer="LCL_OBJECT_DOMA" serializer_version="v1.0.0">
 <asx:abap xmlns:asx="http://www.sap.com/abapxml" version="1.0">
  <asx:values>
   <DD01V>
    <DOMNAME>ZDMHR_DMAQX</DOMNAME>
    <DDLANGUAGE>1</DDLANGUAGE>
    <DATATYPE>NUMC</DATATYPE>
    <LENG>000002</LENG>
    <OUTPUTLEN>000002</OUTPUTLEN>
    <VALEXI>X</VALEXI>
    <DDTEXT>安全级别</DDTEXT>
   </DD01V>
   <DD07V_TAB>
    <DD07V>
     <DOMNAME>ZDMHR_DMAQX</DOMNAME>
     <VALPOS>0001</VALPOS>
     <DDLANGUAGE>1</DDLANGUAGE>
     <DOMVALUE_L>99</DOMVALUE_L>
     <DDTEXT>总裁</DDTEXT>
    </DD07V>
    <DD07V>
     <DOMNAME>ZDMHR_DMAQX</DOMNAME>
     <VALPOS>0002</VALPOS>
     <DDLANGUAGE>1</DDLANGUAGE>
     <DOMVALUE_L>95</DOMVALUE_L>
     <DDTEXT>OTG</DDTEXT>
    </DD07V>
    <DD07V>
     <DOMNAME>ZDMHR_DMAQX</DOMNAME>
     <VALPOS>0003</VALPOS>
     <DDLANGUAGE>1</DDLANGUAGE>
     <DOMVALUE_L>92</DOMVALUE_L>
     <DDTEXT>副总裁</DDTEXT>
    </DD07V>
    <DD07V>
     <DOMNAME>ZDMHR_DMAQX</DOMNAME>
     <VALPOS>0004</VALPOS>
     <DDLANGUAGE>1</DDLANGUAGE>
     <DOMVALUE_L>90</DOMVALUE_L>
     <DDTEXT>COO</DDTEXT>
    </DD07V>
    <DD07V>
     <DOMNAME>ZDMHR_DMAQX</DOMNAME>
     <VALPOS>0005</VALPOS>
     <DDLANGUAGE>1</DDLANGUAGE>
     <DOMVALUE_L>88</DOMVALUE_L>
     <DDTEXT>GHQ总经理</DDTEXT>
    </DD07V>
    <DD07V>
     <DOMNAME>ZDMHR_DMAQX</DOMNAME>
     <VALPOS>0006</VALPOS>
     <DDLANGUAGE>1</DDLANGUAGE>
     <DOMVALUE_L>86</DOMVALUE_L>
     <DDTEXT>GBU总经理</DDTEXT>
    </DD07V>
    <DD07V>
     <DOMNAME>ZDMHR_DMAQX</DOMNAME>
     <VALPOS>0007</VALPOS>
     <DDLANGUAGE>1</DDLANGUAGE>
     <DOMVALUE_L>84</DOMVALUE_L>
     <DDTEXT>CHQ总经理</DDTEXT>
    </DD07V>
    <DD07V>
     <DOMNAME>ZDMHR_DMAQX</DOMNAME>
     <VALPOS>0008</VALPOS>
     <DDLANGUAGE>1</DDLANGUAGE>
     <DOMVALUE_L>82</DOMVALUE_L>
     <DDTEXT>CBU总经理</DDTEXT>
    </DD07V>
    <DD07V>
     <DOMNAME>ZDMHR_DMAQX</DOMNAME>
     <VALPOS>0009</VALPOS>
     <DDLANGUAGE>1</DDLANGUAGE>
     <DOMVALUE_L>80</DOMVALUE_L>
     <DDTEXT>工厂总经理</DDTEXT>
    </DD07V>
    <DD07V>
     <DOMNAME>ZDMHR_DMAQX</DOMNAME>
     <VALPOS>0010</VALPOS>
     <DDLANGUAGE>1</DDLANGUAGE>
     <DOMVALUE_L>76</DOMVALUE_L>
     <DDTEXT>GHQ副总经理</DDTEXT>
    </DD07V>
    <DD07V>
     <DOMNAME>ZDMHR_DMAQX</DOMNAME>
     <VALPOS>0011</VALPOS>
     <DDLANGUAGE>1</DDLANGUAGE>
     <DOMVALUE_L>74</DOMVALUE_L>
     <DDTEXT>GBU副总经理</DDTEXT>
    </DD07V>
    <DD07V>
     <DOMNAME>ZDMHR_DMAQX</DOMNAME>
     <VALPOS>0012</VALPOS>
     <DDLANGUAGE>1</DDLANGUAGE>
     <DOMVALUE_L>72</DOMVALUE_L>
     <DDTEXT>CHQ副总经理</DDTEXT>
    </DD07V>
    <DD07V>
     <DOMNAME>ZDMHR_DMAQX</DOMNAME>
     <VALPOS>0013</VALPOS>
     <DDLANGUAGE>1</DDLANGUAGE>
     <DOMVALUE_L>71</DOMVALUE_L>
     <DDTEXT>CBU副总经理</DDTEXT>
    </DD07V>
    <DD07V>
     <DOMNAME>ZDMHR_DMAQX</DOMNAME>
     <VALPOS>0014</VALPOS>
     <DDLANGUAGE>1</DDLANGUAGE>
     <DOMVALUE_L>70</DOMVALUE_L>
     <DDTEXT>工厂副总经理/总监</DDTEXT>
    </DD07V>
    <DD07V>
     <DOMNAME>ZDMHR_DMAQX</DOMNAME>
     <VALPOS>0015</VALPOS>
     <DDLANGUAGE>1</DDLANGUAGE>
     <DOMVALUE_L>69</DOMVALUE_L>
     <DDTEXT>GHQ部门总经理</DDTEXT>
    </DD07V>
    <DD07V>
     <DOMNAME>ZDMHR_DMAQX</DOMNAME>
     <VALPOS>0016</VALPOS>
     <DDLANGUAGE>1</DDLANGUAGE>
     <DOMVALUE_L>68</DOMVALUE_L>
     <DDTEXT>GBU部门总经理</DDTEXT>
    </DD07V>
    <DD07V>
     <DOMNAME>ZDMHR_DMAQX</DOMNAME>
     <VALPOS>0017</VALPOS>
     <DDLANGUAGE>1</DDLANGUAGE>
     <DOMVALUE_L>66</DOMVALUE_L>
     <DDTEXT>CHQ部门总经理</DDTEXT>
    </DD07V>
    <DD07V>
     <DOMNAME>ZDMHR_DMAQX</DOMNAME>
     <VALPOS>0018</VALPOS>
     <DDLANGUAGE>1</DDLANGUAGE>
     <DOMVALUE_L>62</DOMVALUE_L>
     <DDTEXT>CBU部级部门主管</DDTEXT>
    </DD07V>
    <DD07V>
     <DOMNAME>ZDMHR_DMAQX</DOMNAME>
     <VALPOS>0019</VALPOS>
     <DDLANGUAGE>1</DDLANGUAGE>
     <DOMVALUE_L>61</DOMVALUE_L>
     <DDTEXT>TBU工厂总经理/部级副手</DDTEXT>
    </DD07V>
    <DD07V>
     <DOMNAME>ZDMHR_DMAQX</DOMNAME>
     <VALPOS>0020</VALPOS>
     <DDLANGUAGE>1</DDLANGUAGE>
     <DOMVALUE_L>60</DOMVALUE_L>
     <DDTEXT>工厂部级部门主管</DDTEXT>
    </DD07V>
    <DD07V>
     <DOMNAME>ZDMHR_DMAQX</DOMNAME>
     <VALPOS>0021</VALPOS>
     <DDLANGUAGE>1</DDLANGUAGE>
     <DOMVALUE_L>59</DOMVALUE_L>
     <DDTEXT>GHQ部门副总经理</DDTEXT>
    </DD07V>
    <DD07V>
     <DOMNAME>ZDMHR_DMAQX</DOMNAME>
     <VALPOS>0022</VALPOS>
     <DDLANGUAGE>1</DDLANGUAGE>
     <DOMVALUE_L>58</DOMVALUE_L>
     <DDTEXT>GBU部门副总经理</DDTEXT>
    </DD07V>
    <DD07V>
     <DOMNAME>ZDMHR_DMAQX</DOMNAME>
     <VALPOS>0023</VALPOS>
     <DDLANGUAGE>1</DDLANGUAGE>
     <DOMVALUE_L>54</DOMVALUE_L>
     <DDTEXT>CBU部门副总经理</DDTEXT>
    </DD07V>
    <DD07V>
     <DOMNAME>ZDMHR_DMAQX</DOMNAME>
     <VALPOS>0024</VALPOS>
     <DDLANGUAGE>1</DDLANGUAGE>
     <DOMVALUE_L>56</DOMVALUE_L>
     <DDTEXT>CHQ部门副总经理</DDTEXT>
    </DD07V>
    <DD07V>
     <DOMNAME>ZDMHR_DMAQX</DOMNAME>
     <VALPOS>0025</VALPOS>
     <DDLANGUAGE>1</DDLANGUAGE>
     <DOMVALUE_L>53</DOMVALUE_L>
     <DDTEXT>首席工程师/总工程师/资深专家</DDTEXT>
    </DD07V>
    <DD07V>
     <DOMNAME>ZDMHR_DMAQX</DOMNAME>
     <VALPOS>0026</VALPOS>
     <DDLANGUAGE>1</DDLANGUAGE>
     <DOMVALUE_L>52</DOMVALUE_L>
     <DDTEXT>CBU副部级部门主管</DDTEXT>
    </DD07V>
    <DD07V>
     <DOMNAME>ZDMHR_DMAQX</DOMNAME>
     <VALPOS>0027</VALPOS>
     <DDLANGUAGE>1</DDLANGUAGE>
     <DOMVALUE_L>51</DOMVALUE_L>
     <DDTEXT>TBU工厂厂长/副部级副手</DDTEXT>
    </DD07V>
    <DD07V>
     <DOMNAME>ZDMHR_DMAQX</DOMNAME>
     <VALPOS>0028</VALPOS>
     <DDLANGUAGE>1</DDLANGUAGE>
     <DOMVALUE_L>50</DOMVALUE_L>
     <DDTEXT>工厂副部级部门主管</DDTEXT>
    </DD07V>
    <DD07V>
     <DOMNAME>ZDMHR_DMAQX</DOMNAME>
     <VALPOS>0029</VALPOS>
     <DDLANGUAGE>1</DDLANGUAGE>
     <DOMVALUE_L>49</DOMVALUE_L>
     <DDTEXT>GHQ处级部门主管</DDTEXT>
    </DD07V>
    <DD07V>
     <DOMNAME>ZDMHR_DMAQX</DOMNAME>
     <VALPOS>0030</VALPOS>
     <DDLANGUAGE>1</DDLANGUAGE>
     <DOMVALUE_L>48</DOMVALUE_L>
     <DDTEXT>GBU处级部门主管</DDTEXT>
    </DD07V>
    <DD07V>
     <DOMNAME>ZDMHR_DMAQX</DOMNAME>
     <VALPOS>0031</VALPOS>
     <DDLANGUAGE>1</DDLANGUAGE>
     <DOMVALUE_L>47</DOMVALUE_L>
     <DDTEXT>CHQ处级部门主管</DDTEXT>
    </DD07V>
    <DD07V>
     <DOMNAME>ZDMHR_DMAQX</DOMNAME>
     <VALPOS>0032</VALPOS>
     <DDLANGUAGE>1</DDLANGUAGE>
     <DOMVALUE_L>46</DOMVALUE_L>
     <DDTEXT>CBU处级部门主管</DDTEXT>
    </DD07V>
    <DD07V>
     <DOMNAME>ZDMHR_DMAQX</DOMNAME>
     <VALPOS>0033</VALPOS>
     <DDLANGUAGE>1</DDLANGUAGE>
     <DOMVALUE_L>45</DOMVALUE_L>
     <DDTEXT>工厂处级部门主管</DDTEXT>
    </DD07V>
    <DD07V>
     <DOMNAME>ZDMHR_DMAQX</DOMNAME>
     <VALPOS>0034</VALPOS>
     <DDLANGUAGE>1</DDLANGUAGE>
     <DOMVALUE_L>43</DOMVALUE_L>
     <DDTEXT>专家/高级工程师</DDTEXT>
    </DD07V>
    <DD07V>
     <DOMNAME>ZDMHR_DMAQX</DOMNAME>
     <VALPOS>0035</VALPOS>
     <DDLANGUAGE>1</DDLANGUAGE>
     <DOMVALUE_L>42</DOMVALUE_L>
     <DDTEXT>CHQ副处级部门主管</DDTEXT>
    </DD07V>
    <DD07V>
     <DOMNAME>ZDMHR_DMAQX</DOMNAME>
     <VALPOS>0036</VALPOS>
     <DDLANGUAGE>1</DDLANGUAGE>
     <DOMVALUE_L>41</DOMVALUE_L>
     <DDTEXT>CBU副处级部门主管</DDTEXT>
    </DD07V>
    <DD07V>
     <DOMNAME>ZDMHR_DMAQX</DOMNAME>
     <VALPOS>0037</VALPOS>
     <DDLANGUAGE>1</DDLANGUAGE>
     <DOMVALUE_L>40</DOMVALUE_L>
     <DDTEXT>工厂副处级部门主管</DDTEXT>
    </DD07V>
    <DD07V>
     <DOMNAME>ZDMHR_DMAQX</DOMNAME>
     <VALPOS>0038</VALPOS>
     <DDLANGUAGE>1</DDLANGUAGE>
     <DOMVALUE_L>35</DOMVALUE_L>
     <DDTEXT>课级部门主管/组长</DDTEXT>
    </DD07V>
    <DD07V>
     <DOMNAME>ZDMHR_DMAQX</DOMNAME>
     <VALPOS>0039</VALPOS>
     <DDLANGUAGE>1</DDLANGUAGE>
     <DOMVALUE_L>31</DOMVALUE_L>
     <DDTEXT>副课级部门主管</DDTEXT>
    </DD07V>
    <DD07V>
     <DOMNAME>ZDMHR_DMAQX</DOMNAME>
     <VALPOS>0040</VALPOS>
     <DDLANGUAGE>1</DDLANGUAGE>
     <DOMVALUE_L>30</DOMVALUE_L>
     <DDTEXT>值班（副）主管</DDTEXT>
    </DD07V>
    <DD07V>
     <DOMNAME>ZDMHR_DMAQX</DOMNAME>
     <VALPOS>0041</VALPOS>
     <DDLANGUAGE>1</DDLANGUAGE>
     <DOMVALUE_L>22</DOMVALUE_L>
     <DDTEXT>专员/高级专员/助理工程师/工程师</DDTEXT>
    </DD07V>
    <DD07V>
     <DOMNAME>ZDMHR_DMAQX</DOMNAME>
     <VALPOS>0042</VALPOS>
     <DDLANGUAGE>1</DDLANGUAGE>
     <DOMVALUE_L>20</DOMVALUE_L>
     <DDTEXT>领班/机长</DDTEXT>
    </DD07V>
    <DD07V>
     <DOMNAME>ZDMHR_DMAQX</DOMNAME>
     <VALPOS>0043</VALPOS>
     <DDLANGUAGE>1</DDLANGUAGE>
     <DOMVALUE_L>12</DOMVALUE_L>
     <DDTEXT>文员/助理/技师/技术员</DDTEXT>
    </DD07V>
    <DD07V>
     <DOMNAME>ZDMHR_DMAQX</DOMNAME>
     <VALPOS>0044</VALPOS>
     <DDLANGUAGE>1</DDLANGUAGE>
     <DOMVALUE_L>10</DOMVALUE_L>
     <DDTEXT>维修工/操作工/其他</DDTEXT>
    </DD07V>
   </DD07V_TAB>
  </asx:values>
 </asx:abap>
</abapGit>
