﻿<?xml version="1.0" encoding="utf-8"?>
<abapGit version="v1.0.0" serializer="LCL_OBJECT_DOMA" serializer_version="v1.0.0">
 <asx:abap xmlns:asx="http://www.sap.com/abapxml" version="1.0">
  <asx:values>
   <DD01V>
    <DOMNAME>ZDMHR_HBBTJKJ</DOMNAME>
    <DDLANGUAGE>1</DDLANGUAGE>
    <DATATYPE>CHAR</DATATYPE>
    <LENG>000002</LENG>
    <OUTPUTLEN>000002</OUTPUTLEN>
    <VALEXI>X</VALEXI>
    <DDTEXT>报表统计口径归属</DDTEXT>
   </DD01V>
   <DD07V_TAB>
    <DD07V>
     <DOMNAME>ZDMHR_HBBTJKJ</DOMNAME>
     <VALPOS>0001</VALPOS>
     <DDLANGUAGE>1</DDLANGUAGE>
     <DOMVALUE_L>A1</DOMVALUE_L>
     <DDTEXT>总部</DDTEXT>
    </DD07V>
    <DD07V>
     <DOMNAME>ZDMHR_HBBTJKJ</DOMNAME>
     <VALPOS>0002</VALPOS>
     <DDLANGUAGE>1</DDLANGUAGE>
     <DOMVALUE_L>A2</DOMVALUE_L>
     <DDTEXT>研发中心</DDTEXT>
    </DD07V>
    <DD07V>
     <DOMNAME>ZDMHR_HBBTJKJ</DOMNAME>
     <VALPOS>0003</VALPOS>
     <DDLANGUAGE>1</DDLANGUAGE>
     <DOMVALUE_L>B0</DOMVALUE_L>
     <DDTEXT>文纸事业部部门</DDTEXT>
    </DD07V>
    <DD07V>
     <DOMNAME>ZDMHR_HBBTJKJ</DOMNAME>
     <VALPOS>0004</VALPOS>
     <DDLANGUAGE>1</DDLANGUAGE>
     <DOMVALUE_L>B1</DOMVALUE_L>
     <DDTEXT>金东</DDTEXT>
    </DD07V>
    <DD07V>
     <DOMNAME>ZDMHR_HBBTJKJ</DOMNAME>
     <VALPOS>0005</VALPOS>
     <DDLANGUAGE>1</DDLANGUAGE>
     <DOMVALUE_L>B2</DOMVALUE_L>
     <DDTEXT>海南</DDTEXT>
    </DD07V>
    <DD07V>
     <DOMNAME>ZDMHR_HBBTJKJ</DOMNAME>
     <VALPOS>0006</VALPOS>
     <DDLANGUAGE>1</DDLANGUAGE>
     <DOMVALUE_L>B3</DOMVALUE_L>
     <DDTEXT>金华盛</DDTEXT>
    </DD07V>
    <DD07V>
     <DOMNAME>ZDMHR_HBBTJKJ</DOMNAME>
     <VALPOS>0007</VALPOS>
     <DDLANGUAGE>1</DDLANGUAGE>
     <DOMVALUE_L>C0</DOMVALUE_L>
     <DDTEXT>工纸事业部部门</DDTEXT>
    </DD07V>
    <DD07V>
     <DOMNAME>ZDMHR_HBBTJKJ</DOMNAME>
     <VALPOS>0008</VALPOS>
     <DDLANGUAGE>1</DDLANGUAGE>
     <DOMVALUE_L>C1</DOMVALUE_L>
     <DDTEXT>宁波中华</DDTEXT>
    </DD07V>
    <DD07V>
     <DOMNAME>ZDMHR_HBBTJKJ</DOMNAME>
     <VALPOS>0009</VALPOS>
     <DDLANGUAGE>1</DDLANGUAGE>
     <DOMVALUE_L>C2</DOMVALUE_L>
     <DDTEXT>宁波亚浆</DDTEXT>
    </DD07V>
    <DD07V>
     <DOMNAME>ZDMHR_HBBTJKJ</DOMNAME>
     <VALPOS>0010</VALPOS>
     <DDLANGUAGE>1</DDLANGUAGE>
     <DOMVALUE_L>C3</DOMVALUE_L>
     <DDTEXT>金桂</DDTEXT>
    </DD07V>
    <DD07V>
     <DOMNAME>ZDMHR_HBBTJKJ</DOMNAME>
     <VALPOS>0011</VALPOS>
     <DDLANGUAGE>1</DDLANGUAGE>
     <DOMVALUE_L>C4</DOMVALUE_L>
     <DDTEXT>宁波四小厂</DDTEXT>
    </DD07V>
    <DD07V>
     <DOMNAME>ZDMHR_HBBTJKJ</DOMNAME>
     <VALPOS>0012</VALPOS>
     <DDLANGUAGE>1</DDLANGUAGE>
     <DOMVALUE_L>C5</DOMVALUE_L>
     <DDTEXT>昆山金海</DDTEXT>
    </DD07V>
    <DD07V>
     <DOMNAME>ZDMHR_HBBTJKJ</DOMNAME>
     <VALPOS>0013</VALPOS>
     <DDLANGUAGE>1</DDLANGUAGE>
     <DOMVALUE_L>D1</DOMVALUE_L>
     <DDTEXT>TBU-制造</DDTEXT>
    </DD07V>
    <DD07V>
     <DOMNAME>ZDMHR_HBBTJKJ</DOMNAME>
     <VALPOS>0014</VALPOS>
     <DDLANGUAGE>1</DDLANGUAGE>
     <DOMVALUE_L>D2</DOMVALUE_L>
     <DDTEXT>TBU-营销</DDTEXT>
    </DD07V>
    <DD07V>
     <DOMNAME>ZDMHR_HBBTJKJ</DOMNAME>
     <VALPOS>0015</VALPOS>
     <DDLANGUAGE>1</DDLANGUAGE>
     <DOMVALUE_L>D4</DOMVALUE_L>
     <DDTEXT>金红叶-（南通公司）</DDTEXT>
    </DD07V>
    <DD07V>
     <DOMNAME>ZDMHR_HBBTJKJ</DOMNAME>
     <VALPOS>0016</VALPOS>
     <DDLANGUAGE>1</DDLANGUAGE>
     <DOMVALUE_L>D5</DOMVALUE_L>
     <DDTEXT>金王</DDTEXT>
    </DD07V>
    <DD07V>
     <DOMNAME>ZDMHR_HBBTJKJ</DOMNAME>
     <VALPOS>0017</VALPOS>
     <DDLANGUAGE>1</DDLANGUAGE>
     <DOMVALUE_L>E1</DOMVALUE_L>
     <DDTEXT>金鑫</DDTEXT>
    </DD07V>
    <DD07V>
     <DOMNAME>ZDMHR_HBBTJKJ</DOMNAME>
     <VALPOS>0018</VALPOS>
     <DDLANGUAGE>1</DDLANGUAGE>
     <DOMVALUE_L>E2</DOMVALUE_L>
     <DDTEXT>昆山亚龙</DDTEXT>
    </DD07V>
    <DD07V>
     <DOMNAME>ZDMHR_HBBTJKJ</DOMNAME>
     <VALPOS>0019</VALPOS>
     <DDLANGUAGE>1</DDLANGUAGE>
     <DOMVALUE_L>E3</DOMVALUE_L>
     <DDTEXT>金光创利</DDTEXT>
    </DD07V>
    <DD07V>
     <DOMNAME>ZDMHR_HBBTJKJ</DOMNAME>
     <VALPOS>0020</VALPOS>
     <DDLANGUAGE>1</DDLANGUAGE>
     <DOMVALUE_L>F1</DOMVALUE_L>
     <DDTEXT>汶瑞</DDTEXT>
    </DD07V>
    <DD07V>
     <DOMNAME>ZDMHR_HBBTJKJ</DOMNAME>
     <VALPOS>0021</VALPOS>
     <DDLANGUAGE>1</DDLANGUAGE>
     <DOMVALUE_L>F2</DOMVALUE_L>
     <DDTEXT>金顺</DDTEXT>
    </DD07V>
   </DD07V_TAB>
  </asx:values>
 </asx:abap>
</abapGit>
