﻿<?xml version="1.0" encoding="utf-8"?>
<abapGit version="v1.0.0" serializer="LCL_OBJECT_DOMA" serializer_version="v1.0.0">
 <asx:abap xmlns:asx="http://www.sap.com/abapxml" version="1.0">
  <asx:values>
   <DD01V>
    <DOMNAME>ZDMHR_HZZCJSX</DOMNAME>
    <DDLANGUAGE>1</DDLANGUAGE>
    <DATATYPE>CHAR</DATATYPE>
    <LENG>000002</LENG>
    <OUTPUTLEN>000002</OUTPUTLEN>
    <VALEXI>X</VALEXI>
    <DDTEXT>组织层级</DDTEXT>
   </DD01V>
   <DD07V_TAB>
    <DD07V>
     <DOMNAME>ZDMHR_HZZCJSX</DOMNAME>
     <VALPOS>0001</VALPOS>
     <DDLANGUAGE>1</DDLANGUAGE>
     <DOMVALUE_L>00</DOMVALUE_L>
     <DDTEXT>总部/事业部/公司</DDTEXT>
    </DD07V>
    <DD07V>
     <DOMNAME>ZDMHR_HZZCJSX</DOMNAME>
     <VALPOS>0002</VALPOS>
     <DDLANGUAGE>1</DDLANGUAGE>
     <DOMVALUE_L>10</DOMVALUE_L>
     <DDTEXT>部</DDTEXT>
    </DD07V>
    <DD07V>
     <DOMNAME>ZDMHR_HZZCJSX</DOMNAME>
     <VALPOS>0003</VALPOS>
     <DDLANGUAGE>1</DDLANGUAGE>
     <DOMVALUE_L>15</DOMVALUE_L>
     <DDTEXT>副部</DDTEXT>
    </DD07V>
    <DD07V>
     <DOMNAME>ZDMHR_HZZCJSX</DOMNAME>
     <VALPOS>0004</VALPOS>
     <DDLANGUAGE>1</DDLANGUAGE>
     <DOMVALUE_L>20</DOMVALUE_L>
     <DDTEXT>处</DDTEXT>
    </DD07V>
    <DD07V>
     <DOMNAME>ZDMHR_HZZCJSX</DOMNAME>
     <VALPOS>0005</VALPOS>
     <DDLANGUAGE>1</DDLANGUAGE>
     <DOMVALUE_L>25</DOMVALUE_L>
     <DDTEXT>副处</DDTEXT>
    </DD07V>
    <DD07V>
     <DOMNAME>ZDMHR_HZZCJSX</DOMNAME>
     <VALPOS>0006</VALPOS>
     <DDLANGUAGE>1</DDLANGUAGE>
     <DOMVALUE_L>30</DOMVALUE_L>
     <DDTEXT>课</DDTEXT>
    </DD07V>
    <DD07V>
     <DOMNAME>ZDMHR_HZZCJSX</DOMNAME>
     <VALPOS>0007</VALPOS>
     <DDLANGUAGE>1</DDLANGUAGE>
     <DOMVALUE_L>35</DOMVALUE_L>
     <DDTEXT>副课</DDTEXT>
    </DD07V>
    <DD07V>
     <DOMNAME>ZDMHR_HZZCJSX</DOMNAME>
     <VALPOS>0008</VALPOS>
     <DDLANGUAGE>1</DDLANGUAGE>
     <DOMVALUE_L>38</DOMVALUE_L>
     <DDTEXT>课级组</DDTEXT>
    </DD07V>
    <DD07V>
     <DOMNAME>ZDMHR_HZZCJSX</DOMNAME>
     <VALPOS>0009</VALPOS>
     <DDLANGUAGE>1</DDLANGUAGE>
     <DOMVALUE_L>40</DOMVALUE_L>
     <DDTEXT>班组</DDTEXT>
    </DD07V>
   </DD07V_TAB>
  </asx:values>
 </asx:abap>
</abapGit>
