﻿<?xml version="1.0" encoding="utf-8"?>
<abapGit version="v1.0.0" serializer="LCL_OBJECT_DOMA" serializer_version="v1.0.0">
 <asx:abap xmlns:asx="http://www.sap.com/abapxml" version="1.0">
  <asx:values>
   <DD01V>
    <DOMNAME>ZDMHR_HGWFL</DOMNAME>
    <DDLANGUAGE>1</DDLANGUAGE>
    <DATATYPE>CHAR</DATATYPE>
    <LENG>000002</LENG>
    <OUTPUTLEN>000002</OUTPUTLEN>
    <VALEXI>X</VALEXI>
    <DDTEXT>标岗分类</DDTEXT>
   </DD01V>
   <DD07V_TAB>
    <DD07V>
     <DOMNAME>ZDMHR_HGWFL</DOMNAME>
     <VALPOS>0001</VALPOS>
     <DDLANGUAGE>1</DDLANGUAGE>
     <DOMVALUE_L>99</DOMVALUE_L>
     <DDTEXT>总裁</DDTEXT>
    </DD07V>
    <DD07V>
     <DOMNAME>ZDMHR_HGWFL</DOMNAME>
     <VALPOS>0002</VALPOS>
     <DDLANGUAGE>1</DDLANGUAGE>
     <DOMVALUE_L>98</DOMVALUE_L>
     <DDTEXT>OTG</DDTEXT>
    </DD07V>
    <DD07V>
     <DOMNAME>ZDMHR_HGWFL</DOMNAME>
     <VALPOS>0003</VALPOS>
     <DDLANGUAGE>1</DDLANGUAGE>
     <DOMVALUE_L>97</DOMVALUE_L>
     <DDTEXT>副总裁</DDTEXT>
    </DD07V>
    <DD07V>
     <DOMNAME>ZDMHR_HGWFL</DOMNAME>
     <VALPOS>0004</VALPOS>
     <DDLANGUAGE>1</DDLANGUAGE>
     <DOMVALUE_L>96</DOMVALUE_L>
     <DDTEXT>COO</DDTEXT>
    </DD07V>
    <DD07V>
     <DOMNAME>ZDMHR_HGWFL</DOMNAME>
     <VALPOS>0005</VALPOS>
     <DDLANGUAGE>1</DDLANGUAGE>
     <DOMVALUE_L>89</DOMVALUE_L>
     <DDTEXT>GHQ总经理</DDTEXT>
    </DD07V>
    <DD07V>
     <DOMNAME>ZDMHR_HGWFL</DOMNAME>
     <VALPOS>0006</VALPOS>
     <DDLANGUAGE>1</DDLANGUAGE>
     <DOMVALUE_L>88</DOMVALUE_L>
     <DDTEXT>CHQ总经理</DDTEXT>
    </DD07V>
    <DD07V>
     <DOMNAME>ZDMHR_HGWFL</DOMNAME>
     <VALPOS>0007</VALPOS>
     <DDLANGUAGE>1</DDLANGUAGE>
     <DOMVALUE_L>87</DOMVALUE_L>
     <DDTEXT>GBU总经理</DDTEXT>
    </DD07V>
    <DD07V>
     <DOMNAME>ZDMHR_HGWFL</DOMNAME>
     <VALPOS>0008</VALPOS>
     <DDLANGUAGE>1</DDLANGUAGE>
     <DOMVALUE_L>86</DOMVALUE_L>
     <DDTEXT>CBU总经理</DDTEXT>
    </DD07V>
    <DD07V>
     <DOMNAME>ZDMHR_HGWFL</DOMNAME>
     <VALPOS>0009</VALPOS>
     <DDLANGUAGE>1</DDLANGUAGE>
     <DOMVALUE_L>85</DOMVALUE_L>
     <DDTEXT>工厂总经理/厂长</DDTEXT>
    </DD07V>
    <DD07V>
     <DOMNAME>ZDMHR_HGWFL</DOMNAME>
     <VALPOS>0010</VALPOS>
     <DDLANGUAGE>1</DDLANGUAGE>
     <DOMVALUE_L>70</DOMVALUE_L>
     <DDTEXT>副总经理/总监</DDTEXT>
    </DD07V>
    <DD07V>
     <DOMNAME>ZDMHR_HGWFL</DOMNAME>
     <VALPOS>0011</VALPOS>
     <DDLANGUAGE>1</DDLANGUAGE>
     <DOMVALUE_L>69</DOMVALUE_L>
     <DDTEXT>部级部门主管</DDTEXT>
    </DD07V>
    <DD07V>
     <DOMNAME>ZDMHR_HGWFL</DOMNAME>
     <VALPOS>0012</VALPOS>
     <DDLANGUAGE>1</DDLANGUAGE>
     <DOMVALUE_L>68</DOMVALUE_L>
     <DDTEXT>销售总经理</DDTEXT>
    </DD07V>
    <DD07V>
     <DOMNAME>ZDMHR_HGWFL</DOMNAME>
     <VALPOS>0013</VALPOS>
     <DDLANGUAGE>1</DDLANGUAGE>
     <DOMVALUE_L>59</DOMVALUE_L>
     <DDTEXT>部门副总经理</DDTEXT>
    </DD07V>
    <DD07V>
     <DOMNAME>ZDMHR_HGWFL</DOMNAME>
     <VALPOS>0014</VALPOS>
     <DDLANGUAGE>1</DDLANGUAGE>
     <DOMVALUE_L>58</DOMVALUE_L>
     <DDTEXT>副部级部门主管</DDTEXT>
    </DD07V>
    <DD07V>
     <DOMNAME>ZDMHR_HGWFL</DOMNAME>
     <VALPOS>0015</VALPOS>
     <DDLANGUAGE>1</DDLANGUAGE>
     <DOMVALUE_L>57</DOMVALUE_L>
     <DDTEXT>销售总监</DDTEXT>
    </DD07V>
    <DD07V>
     <DOMNAME>ZDMHR_HGWFL</DOMNAME>
     <VALPOS>0016</VALPOS>
     <DDLANGUAGE>1</DDLANGUAGE>
     <DOMVALUE_L>56</DOMVALUE_L>
     <DDTEXT>总裁特助</DDTEXT>
    </DD07V>
    <DD07V>
     <DOMNAME>ZDMHR_HGWFL</DOMNAME>
     <VALPOS>0017</VALPOS>
     <DDLANGUAGE>1</DDLANGUAGE>
     <DOMVALUE_L>55</DOMVALUE_L>
     <DDTEXT>CEO特助</DDTEXT>
    </DD07V>
    <DD07V>
     <DOMNAME>ZDMHR_HGWFL</DOMNAME>
     <VALPOS>0018</VALPOS>
     <DDLANGUAGE>1</DDLANGUAGE>
     <DOMVALUE_L>54</DOMVALUE_L>
     <DDTEXT>总经理特助</DDTEXT>
    </DD07V>
    <DD07V>
     <DOMNAME>ZDMHR_HGWFL</DOMNAME>
     <VALPOS>0019</VALPOS>
     <DDLANGUAGE>1</DDLANGUAGE>
     <DOMVALUE_L>53</DOMVALUE_L>
     <DDTEXT>资深专家</DDTEXT>
    </DD07V>
    <DD07V>
     <DOMNAME>ZDMHR_HGWFL</DOMNAME>
     <VALPOS>0020</VALPOS>
     <DDLANGUAGE>1</DDLANGUAGE>
     <DOMVALUE_L>52</DOMVALUE_L>
     <DDTEXT>首席/总工程师</DDTEXT>
    </DD07V>
    <DD07V>
     <DOMNAME>ZDMHR_HGWFL</DOMNAME>
     <VALPOS>0021</VALPOS>
     <DDLANGUAGE>1</DDLANGUAGE>
     <DOMVALUE_L>51</DOMVALUE_L>
     <DDTEXT>顾问</DDTEXT>
    </DD07V>
    <DD07V>
     <DOMNAME>ZDMHR_HGWFL</DOMNAME>
     <VALPOS>0022</VALPOS>
     <DDLANGUAGE>1</DDLANGUAGE>
     <DOMVALUE_L>50</DOMVALUE_L>
     <DDTEXT>销售副总经理</DDTEXT>
    </DD07V>
    <DD07V>
     <DOMNAME>ZDMHR_HGWFL</DOMNAME>
     <VALPOS>0023</VALPOS>
     <DDLANGUAGE>1</DDLANGUAGE>
     <DOMVALUE_L>5C</DOMVALUE_L>
     <DDTEXT>销售总（副）经理</DDTEXT>
    </DD07V>
    <DD07V>
     <DOMNAME>ZDMHR_HGWFL</DOMNAME>
     <VALPOS>0024</VALPOS>
     <DDLANGUAGE>1</DDLANGUAGE>
     <DOMVALUE_L>5B</DOMVALUE_L>
     <DDTEXT>大区销售总经理</DDTEXT>
    </DD07V>
    <DD07V>
     <DOMNAME>ZDMHR_HGWFL</DOMNAME>
     <VALPOS>0025</VALPOS>
     <DDLANGUAGE>1</DDLANGUAGE>
     <DOMVALUE_L>5A</DOMVALUE_L>
     <DDTEXT>大区销售副总/特助</DDTEXT>
    </DD07V>
    <DD07V>
     <DOMNAME>ZDMHR_HGWFL</DOMNAME>
     <VALPOS>0026</VALPOS>
     <DDLANGUAGE>1</DDLANGUAGE>
     <DOMVALUE_L>49</DOMVALUE_L>
     <DDTEXT>处级部门主管</DDTEXT>
    </DD07V>
    <DD07V>
     <DOMNAME>ZDMHR_HGWFL</DOMNAME>
     <VALPOS>0027</VALPOS>
     <DDLANGUAGE>1</DDLANGUAGE>
     <DOMVALUE_L>48</DOMVALUE_L>
     <DDTEXT>销售副总监/经理</DDTEXT>
    </DD07V>
    <DD07V>
     <DOMNAME>ZDMHR_HGWFL</DOMNAME>
     <VALPOS>0028</VALPOS>
     <DDLANGUAGE>1</DDLANGUAGE>
     <DOMVALUE_L>47</DOMVALUE_L>
     <DDTEXT>副处级部门主管</DDTEXT>
    </DD07V>
    <DD07V>
     <DOMNAME>ZDMHR_HGWFL</DOMNAME>
     <VALPOS>0029</VALPOS>
     <DDLANGUAGE>1</DDLANGUAGE>
     <DOMVALUE_L>46</DOMVALUE_L>
     <DDTEXT>省区销售经理</DDTEXT>
    </DD07V>
    <DD07V>
     <DOMNAME>ZDMHR_HGWFL</DOMNAME>
     <VALPOS>0030</VALPOS>
     <DDLANGUAGE>1</DDLANGUAGE>
     <DOMVALUE_L>45</DOMVALUE_L>
     <DDTEXT>专家</DDTEXT>
    </DD07V>
    <DD07V>
     <DOMNAME>ZDMHR_HGWFL</DOMNAME>
     <VALPOS>0031</VALPOS>
     <DDLANGUAGE>1</DDLANGUAGE>
     <DOMVALUE_L>44</DOMVALUE_L>
     <DDTEXT>处级高专</DDTEXT>
    </DD07V>
    <DD07V>
     <DOMNAME>ZDMHR_HGWFL</DOMNAME>
     <VALPOS>0032</VALPOS>
     <DDLANGUAGE>1</DDLANGUAGE>
     <DOMVALUE_L>43</DOMVALUE_L>
     <DDTEXT>高级工程师</DDTEXT>
    </DD07V>
    <DD07V>
     <DOMNAME>ZDMHR_HGWFL</DOMNAME>
     <VALPOS>0033</VALPOS>
     <DDLANGUAGE>1</DDLANGUAGE>
     <DOMVALUE_L>4A</DOMVALUE_L>
     <DDTEXT>省区销售副总经理/特助</DDTEXT>
    </DD07V>
    <DD07V>
     <DOMNAME>ZDMHR_HGWFL</DOMNAME>
     <VALPOS>0034</VALPOS>
     <DDLANGUAGE>1</DDLANGUAGE>
     <DOMVALUE_L>39</DOMVALUE_L>
     <DDTEXT>课级部门主管/组长</DDTEXT>
    </DD07V>
    <DD07V>
     <DOMNAME>ZDMHR_HGWFL</DOMNAME>
     <VALPOS>0035</VALPOS>
     <DDLANGUAGE>1</DDLANGUAGE>
     <DOMVALUE_L>38</DOMVALUE_L>
     <DDTEXT>销售经理</DDTEXT>
    </DD07V>
    <DD07V>
     <DOMNAME>ZDMHR_HGWFL</DOMNAME>
     <VALPOS>0036</VALPOS>
     <DDLANGUAGE>1</DDLANGUAGE>
     <DOMVALUE_L>37</DOMVALUE_L>
     <DDTEXT>副课级部门主管</DDTEXT>
    </DD07V>
    <DD07V>
     <DOMNAME>ZDMHR_HGWFL</DOMNAME>
     <VALPOS>0037</VALPOS>
     <DDLANGUAGE>1</DDLANGUAGE>
     <DOMVALUE_L>36</DOMVALUE_L>
     <DDTEXT>销售主管</DDTEXT>
    </DD07V>
    <DD07V>
     <DOMNAME>ZDMHR_HGWFL</DOMNAME>
     <VALPOS>0038</VALPOS>
     <DDLANGUAGE>1</DDLANGUAGE>
     <DOMVALUE_L>35</DOMVALUE_L>
     <DDTEXT>值班主管</DDTEXT>
    </DD07V>
    <DD07V>
     <DOMNAME>ZDMHR_HGWFL</DOMNAME>
     <VALPOS>0039</VALPOS>
     <DDLANGUAGE>1</DDLANGUAGE>
     <DOMVALUE_L>34</DOMVALUE_L>
     <DDTEXT>高级专员</DDTEXT>
    </DD07V>
    <DD07V>
     <DOMNAME>ZDMHR_HGWFL</DOMNAME>
     <VALPOS>0040</VALPOS>
     <DDLANGUAGE>1</DDLANGUAGE>
     <DOMVALUE_L>3A</DOMVALUE_L>
     <DDTEXT>城市群经理</DDTEXT>
    </DD07V>
    <DD07V>
     <DOMNAME>ZDMHR_HGWFL</DOMNAME>
     <VALPOS>0041</VALPOS>
     <DDLANGUAGE>1</DDLANGUAGE>
     <DOMVALUE_L>29</DOMVALUE_L>
     <DDTEXT>领班</DDTEXT>
    </DD07V>
    <DD07V>
     <DOMNAME>ZDMHR_HGWFL</DOMNAME>
     <VALPOS>0042</VALPOS>
     <DDLANGUAGE>1</DDLANGUAGE>
     <DOMVALUE_L>28</DOMVALUE_L>
     <DDTEXT>机台长</DDTEXT>
    </DD07V>
    <DD07V>
     <DOMNAME>ZDMHR_HGWFL</DOMNAME>
     <VALPOS>0043</VALPOS>
     <DDLANGUAGE>1</DDLANGUAGE>
     <DOMVALUE_L>27</DOMVALUE_L>
     <DDTEXT>业务主任</DDTEXT>
    </DD07V>
    <DD07V>
     <DOMNAME>ZDMHR_HGWFL</DOMNAME>
     <VALPOS>0044</VALPOS>
     <DDLANGUAGE>1</DDLANGUAGE>
     <DOMVALUE_L>26</DOMVALUE_L>
     <DDTEXT>专员</DDTEXT>
    </DD07V>
    <DD07V>
     <DOMNAME>ZDMHR_HGWFL</DOMNAME>
     <VALPOS>0045</VALPOS>
     <DDLANGUAGE>1</DDLANGUAGE>
     <DOMVALUE_L>25</DOMVALUE_L>
     <DDTEXT>工程师</DDTEXT>
    </DD07V>
    <DD07V>
     <DOMNAME>ZDMHR_HGWFL</DOMNAME>
     <VALPOS>0046</VALPOS>
     <DDLANGUAGE>1</DDLANGUAGE>
     <DOMVALUE_L>24</DOMVALUE_L>
     <DDTEXT>助理工程师</DDTEXT>
    </DD07V>
    <DD07V>
     <DOMNAME>ZDMHR_HGWFL</DOMNAME>
     <VALPOS>0047</VALPOS>
     <DDLANGUAGE>1</DDLANGUAGE>
     <DOMVALUE_L>2F</DOMVALUE_L>
     <DDTEXT>运营经理/主管</DDTEXT>
    </DD07V>
    <DD07V>
     <DOMNAME>ZDMHR_HGWFL</DOMNAME>
     <VALPOS>0048</VALPOS>
     <DDLANGUAGE>1</DDLANGUAGE>
     <DOMVALUE_L>2E</DOMVALUE_L>
     <DDTEXT>业务主管</DDTEXT>
    </DD07V>
    <DD07V>
     <DOMNAME>ZDMHR_HGWFL</DOMNAME>
     <VALPOS>0049</VALPOS>
     <DDLANGUAGE>1</DDLANGUAGE>
     <DOMVALUE_L>2D</DOMVALUE_L>
     <DDTEXT>业务经理</DDTEXT>
    </DD07V>
    <DD07V>
     <DOMNAME>ZDMHR_HGWFL</DOMNAME>
     <VALPOS>0050</VALPOS>
     <DDLANGUAGE>1</DDLANGUAGE>
     <DOMVALUE_L>2C</DOMVALUE_L>
     <DDTEXT>渠道经理/主管</DDTEXT>
    </DD07V>
    <DD07V>
     <DOMNAME>ZDMHR_HGWFL</DOMNAME>
     <VALPOS>0051</VALPOS>
     <DDLANGUAGE>1</DDLANGUAGE>
     <DOMVALUE_L>2A</DOMVALUE_L>
     <DDTEXT>客户经理</DDTEXT>
    </DD07V>
    <DD07V>
     <DOMNAME>ZDMHR_HGWFL</DOMNAME>
     <VALPOS>0052</VALPOS>
     <DDLANGUAGE>1</DDLANGUAGE>
     <DOMVALUE_L>19</DOMVALUE_L>
     <DDTEXT>技术员</DDTEXT>
    </DD07V>
    <DD07V>
     <DOMNAME>ZDMHR_HGWFL</DOMNAME>
     <VALPOS>0053</VALPOS>
     <DDLANGUAGE>1</DDLANGUAGE>
     <DOMVALUE_L>18</DOMVALUE_L>
     <DDTEXT>技师</DDTEXT>
    </DD07V>
    <DD07V>
     <DOMNAME>ZDMHR_HGWFL</DOMNAME>
     <VALPOS>0054</VALPOS>
     <DDLANGUAGE>1</DDLANGUAGE>
     <DOMVALUE_L>17</DOMVALUE_L>
     <DDTEXT>操作员</DDTEXT>
    </DD07V>
    <DD07V>
     <DOMNAME>ZDMHR_HGWFL</DOMNAME>
     <VALPOS>0055</VALPOS>
     <DDLANGUAGE>1</DDLANGUAGE>
     <DOMVALUE_L>16</DOMVALUE_L>
     <DDTEXT>事务员</DDTEXT>
    </DD07V>
    <DD07V>
     <DOMNAME>ZDMHR_HGWFL</DOMNAME>
     <VALPOS>0056</VALPOS>
     <DDLANGUAGE>1</DDLANGUAGE>
     <DOMVALUE_L>15</DOMVALUE_L>
     <DDTEXT>业务员</DDTEXT>
    </DD07V>
    <DD07V>
     <DOMNAME>ZDMHR_HGWFL</DOMNAME>
     <VALPOS>0057</VALPOS>
     <DDLANGUAGE>1</DDLANGUAGE>
     <DOMVALUE_L>14</DOMVALUE_L>
     <DDTEXT>业务助理</DDTEXT>
    </DD07V>
    <DD07V>
     <DOMNAME>ZDMHR_HGWFL</DOMNAME>
     <VALPOS>0058</VALPOS>
     <DDLANGUAGE>1</DDLANGUAGE>
     <DOMVALUE_L>13</DOMVALUE_L>
     <DDTEXT>实习生</DDTEXT>
    </DD07V>
    <DD07V>
     <DOMNAME>ZDMHR_HGWFL</DOMNAME>
     <VALPOS>0059</VALPOS>
     <DDLANGUAGE>1</DDLANGUAGE>
     <DOMVALUE_L>12</DOMVALUE_L>
     <DDTEXT>劳务派遣</DDTEXT>
    </DD07V>
    <DD07V>
     <DOMNAME>ZDMHR_HGWFL</DOMNAME>
     <VALPOS>0060</VALPOS>
     <DDLANGUAGE>1</DDLANGUAGE>
     <DOMVALUE_L>11</DOMVALUE_L>
     <DDTEXT>内退人员</DDTEXT>
    </DD07V>
    <DD07V>
     <DOMNAME>ZDMHR_HGWFL</DOMNAME>
     <VALPOS>0061</VALPOS>
     <DDLANGUAGE>1</DDLANGUAGE>
     <DOMVALUE_L>10</DOMVALUE_L>
     <DDTEXT>工伤离岗</DDTEXT>
    </DD07V>
    <DD07V>
     <DOMNAME>ZDMHR_HGWFL</DOMNAME>
     <VALPOS>0062</VALPOS>
     <DDLANGUAGE>1</DDLANGUAGE>
     <DOMVALUE_L>1A</DOMVALUE_L>
     <DDTEXT>助理/文员</DDTEXT>
    </DD07V>
    <DD07V>
     <DOMNAME>ZDMHR_HGWFL</DOMNAME>
     <VALPOS>0063</VALPOS>
     <DDLANGUAGE>1</DDLANGUAGE>
     <DOMVALUE_L>09</DOMVALUE_L>
     <DDTEXT>病休离岗</DDTEXT>
    </DD07V>
    <DD07V>
     <DOMNAME>ZDMHR_HGWFL</DOMNAME>
     <VALPOS>0064</VALPOS>
     <DDLANGUAGE>1</DDLANGUAGE>
     <DOMVALUE_L>08</DOMVALUE_L>
     <DDTEXT>残疾人（挂靠）</DDTEXT>
    </DD07V>
    <DD07V>
     <DOMNAME>ZDMHR_HGWFL</DOMNAME>
     <VALPOS>0065</VALPOS>
     <DDLANGUAGE>1</DDLANGUAGE>
     <DOMVALUE_L>07</DOMVALUE_L>
     <DDTEXT>管培生</DDTEXT>
    </DD07V>
    <DD07V>
     <DOMNAME>ZDMHR_HGWFL</DOMNAME>
     <VALPOS>0066</VALPOS>
     <DDLANGUAGE>1</DDLANGUAGE>
     <DOMVALUE_L>06</DOMVALUE_L>
     <DDTEXT>应届生储备</DDTEXT>
    </DD07V>
    <DD07V>
     <DOMNAME>ZDMHR_HGWFL</DOMNAME>
     <VALPOS>0067</VALPOS>
     <DDLANGUAGE>1</DDLANGUAGE>
     <DOMVALUE_L>05</DOMVALUE_L>
     <DDTEXT>三三制管理型副手</DDTEXT>
    </DD07V>
    <DD07V>
     <DOMNAME>ZDMHR_HGWFL</DOMNAME>
     <VALPOS>0068</VALPOS>
     <DDLANGUAGE>1</DDLANGUAGE>
     <DOMVALUE_L>03</DOMVALUE_L>
     <DDTEXT>三三制专家型副手</DDTEXT>
    </DD07V>
    <DD07V>
     <DOMNAME>ZDMHR_HGWFL</DOMNAME>
     <VALPOS>0069</VALPOS>
     <DDLANGUAGE>1</DDLANGUAGE>
     <DOMVALUE_L>02</DOMVALUE_L>
     <DDTEXT>代发薪人员</DDTEXT>
    </DD07V>
   </DD07V_TAB>
  </asx:values>
 </asx:abap>
</abapGit>
