﻿<?xml version="1.0" encoding="utf-8"?>
<abapGit version="v1.0.0" serializer="LCL_OBJECT_DOMA" serializer_version="v1.0.0">
 <asx:abap xmlns:asx="http://www.sap.com/abapxml" version="1.0">
  <asx:values>
   <DD01V>
    <DOMNAME>ZDMHR_ZHR_STATUS</DOMNAME>
    <DDLANGUAGE>1</DDLANGUAGE>
    <DATATYPE>CHAR</DATATYPE>
    <LENG>000002</LENG>
    <OUTPUTLEN>000002</OUTPUTLEN>
    <VALEXI>X</VALEXI>
    <DDTEXT>审批状态</DDTEXT>
   </DD01V>
   <DD07V_TAB>
    <DD07V>
     <DOMNAME>ZDMHR_ZHR_STATUS</DOMNAME>
     <VALPOS>0001</VALPOS>
     <DDLANGUAGE>1</DDLANGUAGE>
     <DOMVALUE_L>C</DOMVALUE_L>
     <DDTEXT>创建</DDTEXT>
    </DD07V>
    <DD07V>
     <DOMNAME>ZDMHR_ZHR_STATUS</DOMNAME>
     <VALPOS>0002</VALPOS>
     <DDLANGUAGE>1</DDLANGUAGE>
     <DOMVALUE_L>Y</DOMVALUE_L>
     <DDTEXT>审批中</DDTEXT>
    </DD07V>
    <DD07V>
     <DOMNAME>ZDMHR_ZHR_STATUS</DOMNAME>
     <VALPOS>0003</VALPOS>
     <DDLANGUAGE>1</DDLANGUAGE>
     <DOMVALUE_L>F</DOMVALUE_L>
     <DDTEXT>同意</DDTEXT>
    </DD07V>
    <DD07V>
     <DOMNAME>ZDMHR_ZHR_STATUS</DOMNAME>
     <VALPOS>0004</VALPOS>
     <DDLANGUAGE>1</DDLANGUAGE>
     <DOMVALUE_L>J</DOMVALUE_L>
     <DDTEXT>拒绝</DDTEXT>
    </DD07V>
    <DD07V>
     <DOMNAME>ZDMHR_ZHR_STATUS</DOMNAME>
     <VALPOS>0005</VALPOS>
     <DDLANGUAGE>1</DDLANGUAGE>
     <DOMVALUE_L>T</DOMVALUE_L>
     <DDTEXT>退回修改</DDTEXT>
    </DD07V>
    <DD07V>
     <DOMNAME>ZDMHR_ZHR_STATUS</DOMNAME>
     <VALPOS>0006</VALPOS>
     <DDLANGUAGE>1</DDLANGUAGE>
     <DOMVALUE_L>Z</DOMVALUE_L>
     <DDTEXT>作废</DDTEXT>
    </DD07V>
   </DD07V_TAB>
  </asx:values>
 </asx:abap>
</abapGit>
