﻿<?xml version="1.0" encoding="utf-8"?>
<abapGit version="v1.0.0" serializer="LCL_OBJECT_DOMA" serializer_version="v1.0.0">
 <asx:abap xmlns:asx="http://www.sap.com/abapxml" version="1.0">
  <asx:values>
   <DD01V>
    <DOMNAME>ZDMHR_DELX</DOMNAME>
    <DDLANGUAGE>1</DDLANGUAGE>
    <DATATYPE>CHAR</DATATYPE>
    <LENG>000002</LENG>
    <OUTPUTLEN>000002</OUTPUTLEN>
    <VALEXI>X</VALEXI>
    <DDTEXT>定额类型</DDTEXT>
   </DD01V>
   <DD07V_TAB>
    <DD07V>
     <DOMNAME>ZDMHR_DELX</DOMNAME>
     <VALPOS>0001</VALPOS>
     <DDLANGUAGE>1</DDLANGUAGE>
     <DOMVALUE_L>15</DOMVALUE_L>
     <DDTEXT>调休假定额05</DDTEXT>
    </DD07V>
    <DD07V>
     <DOMNAME>ZDMHR_DELX</DOMNAME>
     <VALPOS>0002</VALPOS>
     <DDLANGUAGE>1</DDLANGUAGE>
     <DOMVALUE_L>16</DOMVALUE_L>
     <DDTEXT>调休假定额10</DDTEXT>
    </DD07V>
    <DD07V>
     <DOMNAME>ZDMHR_DELX</DOMNAME>
     <VALPOS>0003</VALPOS>
     <DDLANGUAGE>1</DDLANGUAGE>
     <DOMVALUE_L>17</DOMVALUE_L>
     <DDTEXT>调休假定额15</DDTEXT>
    </DD07V>
    <DD07V>
     <DOMNAME>ZDMHR_DELX</DOMNAME>
     <VALPOS>0004</VALPOS>
     <DDLANGUAGE>1</DDLANGUAGE>
     <DOMVALUE_L>18</DOMVALUE_L>
     <DDTEXT>调休假定额20</DDTEXT>
    </DD07V>
    <DD07V>
     <DOMNAME>ZDMHR_DELX</DOMNAME>
     <VALPOS>0005</VALPOS>
     <DDLANGUAGE>1</DDLANGUAGE>
     <DOMVALUE_L>19</DOMVALUE_L>
     <DDTEXT>调休假定额30</DDTEXT>
    </DD07V>
    <DD07V>
     <DOMNAME>ZDMHR_DELX</DOMNAME>
     <VALPOS>0006</VALPOS>
     <DDLANGUAGE>1</DDLANGUAGE>
     <DOMVALUE_L>12</DOMVALUE_L>
     <DDTEXT>年休假（正式）定额</DDTEXT>
    </DD07V>
   </DD07V_TAB>
  </asx:values>
 </asx:abap>
</abapGit>
