﻿<?xml version="1.0" encoding="utf-8"?>
<abapGit version="v1.0.0" serializer="LCL_OBJECT_DOMA" serializer_version="v1.0.0">
 <asx:abap xmlns:asx="http://www.sap.com/abapxml" version="1.0">
  <asx:values>
   <DD01V>
    <DOMNAME>ZDMHR_RYF2</DOMNAME>
    <DDLANGUAGE>1</DDLANGUAGE>
    <DATATYPE>CHAR</DATATYPE>
    <LENG>000002</LENG>
    <OUTPUTLEN>000002</OUTPUTLEN>
    <VALEXI>X</VALEXI>
    <CONVEXIT>ZHRYF</CONVEXIT>
    <DDTEXT>月份</DDTEXT>
   </DD01V>
   <DD07V_TAB>
    <DD07V>
     <DOMNAME>ZDMHR_RYF2</DOMNAME>
     <VALPOS>0001</VALPOS>
     <DDLANGUAGE>1</DDLANGUAGE>
     <DOMVALUE_L>02</DOMVALUE_L>
     <DDTEXT>编制年1月</DDTEXT>
    </DD07V>
    <DD07V>
     <DOMNAME>ZDMHR_RYF2</DOMNAME>
     <VALPOS>0002</VALPOS>
     <DDLANGUAGE>1</DDLANGUAGE>
     <DOMVALUE_L>03</DOMVALUE_L>
     <DDTEXT>编制年2月</DDTEXT>
    </DD07V>
    <DD07V>
     <DOMNAME>ZDMHR_RYF2</DOMNAME>
     <VALPOS>0003</VALPOS>
     <DDLANGUAGE>1</DDLANGUAGE>
     <DOMVALUE_L>04</DOMVALUE_L>
     <DDTEXT>编制年3月</DDTEXT>
    </DD07V>
    <DD07V>
     <DOMNAME>ZDMHR_RYF2</DOMNAME>
     <VALPOS>0004</VALPOS>
     <DDLANGUAGE>1</DDLANGUAGE>
     <DOMVALUE_L>05</DOMVALUE_L>
     <DDTEXT>编制年4月</DDTEXT>
    </DD07V>
    <DD07V>
     <DOMNAME>ZDMHR_RYF2</DOMNAME>
     <VALPOS>0005</VALPOS>
     <DDLANGUAGE>1</DDLANGUAGE>
     <DOMVALUE_L>06</DOMVALUE_L>
     <DDTEXT>编制年5月</DDTEXT>
    </DD07V>
    <DD07V>
     <DOMNAME>ZDMHR_RYF2</DOMNAME>
     <VALPOS>0006</VALPOS>
     <DDLANGUAGE>1</DDLANGUAGE>
     <DOMVALUE_L>07</DOMVALUE_L>
     <DDTEXT>编制年6月</DDTEXT>
    </DD07V>
    <DD07V>
     <DOMNAME>ZDMHR_RYF2</DOMNAME>
     <VALPOS>0007</VALPOS>
     <DDLANGUAGE>1</DDLANGUAGE>
     <DOMVALUE_L>08</DOMVALUE_L>
     <DDTEXT>编制年7月</DDTEXT>
    </DD07V>
    <DD07V>
     <DOMNAME>ZDMHR_RYF2</DOMNAME>
     <VALPOS>0008</VALPOS>
     <DDLANGUAGE>1</DDLANGUAGE>
     <DOMVALUE_L>09</DOMVALUE_L>
     <DDTEXT>编制年8月</DDTEXT>
    </DD07V>
    <DD07V>
     <DOMNAME>ZDMHR_RYF2</DOMNAME>
     <VALPOS>0009</VALPOS>
     <DDLANGUAGE>1</DDLANGUAGE>
     <DOMVALUE_L>10</DOMVALUE_L>
     <DDTEXT>编制年9月</DDTEXT>
    </DD07V>
    <DD07V>
     <DOMNAME>ZDMHR_RYF2</DOMNAME>
     <VALPOS>0010</VALPOS>
     <DDLANGUAGE>1</DDLANGUAGE>
     <DOMVALUE_L>11</DOMVALUE_L>
     <DDTEXT>编制年10月</DDTEXT>
    </DD07V>
    <DD07V>
     <DOMNAME>ZDMHR_RYF2</DOMNAME>
     <VALPOS>0011</VALPOS>
     <DDLANGUAGE>1</DDLANGUAGE>
     <DOMVALUE_L>12</DOMVALUE_L>
     <DDTEXT>编制年11月</DDTEXT>
    </DD07V>
    <DD07V>
     <DOMNAME>ZDMHR_RYF2</DOMNAME>
     <VALPOS>0012</VALPOS>
     <DDLANGUAGE>1</DDLANGUAGE>
     <DOMVALUE_L>13</DOMVALUE_L>
     <DDTEXT>编制年12月</DDTEXT>
    </DD07V>
   </DD07V_TAB>
  </asx:values>
 </asx:abap>
</abapGit>
