﻿<?xml version="1.0" encoding="utf-8"?>
<abapGit version="v1.0.0" serializer="LCL_OBJECT_DOMA" serializer_version="v1.0.0">
 <asx:abap xmlns:asx="http://www.sap.com/abapxml" version="1.0">
  <asx:values>
   <DD01V>
    <DOMNAME>ZDMHR_HJGCJSX</DOMNAME>
    <DDLANGUAGE>1</DDLANGUAGE>
    <DATATYPE>CHAR</DATATYPE>
    <LENG>000002</LENG>
    <OUTPUTLEN>000002</OUTPUTLEN>
    <VALEXI>X</VALEXI>
    <DDTEXT>机构层级</DDTEXT>
   </DD01V>
   <DD07V_TAB>
    <DD07V>
     <DOMNAME>ZDMHR_HJGCJSX</DOMNAME>
     <VALPOS>0001</VALPOS>
     <DDLANGUAGE>1</DDLANGUAGE>
     <DOMVALUE_L>00</DOMVALUE_L>
     <DDTEXT>区域最高级</DDTEXT>
    </DD07V>
    <DD07V>
     <DOMNAME>ZDMHR_HJGCJSX</DOMNAME>
     <VALPOS>0002</VALPOS>
     <DDLANGUAGE>1</DDLANGUAGE>
     <DOMVALUE_L>10</DOMVALUE_L>
     <DDTEXT>总部级</DDTEXT>
    </DD07V>
    <DD07V>
     <DOMNAME>ZDMHR_HJGCJSX</DOMNAME>
     <VALPOS>0003</VALPOS>
     <DDLANGUAGE>1</DDLANGUAGE>
     <DOMVALUE_L>20</DOMVALUE_L>
     <DDTEXT>共享中心</DDTEXT>
    </DD07V>
    <DD07V>
     <DOMNAME>ZDMHR_HJGCJSX</DOMNAME>
     <VALPOS>0004</VALPOS>
     <DDLANGUAGE>1</DDLANGUAGE>
     <DOMVALUE_L>30</DOMVALUE_L>
     <DDTEXT>事业部级</DDTEXT>
    </DD07V>
    <DD07V>
     <DOMNAME>ZDMHR_HJGCJSX</DOMNAME>
     <VALPOS>0005</VALPOS>
     <DDLANGUAGE>1</DDLANGUAGE>
     <DOMVALUE_L>40</DOMVALUE_L>
     <DDTEXT>公司级</DDTEXT>
    </DD07V>
   </DD07V_TAB>
   <I18N_LANGS>
    <LANGU>E</LANGU>
   </I18N_LANGS>
   <DD01_TEXTS>
    <item>
     <DDLANGUAGE>E</DDLANGUAGE>
     <DDTEXT>Establishment level</DDTEXT>
    </item>
   </DD01_TEXTS>
   <DD07_TEXTS>
    <item>
     <VALPOS>0001</VALPOS>
     <DDLANGUAGE>E</DDLANGUAGE>
     <DOMVALUE_L>00</DOMVALUE_L>
     <DDTEXT>Regional superlative</DDTEXT>
    </item>
    <item>
     <VALPOS>0002</VALPOS>
     <DDLANGUAGE>E</DDLANGUAGE>
     <DOMVALUE_L>10</DOMVALUE_L>
     <DDTEXT>Headquarters level</DDTEXT>
    </item>
    <item>
     <VALPOS>0003</VALPOS>
     <DDLANGUAGE>E</DDLANGUAGE>
     <DOMVALUE_L>20</DOMVALUE_L>
     <DDTEXT>Sharing center</DDTEXT>
    </item>
    <item>
     <VALPOS>0004</VALPOS>
     <DDLANGUAGE>E</DDLANGUAGE>
     <DOMVALUE_L>30</DOMVALUE_L>
     <DDTEXT>Career ministry</DDTEXT>
    </item>
    <item>
     <VALPOS>0005</VALPOS>
     <DDLANGUAGE>E</DDLANGUAGE>
     <DOMVALUE_L>40</DOMVALUE_L>
     <DDTEXT>The corporate level</DDTEXT>
    </item>
   </DD07_TEXTS>
  </asx:values>
 </asx:abap>
</abapGit>
