﻿<?xml version="1.0" encoding="utf-8"?>
<abapGit version="v1.0.0" serializer="LCL_OBJECT_DOMA" serializer_version="v1.0.0">
 <asx:abap xmlns:asx="http://www.sap.com/abapxml" version="1.0">
  <asx:values>
   <DD01V>
    <DOMNAME>ZDQYFL</DOMNAME>
    <DDLANGUAGE>1</DDLANGUAGE>
    <DATATYPE>CHAR</DATATYPE>
    <LENG>000002</LENG>
    <OUTPUTLEN>000002</OUTPUTLEN>
    <VALEXI>X</VALEXI>
    <DDTEXT>区分分类</DDTEXT>
   </DD01V>
   <DD07V_TAB>
    <DD07V>
     <DOMNAME>ZDQYFL</DOMNAME>
     <VALPOS>0001</VALPOS>
     <DDLANGUAGE>1</DDLANGUAGE>
     <DOMVALUE_L>10</DOMVALUE_L>
     <DDTEXT>华东区</DDTEXT>
    </DD07V>
    <DD07V>
     <DOMNAME>ZDQYFL</DOMNAME>
     <VALPOS>0002</VALPOS>
     <DDLANGUAGE>1</DDLANGUAGE>
     <DOMVALUE_L>20</DOMVALUE_L>
     <DDTEXT>华南区</DDTEXT>
    </DD07V>
    <DD07V>
     <DOMNAME>ZDQYFL</DOMNAME>
     <VALPOS>0003</VALPOS>
     <DDLANGUAGE>1</DDLANGUAGE>
     <DOMVALUE_L>30</DOMVALUE_L>
     <DDTEXT>华西区</DDTEXT>
    </DD07V>
    <DD07V>
     <DOMNAME>ZDQYFL</DOMNAME>
     <VALPOS>0004</VALPOS>
     <DDLANGUAGE>1</DDLANGUAGE>
     <DOMVALUE_L>40</DOMVALUE_L>
     <DDTEXT>华北区</DDTEXT>
    </DD07V>
    <DD07V>
     <DOMNAME>ZDQYFL</DOMNAME>
     <VALPOS>0005</VALPOS>
     <DDLANGUAGE>1</DDLANGUAGE>
     <DOMVALUE_L>50</DOMVALUE_L>
     <DDTEXT>华中区</DDTEXT>
    </DD07V>
    <DD07V>
     <DOMNAME>ZDQYFL</DOMNAME>
     <VALPOS>0006</VALPOS>
     <DDLANGUAGE>1</DDLANGUAGE>
     <DOMVALUE_L>65</DOMVALUE_L>
     <DDTEXT>TLSSUE-华东</DDTEXT>
    </DD07V>
    <DD07V>
     <DOMNAME>ZDQYFL</DOMNAME>
     <VALPOS>0007</VALPOS>
     <DDLANGUAGE>1</DDLANGUAGE>
     <DOMVALUE_L>70</DOMVALUE_L>
     <DDTEXT>TISSUE-华南区</DDTEXT>
    </DD07V>
    <DD07V>
     <DOMNAME>ZDQYFL</DOMNAME>
     <VALPOS>0008</VALPOS>
     <DDLANGUAGE>1</DDLANGUAGE>
     <DOMVALUE_L>75</DOMVALUE_L>
     <DDTEXT>TISSUE-华西区</DDTEXT>
    </DD07V>
    <DD07V>
     <DOMNAME>ZDQYFL</DOMNAME>
     <VALPOS>0009</VALPOS>
     <DDLANGUAGE>1</DDLANGUAGE>
     <DOMVALUE_L>80</DOMVALUE_L>
     <DDTEXT>TISSUE-华北区</DDTEXT>
    </DD07V>
    <DD07V>
     <DOMNAME>ZDQYFL</DOMNAME>
     <VALPOS>0010</VALPOS>
     <DDLANGUAGE>1</DDLANGUAGE>
     <DOMVALUE_L>85</DOMVALUE_L>
     <DDTEXT>TISSUE-华北二区</DDTEXT>
    </DD07V>
    <DD07V>
     <DOMNAME>ZDQYFL</DOMNAME>
     <VALPOS>0011</VALPOS>
     <DDLANGUAGE>1</DDLANGUAGE>
     <DOMVALUE_L>90</DOMVALUE_L>
     <DDTEXT>TISSUE-华中区</DDTEXT>
    </DD07V>
   </DD07V_TAB>
  </asx:values>
 </asx:abap>
</abapGit>
