﻿<?xml version="1.0" encoding="utf-8"?>
<abapGit version="v1.0.0" serializer="LCL_OBJECT_DOMA" serializer_version="v1.0.0">
 <asx:abap xmlns:asx="http://www.sap.com/abapxml" version="1.0">
  <asx:values>
   <DD01V>
    <DOMNAME>ZFYLB</DOMNAME>
    <DDLANGUAGE>1</DDLANGUAGE>
    <DATATYPE>CHAR</DATATYPE>
    <LENG>000004</LENG>
    <OUTPUTLEN>000004</OUTPUTLEN>
    <VALEXI>X</VALEXI>
    <DDTEXT>费用类别</DDTEXT>
   </DD01V>
   <DD07V_TAB>
    <DD07V>
     <DOMNAME>ZFYLB</DOMNAME>
     <VALPOS>0001</VALPOS>
     <DDLANGUAGE>1</DDLANGUAGE>
     <DOMVALUE_L>9000</DOMVALUE_L>
     <DDTEXT>停车费扣款</DDTEXT>
    </DD07V>
    <DD07V>
     <DOMNAME>ZFYLB</DOMNAME>
     <VALPOS>0002</VALPOS>
     <DDLANGUAGE>1</DDLANGUAGE>
     <DOMVALUE_L>9001</DOMVALUE_L>
     <DDTEXT>司机加班</DDTEXT>
    </DD07V>
    <DD07V>
     <DOMNAME>ZFYLB</DOMNAME>
     <VALPOS>0003</VALPOS>
     <DDLANGUAGE>1</DDLANGUAGE>
     <DOMVALUE_L>9002</DOMVALUE_L>
     <DDTEXT>司机津贴</DDTEXT>
    </DD07V>
    <DD07V>
     <DOMNAME>ZFYLB</DOMNAME>
     <VALPOS>0004</VALPOS>
     <DDLANGUAGE>1</DDLANGUAGE>
     <DOMVALUE_L>9003</DOMVALUE_L>
     <DDTEXT>CCD奖金</DDTEXT>
    </DD07V>
    <DD07V>
     <DOMNAME>ZFYLB</DOMNAME>
     <VALPOS>0005</VALPOS>
     <DDLANGUAGE>1</DDLANGUAGE>
     <DOMVALUE_L>9004</DOMVALUE_L>
     <DDTEXT>行政手机费</DDTEXT>
    </DD07V>
    <DD07V>
     <DOMNAME>ZFYLB</DOMNAME>
     <VALPOS>0006</VALPOS>
     <DDLANGUAGE>1</DDLANGUAGE>
     <DOMVALUE_L>9005</DOMVALUE_L>
     <DDTEXT>保费扣款(外籍）</DDTEXT>
    </DD07V>
    <DD07V>
     <DOMNAME>ZFYLB</DOMNAME>
     <VALPOS>0007</VALPOS>
     <DDLANGUAGE>1</DDLANGUAGE>
     <DOMVALUE_L>9006</DOMVALUE_L>
     <DDTEXT>行政-住宿费扣款</DDTEXT>
    </DD07V>
    <DD07V>
     <DOMNAME>ZFYLB</DOMNAME>
     <VALPOS>0008</VALPOS>
     <DDLANGUAGE>1</DDLANGUAGE>
     <DOMVALUE_L>9007</DOMVALUE_L>
     <DDTEXT>员工捐助</DDTEXT>
    </DD07V>
    <DD07V>
     <DOMNAME>ZFYLB</DOMNAME>
     <VALPOS>0009</VALPOS>
     <DDLANGUAGE>1</DDLANGUAGE>
     <DOMVALUE_L>9008</DOMVALUE_L>
     <DDTEXT>员工捐助（仅计税）</DDTEXT>
    </DD07V>
    <DD07V>
     <DOMNAME>ZFYLB</DOMNAME>
     <VALPOS>0010</VALPOS>
     <DDLANGUAGE>1</DDLANGUAGE>
     <DOMVALUE_L>9009</DOMVALUE_L>
     <DDTEXT>绩效奖金系数</DDTEXT>
    </DD07V>
   </DD07V_TAB>
  </asx:values>
 </asx:abap>
</abapGit>
