﻿<?xml version="1.0" encoding="utf-8"?>
<abapGit version="v1.0.0" serializer="LCL_OBJECT_DOMA" serializer_version="v1.0.0">
 <asx:abap xmlns:asx="http://www.sap.com/abapxml" version="1.0">
  <asx:values>
   <DD01V>
    <DOMNAME>ZHJCLB</DOMNAME>
    <DDLANGUAGE>1</DDLANGUAGE>
    <DATATYPE>CHAR</DATATYPE>
    <LENG>000002</LENG>
    <OUTPUTLEN>000002</OUTPUTLEN>
    <VALEXI>X</VALEXI>
    <DDTEXT>奖惩类别</DDTEXT>
   </DD01V>
   <DD07V_TAB>
    <DD07V>
     <DOMNAME>ZHJCLB</DOMNAME>
     <VALPOS>0001</VALPOS>
     <DDLANGUAGE>1</DDLANGUAGE>
     <DOMVALUE_L>Z1</DOMVALUE_L>
     <DDTEXT>嘉奖</DDTEXT>
    </DD07V>
    <DD07V>
     <DOMNAME>ZHJCLB</DOMNAME>
     <VALPOS>0002</VALPOS>
     <DDLANGUAGE>1</DDLANGUAGE>
     <DOMVALUE_L>Z2</DOMVALUE_L>
     <DDTEXT>记功</DDTEXT>
    </DD07V>
    <DD07V>
     <DOMNAME>ZHJCLB</DOMNAME>
     <VALPOS>0003</VALPOS>
     <DDLANGUAGE>1</DDLANGUAGE>
     <DOMVALUE_L>Z3</DOMVALUE_L>
     <DDTEXT>记大功</DDTEXT>
    </DD07V>
    <DD07V>
     <DOMNAME>ZHJCLB</DOMNAME>
     <VALPOS>0004</VALPOS>
     <DDLANGUAGE>1</DDLANGUAGE>
     <DOMVALUE_L>Z4</DOMVALUE_L>
     <DDTEXT>特别嘉奖</DDTEXT>
    </DD07V>
    <DD07V>
     <DOMNAME>ZHJCLB</DOMNAME>
     <VALPOS>0005</VALPOS>
     <DDLANGUAGE>1</DDLANGUAGE>
     <DOMVALUE_L>Y1</DOMVALUE_L>
     <DDTEXT>警告</DDTEXT>
    </DD07V>
    <DD07V>
     <DOMNAME>ZHJCLB</DOMNAME>
     <VALPOS>0006</VALPOS>
     <DDLANGUAGE>1</DDLANGUAGE>
     <DOMVALUE_L>Y2</DOMVALUE_L>
     <DDTEXT>记过</DDTEXT>
    </DD07V>
    <DD07V>
     <DOMNAME>ZHJCLB</DOMNAME>
     <VALPOS>0007</VALPOS>
     <DDLANGUAGE>1</DDLANGUAGE>
     <DOMVALUE_L>Y3</DOMVALUE_L>
     <DDTEXT>记大过</DDTEXT>
    </DD07V>
    <DD07V>
     <DOMNAME>ZHJCLB</DOMNAME>
     <VALPOS>0008</VALPOS>
     <DDLANGUAGE>1</DDLANGUAGE>
     <DOMVALUE_L>Y4</DOMVALUE_L>
     <DDTEXT>违纪辞退</DDTEXT>
    </DD07V>
   </DD07V_TAB>
  </asx:values>
 </asx:abap>
</abapGit>
