﻿<?xml version="1.0" encoding="utf-8"?>
<abapGit version="v1.0.0" serializer="LCL_OBJECT_DOMA" serializer_version="v1.0.0">
 <asx:abap xmlns:asx="http://www.sap.com/abapxml" version="1.0">
  <asx:values>
   <DD01V>
    <DOMNAME>ZHRBTZD</DOMNAME>
    <DDLANGUAGE>1</DDLANGUAGE>
    <DATATYPE>CHAR</DATATYPE>
    <LENG>000010</LENG>
    <OUTPUTLEN>000010</OUTPUTLEN>
    <VALEXI>X</VALEXI>
    <DDTEXT>表头字段</DDTEXT>
   </DD01V>
   <DD07V_TAB>
    <DD07V>
     <DOMNAME>ZHRBTZD</DOMNAME>
     <VALPOS>0001</VALPOS>
     <DDLANGUAGE>1</DDLANGUAGE>
     <DOMVALUE_L>YEARM</DOMVALUE_L>
     <DDTEXT>年月</DDTEXT>
    </DD07V>
    <DD07V>
     <DOMNAME>ZHRBTZD</DOMNAME>
     <VALPOS>0002</VALPOS>
     <DDLANGUAGE>1</DDLANGUAGE>
     <DOMVALUE_L>ZHJGCJSX</DOMVALUE_L>
     <DDTEXT>事业部</DDTEXT>
    </DD07V>
    <DD07V>
     <DOMNAME>ZHRBTZD</DOMNAME>
     <VALPOS>0003</VALPOS>
     <DDLANGUAGE>1</DDLANGUAGE>
     <DOMVALUE_L>BUKRS</DOMVALUE_L>
     <DDTEXT>公司</DDTEXT>
    </DD07V>
    <DD07V>
     <DOMNAME>ZHRBTZD</DOMNAME>
     <VALPOS>0004</VALPOS>
     <DDLANGUAGE>1</DDLANGUAGE>
     <DOMVALUE_L>WERKS</DOMVALUE_L>
     <DDTEXT>人事范围</DDTEXT>
    </DD07V>
    <DD07V>
     <DOMNAME>ZHRBTZD</DOMNAME>
     <VALPOS>0005</VALPOS>
     <DDLANGUAGE>1</DDLANGUAGE>
     <DOMVALUE_L>ORGEH</DOMVALUE_L>
     <DDTEXT>部门</DDTEXT>
    </DD07V>
    <DD07V>
     <DOMNAME>ZHRBTZD</DOMNAME>
     <VALPOS>0006</VALPOS>
     <DDLANGUAGE>1</DDLANGUAGE>
     <DOMVALUE_L>KOSTL</DOMVALUE_L>
     <DDTEXT>成本中心名称</DDTEXT>
    </DD07V>
    <DD07V>
     <DOMNAME>ZHRBTZD</DOMNAME>
     <VALPOS>0007</VALPOS>
     <DDLANGUAGE>1</DDLANGUAGE>
     <DOMVALUE_L>PERNR</DOMVALUE_L>
     <DDTEXT>工号</DDTEXT>
    </DD07V>
    <DD07V>
     <DOMNAME>ZHRBTZD</DOMNAME>
     <VALPOS>0008</VALPOS>
     <DDLANGUAGE>1</DDLANGUAGE>
     <DOMVALUE_L>NACHN</DOMVALUE_L>
     <DDTEXT>姓名</DDTEXT>
    </DD07V>
    <DD07V>
     <DOMNAME>ZHRBTZD</DOMNAME>
     <VALPOS>0009</VALPOS>
     <DDLANGUAGE>1</DDLANGUAGE>
     <DOMVALUE_L>GESCH</DOMVALUE_L>
     <DDTEXT>性别</DDTEXT>
    </DD07V>
    <DD07V>
     <DOMNAME>ZHRBTZD</DOMNAME>
     <VALPOS>0010</VALPOS>
     <DDLANGUAGE>1</DDLANGUAGE>
     <DOMVALUE_L>GBDAT</DOMVALUE_L>
     <DDTEXT>出生日期</DDTEXT>
    </DD07V>
    <DD07V>
     <DOMNAME>ZHRBTZD</DOMNAME>
     <VALPOS>0011</VALPOS>
     <DDLANGUAGE>1</DDLANGUAGE>
     <DOMVALUE_L>PERSG</DOMVALUE_L>
     <DDTEXT>员工组</DDTEXT>
    </DD07V>
    <DD07V>
     <DOMNAME>ZHRBTZD</DOMNAME>
     <VALPOS>0012</VALPOS>
     <DDLANGUAGE>1</DDLANGUAGE>
     <DOMVALUE_L>PERSK</DOMVALUE_L>
     <DDTEXT>员工子组</DDTEXT>
    </DD07V>
    <DD07V>
     <DOMNAME>ZHRBTZD</DOMNAME>
     <VALPOS>0013</VALPOS>
     <DDLANGUAGE>1</DDLANGUAGE>
     <DOMVALUE_L>PLANS</DOMVALUE_L>
     <DDTEXT>职位</DDTEXT>
    </DD07V>
    <DD07V>
     <DOMNAME>ZHRBTZD</DOMNAME>
     <VALPOS>0014</VALPOS>
     <DDLANGUAGE>1</DDLANGUAGE>
     <DOMVALUE_L>POSLV</DOMVALUE_L>
     <DDTEXT>职等</DDTEXT>
    </DD07V>
    <DD07V>
     <DOMNAME>ZHRBTZD</DOMNAME>
     <VALPOS>0015</VALPOS>
     <DDLANGUAGE>1</DDLANGUAGE>
     <DOMVALUE_L>JOBTY</DOMVALUE_L>
     <DDTEXT>职位级别</DDTEXT>
    </DD07V>
    <DD07V>
     <DOMNAME>ZHRBTZD</DOMNAME>
     <VALPOS>0016</VALPOS>
     <DDLANGUAGE>1</DDLANGUAGE>
     <DOMVALUE_L>STELL</DOMVALUE_L>
     <DDTEXT>职务</DDTEXT>
    </DD07V>
    <DD07V>
     <DOMNAME>ZHRBTZD</DOMNAME>
     <VALPOS>0017</VALPOS>
     <DDLANGUAGE>1</DDLANGUAGE>
     <DOMVALUE_L>DAR01</DOMVALUE_L>
     <DDTEXT>入集团日期</DDTEXT>
    </DD07V>
    <DD07V>
     <DOMNAME>ZHRBTZD</DOMNAME>
     <VALPOS>0018</VALPOS>
     <DDLANGUAGE>1</DDLANGUAGE>
     <DOMVALUE_L>DAR03</DOMVALUE_L>
     <DDTEXT>入公司日期</DDTEXT>
    </DD07V>
    <DD07V>
     <DOMNAME>ZHRBTZD</DOMNAME>
     <VALPOS>0019</VALPOS>
     <DDLANGUAGE>1</DDLANGUAGE>
     <DOMVALUE_L>TERMIN</DOMVALUE_L>
     <DDTEXT>离职日期</DDTEXT>
    </DD07V>
    <DD07V>
     <DOMNAME>ZHRBTZD</DOMNAME>
     <VALPOS>0020</VALPOS>
     <DDLANGUAGE>1</DDLANGUAGE>
     <DOMVALUE_L>STAT2</DOMVALUE_L>
     <DDTEXT>雇佣状态</DDTEXT>
    </DD07V>
    <DD07V>
     <DOMNAME>ZHRBTZD</DOMNAME>
     <VALPOS>0021</VALPOS>
     <DDLANGUAGE>1</DDLANGUAGE>
     <DOMVALUE_L>TRFAR</DOMVALUE_L>
     <DDTEXT>工资类型</DDTEXT>
    </DD07V>
    <DD07V>
     <DOMNAME>ZHRBTZD</DOMNAME>
     <VALPOS>0022</VALPOS>
     <DDLANGUAGE>1</DDLANGUAGE>
     <DOMVALUE_L>ICNUM</DOMVALUE_L>
     <DDTEXT>身份证号</DDTEXT>
    </DD07V>
    <DD07V>
     <DOMNAME>ZHRBTZD</DOMNAME>
     <VALPOS>0023</VALPOS>
     <DDLANGUAGE>1</DDLANGUAGE>
     <DOMVALUE_L>BKREF</DOMVALUE_L>
     <DDTEXT>银行账号</DDTEXT>
    </DD07V>
    <DD07V>
     <DOMNAME>ZHRBTZD</DOMNAME>
     <VALPOS>0024</VALPOS>
     <DDLANGUAGE>1</DDLANGUAGE>
     <DOMVALUE_L>TXARE</DOMVALUE_L>
     <DDTEXT>征税地区</DDTEXT>
    </DD07V>
    <DD07V>
     <DOMNAME>ZHRBTZD</DOMNAME>
     <VALPOS>0025</VALPOS>
     <DDLANGUAGE>1</DDLANGUAGE>
     <DOMVALUE_L>EETYP</DOMVALUE_L>
     <DDTEXT>员工税类型</DDTEXT>
    </DD07V>
    <DD07V>
     <DOMNAME>ZHRBTZD</DOMNAME>
     <VALPOS>0026</VALPOS>
     <DDLANGUAGE>1</DDLANGUAGE>
     <DOMVALUE_L>TAXGP</DOMVALUE_L>
     <DDTEXT>税组</DDTEXT>
    </DD07V>
    <DD07V>
     <DOMNAME>ZHRBTZD</DOMNAME>
     <VALPOS>0027</VALPOS>
     <DDLANGUAGE>1</DDLANGUAGE>
     <DOMVALUE_L>CONAR</DOMVALUE_L>
     <DDTEXT>公积金缴纳地区</DDTEXT>
    </DD07V>
    <DD07V>
     <DOMNAME>ZHRBTZD</DOMNAME>
     <VALPOS>0028</VALPOS>
     <DDLANGUAGE>1</DDLANGUAGE>
     <DOMVALUE_L>PHF</DOMVALUE_L>
     <DDTEXT>公积金缴纳方式</DDTEXT>
    </DD07V>
    <DD07V>
     <DOMNAME>ZHRBTZD</DOMNAME>
     <VALPOS>0029</VALPOS>
     <DDLANGUAGE>1</DDLANGUAGE>
     <DOMVALUE_L>YLDQ</DOMVALUE_L>
     <DDTEXT>养老保险缴纳地区</DDTEXT>
    </DD07V>
    <DD07V>
     <DOMNAME>ZHRBTZD</DOMNAME>
     <VALPOS>0030</VALPOS>
     <DDLANGUAGE>1</DDLANGUAGE>
     <DOMVALUE_L>YLBX</DOMVALUE_L>
     <DDTEXT>养老保险缴纳方式</DDTEXT>
    </DD07V>
    <DD07V>
     <DOMNAME>ZHRBTZD</DOMNAME>
     <VALPOS>0031</VALPOS>
     <DDLANGUAGE>1</DDLANGUAGE>
     <DOMVALUE_L>SYDQ</DOMVALUE_L>
     <DDTEXT>失业保险缴纳地区</DDTEXT>
    </DD07V>
    <DD07V>
     <DOMNAME>ZHRBTZD</DOMNAME>
     <VALPOS>0032</VALPOS>
     <DDLANGUAGE>1</DDLANGUAGE>
     <DOMVALUE_L>SYBX</DOMVALUE_L>
     <DDTEXT>失业保险缴纳方式</DDTEXT>
    </DD07V>
    <DD07V>
     <DOMNAME>ZHRBTZD</DOMNAME>
     <VALPOS>0033</VALPOS>
     <DDLANGUAGE>1</DDLANGUAGE>
     <DOMVALUE_L>YBDQ</DOMVALUE_L>
     <DDTEXT>医疗保险缴纳地区</DDTEXT>
    </DD07V>
    <DD07V>
     <DOMNAME>ZHRBTZD</DOMNAME>
     <VALPOS>0034</VALPOS>
     <DDLANGUAGE>1</DDLANGUAGE>
     <DOMVALUE_L>YBBX</DOMVALUE_L>
     <DDTEXT>医疗保险缴纳方式</DDTEXT>
    </DD07V>
    <DD07V>
     <DOMNAME>ZHRBTZD</DOMNAME>
     <VALPOS>0035</VALPOS>
     <DDLANGUAGE>1</DDLANGUAGE>
     <DOMVALUE_L>GSDQ</DOMVALUE_L>
     <DDTEXT>工伤保险缴纳地区</DDTEXT>
    </DD07V>
    <DD07V>
     <DOMNAME>ZHRBTZD</DOMNAME>
     <VALPOS>0036</VALPOS>
     <DDLANGUAGE>1</DDLANGUAGE>
     <DOMVALUE_L>GSBX</DOMVALUE_L>
     <DDTEXT>工伤保险缴纳方式</DDTEXT>
    </DD07V>
    <DD07V>
     <DOMNAME>ZHRBTZD</DOMNAME>
     <VALPOS>0037</VALPOS>
     <DDLANGUAGE>1</DDLANGUAGE>
     <DOMVALUE_L>LGART1</DOMVALUE_L>
     <DDTEXT>累计税基</DDTEXT>
    </DD07V>
    <DD07V>
     <DOMNAME>ZHRBTZD</DOMNAME>
     <VALPOS>0038</VALPOS>
     <DDLANGUAGE>1</DDLANGUAGE>
     <DOMVALUE_L>LGART2</DOMVALUE_L>
     <DDTEXT>累计扣个税</DDTEXT>
    </DD07V>
    <DD07V>
     <DOMNAME>ZHRBTZD</DOMNAME>
     <VALPOS>0039</VALPOS>
     <DDLANGUAGE>1</DDLANGUAGE>
     <DOMVALUE_L>TXPCT</DOMVALUE_L>
     <DDTEXT>速算扣除百分比</DDTEXT>
    </DD07V>
    <DD07V>
     <DOMNAME>ZHRBTZD</DOMNAME>
     <VALPOS>0040</VALPOS>
     <DDLANGUAGE>1</DDLANGUAGE>
     <DOMVALUE_L>TXACC</DOMVALUE_L>
     <DDTEXT>速算扣除数</DDTEXT>
    </DD07V>
    <DD07V>
     <DOMNAME>ZHRBTZD</DOMNAME>
     <VALPOS>0041</VALPOS>
     <DDLANGUAGE>1</DDLANGUAGE>
     <DOMVALUE_L>NUM</DOMVALUE_L>
     <DDTEXT>人数</DDTEXT>
    </DD07V>
   </DD07V_TAB>
  </asx:values>
 </asx:abap>
</abapGit>
