﻿<?xml version="1.0" encoding="utf-8"?>
<abapGit version="v1.0.0" serializer="LCL_OBJECT_DOMA" serializer_version="v1.0.0">
 <asx:abap xmlns:asx="http://www.sap.com/abapxml" version="1.0">
  <asx:values>
   <DD01V>
    <DOMNAME>ZHRFL_TY</DOMNAME>
    <DDLANGUAGE>1</DDLANGUAGE>
    <DATATYPE>CHAR</DATATYPE>
    <LENG>000004</LENG>
    <OUTPUTLEN>000004</OUTPUTLEN>
    <VALEXI>X</VALEXI>
    <DDTEXT>福利费用申请类型</DDTEXT>
   </DD01V>
   <DD07V_TAB>
    <DD07V>
     <DOMNAME>ZHRFL_TY</DOMNAME>
     <VALPOS>0001</VALPOS>
     <DDLANGUAGE>1</DDLANGUAGE>
     <DOMVALUE_L>1001</DOMVALUE_L>
     <DDTEXT>贺礼金</DDTEXT>
    </DD07V>
    <DD07V>
     <DOMNAME>ZHRFL_TY</DOMNAME>
     <VALPOS>0002</VALPOS>
     <DDLANGUAGE>1</DDLANGUAGE>
     <DOMVALUE_L>1002</DOMVALUE_L>
     <DDTEXT>奠仪金</DDTEXT>
    </DD07V>
    <DD07V>
     <DOMNAME>ZHRFL_TY</DOMNAME>
     <VALPOS>0003</VALPOS>
     <DDLANGUAGE>1</DDLANGUAGE>
     <DOMVALUE_L>1003</DOMVALUE_L>
     <DDTEXT>花篮</DDTEXT>
    </DD07V>
    <DD07V>
     <DOMNAME>ZHRFL_TY</DOMNAME>
     <VALPOS>0004</VALPOS>
     <DDLANGUAGE>1</DDLANGUAGE>
     <DOMVALUE_L>1004</DOMVALUE_L>
     <DDTEXT>生育礼金</DDTEXT>
    </DD07V>
    <DD07V>
     <DOMNAME>ZHRFL_TY</DOMNAME>
     <VALPOS>0005</VALPOS>
     <DDLANGUAGE>1</DDLANGUAGE>
     <DOMVALUE_L>1005</DOMVALUE_L>
     <DDTEXT>女工费</DDTEXT>
    </DD07V>
   </DD07V_TAB>
  </asx:values>
 </asx:abap>
</abapGit>
