﻿<?xml version="1.0" encoding="utf-8"?>
<abapGit version="v1.0.0" serializer="LCL_OBJECT_DOMA" serializer_version="v1.0.0">
 <asx:abap xmlns:asx="http://www.sap.com/abapxml" version="1.0">
  <asx:values>
   <DD01V>
    <DOMNAME>ZINFTY</DOMNAME>
    <DDLANGUAGE>1</DDLANGUAGE>
    <DATATYPE>CHAR</DATATYPE>
    <LENG>000004</LENG>
    <OUTPUTLEN>000004</OUTPUTLEN>
    <VALEXI>X</VALEXI>
    <DDTEXT>信息类型</DDTEXT>
   </DD01V>
   <DD07V_TAB>
    <DD07V>
     <DOMNAME>ZINFTY</DOMNAME>
     <VALPOS>0001</VALPOS>
     <DDLANGUAGE>1</DDLANGUAGE>
     <DOMVALUE_L>0007</DOMVALUE_L>
     <DDTEXT>计划工作时间信息</DDTEXT>
    </DD07V>
    <DD07V>
     <DOMNAME>ZINFTY</DOMNAME>
     <VALPOS>0002</VALPOS>
     <DDLANGUAGE>1</DDLANGUAGE>
     <DOMVALUE_L>0050</DOMVALUE_L>
     <DDTEXT>考勤卡信息</DDTEXT>
    </DD07V>
    <DD07V>
     <DOMNAME>ZINFTY</DOMNAME>
     <VALPOS>0003</VALPOS>
     <DDLANGUAGE>1</DDLANGUAGE>
     <DOMVALUE_L>2001</DOMVALUE_L>
     <DDTEXT>缺勤信息</DDTEXT>
    </DD07V>
    <DD07V>
     <DOMNAME>ZINFTY</DOMNAME>
     <VALPOS>0004</VALPOS>
     <DDLANGUAGE>1</DDLANGUAGE>
     <DOMVALUE_L>2002</DOMVALUE_L>
     <DDTEXT>出勤信息</DDTEXT>
    </DD07V>
    <DD07V>
     <DOMNAME>ZINFTY</DOMNAME>
     <VALPOS>0005</VALPOS>
     <DDLANGUAGE>1</DDLANGUAGE>
     <DOMVALUE_L>2003</DOMVALUE_L>
     <DDTEXT>调班信息</DDTEXT>
    </DD07V>
    <DD07V>
     <DOMNAME>ZINFTY</DOMNAME>
     <VALPOS>0006</VALPOS>
     <DDLANGUAGE>1</DDLANGUAGE>
     <DOMVALUE_L>2005</DOMVALUE_L>
     <DDTEXT>加班信息</DDTEXT>
    </DD07V>
    <DD07V>
     <DOMNAME>ZINFTY</DOMNAME>
     <VALPOS>0007</VALPOS>
     <DDLANGUAGE>1</DDLANGUAGE>
     <DOMVALUE_L>2006</DOMVALUE_L>
     <DDTEXT>缺勤定额信息</DDTEXT>
    </DD07V>
    <DD07V>
     <DOMNAME>ZINFTY</DOMNAME>
     <VALPOS>0008</VALPOS>
     <DDLANGUAGE>1</DDLANGUAGE>
     <DOMVALUE_L>2007</DOMVALUE_L>
     <DDTEXT>出勤定额信息</DDTEXT>
    </DD07V>
    <DD07V>
     <DOMNAME>ZINFTY</DOMNAME>
     <VALPOS>0009</VALPOS>
     <DDLANGUAGE>1</DDLANGUAGE>
     <DOMVALUE_L>2010</DOMVALUE_L>
     <DDTEXT>员工报酬信息</DDTEXT>
    </DD07V>
    <DD07V>
     <DOMNAME>ZINFTY</DOMNAME>
     <VALPOS>0010</VALPOS>
     <DDLANGUAGE>1</DDLANGUAGE>
     <DOMVALUE_L>2011</DOMVALUE_L>
     <DDTEXT>时间事件信息</DDTEXT>
    </DD07V>
    <DD07V>
     <DOMNAME>ZINFTY</DOMNAME>
     <VALPOS>0011</VALPOS>
     <DDLANGUAGE>1</DDLANGUAGE>
     <DOMVALUE_L>2013</DOMVALUE_L>
     <DDTEXT>定额调整</DDTEXT>
    </DD07V>
    <DD07V>
     <DOMNAME>ZINFTY</DOMNAME>
     <VALPOS>0012</VALPOS>
     <DDLANGUAGE>1</DDLANGUAGE>
     <DOMVALUE_L>9301</DOMVALUE_L>
     <DDTEXT>加班补偿规定信息</DDTEXT>
    </DD07V>
    <DD07V>
     <DOMNAME>ZINFTY</DOMNAME>
     <VALPOS>0013</VALPOS>
     <DDLANGUAGE>1</DDLANGUAGE>
     <DOMVALUE_L>9303</DOMVALUE_L>
     <DDTEXT>乘坐班车信息</DDTEXT>
    </DD07V>
    <DD07V>
     <DOMNAME>ZINFTY</DOMNAME>
     <VALPOS>0014</VALPOS>
     <DDLANGUAGE>1</DDLANGUAGE>
     <DOMVALUE_L>9286</DOMVALUE_L>
     <DDTEXT>调任生活津贴</DDTEXT>
    </DD07V>
   </DD07V_TAB>
  </asx:values>
 </asx:abap>
</abapGit>
